{
  "features": [
    {
      "geometry": {
        "coordinates": [
          22.851949,
          43.974565
        ],
        "type": "Point"
      },
      "properties": {
        "calls": 2,
        "id": "123",
        "name": "Vidin Patnicheska",
        "operator_count": 1,
        "operators": [
          "CFR Călători"
        ]
      },
      "type": "Feature"
    },
    {
      "geometry": {
        "coordinates": [
          27.786977,
          47.199948
        ],
        "type": "Point"
      },
      "properties": {
        "calls": 4,
        "id": "936",
        "name": "Ungheni Prut Fr.",
        "operator_count": 1,
        "operators": [
          "CFR Călători"
        ]
      },
      "type": "Feature"
    },
    {
      "geometry": {
        "coordinates": [
          22.016129,
          47.523867
        ],
        "type": "Point"
      },
      "properties": {
        "calls": 20,
        "id": "09410",
        "name": "Nyirabrany",
        "operator_count": 1,
        "operators": [
          "CFR Călători"
        ]
      },
      "type": "Feature"
    },
    {
      "geometry": {
        "coordinates": [
          21.721945,
          47.135644
        ],
        "type": "Point"
      },
      "properties": {
        "calls": 10,
        "id": "09422",
        "name": "Biharkeresztes",
        "operator_count": 1,
        "operators": [
          "CFR Călători"
        ]
      },
      "type": "Feature"
    },
    {
      "geometry": {
        "coordinates": [
          21.478958,
          46.758621
        ],
        "type": "Point"
      },
      "properties": {
        "calls": 14,
        "id": "09446",
        "name": "Kotegyan",
        "operator_count": 1,
        "operators": [
          "CFR Călători"
        ]
      },
      "type": "Feature"
    },
    {
      "geometry": {
        "coordinates": [
          21.238042,
          46.432193
        ],
        "type": "Point"
      },
      "properties": {
        "calls": 18,
        "id": "09461",
        "name": "Lokoshaza",
        "operator_count": 1,
        "operators": [
          "CFR Călători"
        ]
      },
      "type": "Feature"
    },
    {
      "geometry": {
        "coordinates": [
          25.976744,
          43.857121
        ],
        "type": "Point"
      },
      "properties": {
        "calls": 8,
        "id": "09711",
        "name": "Ruse",
        "operator_count": 1,
        "operators": [
          "CFR Călători"
        ]
      },
      "type": "Feature"
    },
    {
      "geometry": {
        "coordinates": [
          26.073465,
          44.446652
        ],
        "type": "Point"
      },
      "properties": {
        "calls": 473,
        "id": "10017",
        "name": "Bucureşti Nord Gr.A",
        "operator_count": 7,
        "operators": [
          "Regio Călători",
          "Transferoviar Calatori",
          "Softrans",
          "InterRegional Călători",
          "Astra Trans Carpatic",
          "Ferotrafic - T.F.I. S.R.L.",
          "CFR Călători"
        ]
      },
      "type": "Feature"
    },
    {
      "geometry": {
        "coordinates": [
          26.055381,
          44.458753
        ],
        "type": "Point"
      },
      "properties": {
        "calls": 22,
        "id": "10079",
        "name": "Bucureşti Basarab h.",
        "operator_count": 1,
        "operators": [
          "CFR Călători"
        ]
      },
      "type": "Feature"
    },
    {
      "geometry": {
        "coordinates": [
          26.040908,
          44.468198
        ],
        "type": "Point"
      },
      "properties": {
        "calls": 39,
        "id": "10081",
        "name": "Carpaţi h. (900)",
        "operator_count": 2,
        "operators": [
          "Transferoviar Calatori",
          "CFR Călători"
        ]
      },
      "type": "Feature"
    },
    {
      "geometry": {
        "coordinates": [
          26.014967,
          44.475528
        ],
        "type": "Point"
      },
      "properties": {
        "calls": 56,
        "id": "10108",
        "name": "Bucureştii Noi Hm.",
        "operator_count": 2,
        "operators": [
          "Transferoviar Calatori",
          "CFR Călători"
        ]
      },
      "type": "Feature"
    },
    {
      "geometry": {
        "coordinates": [
          25.980683,
          44.470457
        ],
        "type": "Point"
      },
      "properties": {
        "calls": 58,
        "id": "10146",
        "name": "Chiajna",
        "operator_count": 2,
        "operators": [
          "Transferoviar Calatori",
          "CFR Călători"
        ]
      },
      "type": "Feature"
    },
    {
      "geometry": {
        "coordinates": [
          25.941827,
          44.432983
        ],
        "type": "Point"
      },
      "properties": {
        "calls": 8,
        "id": "10158",
        "name": "Parc Divertisment Chiajna h.",
        "operator_count": 1,
        "operators": [
          "CFR Călători"
        ]
      },
      "type": "Feature"
    },
    {
      "geometry": {
        "coordinates": [
          25.892391,
          44.406098
        ],
        "type": "Point"
      },
      "properties": {
        "calls": 45,
        "id": "10172",
        "name": "Domneştii de Sus h.",
        "operator_count": 3,
        "operators": [
          "Transferoviar Calatori",
          "Softrans",
          "CFR Călători"
        ]
      },
      "type": "Feature"
    },
    {
      "geometry": {
        "coordinates": [
          25.825095,
          44.381596
        ],
        "type": "Point"
      },
      "properties": {
        "calls": 49,
        "id": "10201",
        "name": "Grădinari Hm.",
        "operator_count": 3,
        "operators": [
          "Transferoviar Calatori",
          "Softrans",
          "CFR Călători"
        ]
      },
      "type": "Feature"
    },
    {
      "geometry": {
        "coordinates": [
          25.762152,
          44.360106
        ],
        "type": "Point"
      },
      "properties": {
        "calls": 7,
        "id": "10225",
        "name": "Zorile h.",
        "operator_count": 1,
        "operators": [
          "CFR Călători"
        ]
      },
      "type": "Feature"
    },
    {
      "geometry": {
        "coordinates": [
          25.702543,
          44.342738
        ],
        "type": "Point"
      },
      "properties": {
        "calls": 42,
        "id": "10249",
        "name": "Vadu Lat Hm.",
        "operator_count": 2,
        "operators": [
          "Transferoviar Calatori",
          "CFR Călători"
        ]
      },
      "type": "Feature"
    },
    {
      "geometry": {
        "coordinates": [
          25.646403,
          44.323022
        ],
        "type": "Point"
      },
      "properties": {
        "calls": 10,
        "id": "10251",
        "name": "Angheleşti h.",
        "operator_count": 1,
        "operators": [
          "CFR Călători"
        ]
      },
      "type": "Feature"
    },
    {
      "geometry": {
        "coordinates": [
          25.592477,
          44.302836
        ],
        "type": "Point"
      },
      "properties": {
        "calls": 10,
        "id": "10263",
        "name": "Zăvestreni Hm.",
        "operator_count": 1,
        "operators": [
          "CFR Călători"
        ]
      },
      "type": "Feature"
    },
    {
      "geometry": {
        "coordinates": [
          25.537262,
          44.284168
        ],
        "type": "Point"
      },
      "properties": {
        "calls": 95,
        "id": "10287",
        "name": "Videle",
        "operator_count": 4,
        "operators": [
          "Transferoviar Calatori",
          "Softrans",
          "Astra Trans Carpatic",
          "CFR Călători"
        ]
      },
      "type": "Feature"
    },
    {
      "geometry": {
        "coordinates": [
          25.460094,
          44.243742
        ],
        "type": "Point"
      },
      "properties": {
        "calls": 11,
        "id": "10328",
        "name": "Ciolpani Hm.",
        "operator_count": 1,
        "operators": [
          "CFR Călători"
        ]
      },
      "type": "Feature"
    },
    {
      "geometry": {
        "coordinates": [
          25.370882,
          44.210692
        ],
        "type": "Point"
      },
      "properties": {
        "calls": 60,
        "id": "10342",
        "name": "Gălăteni Hm.",
        "operator_count": 3,
        "operators": [
          "Transferoviar Calatori",
          "Softrans",
          "CFR Călători"
        ]
      },
      "type": "Feature"
    },
    {
      "geometry": {
        "coordinates": [
          25.292291,
          44.190467
        ],
        "type": "Point"
      },
      "properties": {
        "calls": 54,
        "id": "10366",
        "name": "Olteni",
        "operator_count": 2,
        "operators": [
          "Transferoviar Calatori",
          "CFR Călători"
        ]
      },
      "type": "Feature"
    },
    {
      "geometry": {
        "coordinates": [
          25.233376,
          44.174082
        ],
        "type": "Point"
      },
      "properties": {
        "calls": 42,
        "id": "10380",
        "name": "Vârtoapele hc.",
        "operator_count": 2,
        "operators": [
          "Transferoviar Calatori",
          "CFR Călători"
        ]
      },
      "type": "Feature"
    },
    {
      "geometry": {
        "coordinates": [
          25.160069,
          44.153601
        ],
        "type": "Point"
      },
      "properties": {
        "calls": 39,
        "id": "10407",
        "name": "Rădoieşti Hm.",
        "operator_count": 2,
        "operators": [
          "Transferoviar Calatori",
          "CFR Călători"
        ]
      },
      "type": "Feature"
    },
    {
      "geometry": {
        "coordinates": [
          25.062737,
          44.136248
        ],
        "type": "Point"
      },
      "properties": {
        "calls": 16,
        "id": "10421",
        "name": "Atârnaţi Hm.",
        "operator_count": 2,
        "operators": [
          "Transferoviar Calatori",
          "CFR Călători"
        ]
      },
      "type": "Feature"
    },
    {
      "geometry": {
        "coordinates": [
          24.979367,
          44.123808
        ],
        "type": "Point"
      },
      "properties": {
        "calls": 103,
        "id": "10445",
        "name": "Roşiori Nord",
        "operator_count": 4,
        "operators": [
          "Transferoviar Calatori",
          "Softrans",
          "Astra Trans Carpatic",
          "CFR Călători"
        ]
      },
      "type": "Feature"
    },
    {
      "geometry": {
        "coordinates": [
          24.884261,
          44.113563
        ],
        "type": "Point"
      },
      "properties": {
        "calls": 8,
        "id": "10469",
        "name": "Măldăeni Hm.",
        "operator_count": 1,
        "operators": [
          "CFR Călători"
        ]
      },
      "type": "Feature"
    },
    {
      "geometry": {
        "coordinates": [
          24.772365,
          44.119485
        ],
        "type": "Point"
      },
      "properties": {
        "calls": 11,
        "id": "10483",
        "name": "Mihăeşti Hm.",
        "operator_count": 2,
        "operators": [
          "Softrans",
          "CFR Călători"
        ]
      },
      "type": "Feature"
    },
    {
      "geometry": {
        "coordinates": [
          24.670484,
          44.111159
        ],
        "type": "Point"
      },
      "properties": {
        "calls": 11,
        "id": "10500",
        "name": "Radomireşti Hm.",
        "operator_count": 1,
        "operators": [
          "CFR Călători"
        ]
      },
      "type": "Feature"
    },
    {
      "geometry": {
        "coordinates": [
          24.575303,
          44.133447
        ],
        "type": "Point"
      },
      "properties": {
        "calls": 4,
        "id": "10524",
        "name": "Dăneasa h.",
        "operator_count": 1,
        "operators": [
          "CFR Călători"
        ]
      },
      "type": "Feature"
    },
    {
      "geometry": {
        "coordinates": [
          24.544698,
          44.154629
        ],
        "type": "Point"
      },
      "properties": {
        "calls": 46,
        "id": "10536",
        "name": "Drăgăneşti Olt",
        "operator_count": 2,
        "operators": [
          "Softrans",
          "CFR Călători"
        ]
      },
      "type": "Feature"
    },
    {
      "geometry": {
        "coordinates": [
          24.494466,
          44.120702
        ],
        "type": "Point"
      },
      "properties": {
        "calls": 7,
        "id": "10548",
        "name": "Stoeneşti h.",
        "operator_count": 1,
        "operators": [
          "CFR Călători"
        ]
      },
      "type": "Feature"
    },
    {
      "geometry": {
        "coordinates": [
          24.451892,
          44.121825
        ],
        "type": "Point"
      },
      "properties": {
        "calls": 11,
        "id": "10550",
        "name": "Fărcaşele Hm.",
        "operator_count": 1,
        "operators": [
          "CFR Călători"
        ]
      },
      "type": "Feature"
    },
    {
      "geometry": {
        "coordinates": [
          24.364977,
          44.119414
        ],
        "type": "Point"
      },
      "properties": {
        "calls": 61,
        "id": "10574",
        "name": "Caracal",
        "operator_count": 3,
        "operators": [
          "Softrans",
          "Astra Trans Carpatic",
          "CFR Călători"
        ]
      },
      "type": "Feature"
    },
    {
      "geometry": {
        "coordinates": [
          24.314674,
          44.152877
        ],
        "type": "Point"
      },
      "properties": {
        "calls": 8,
        "id": "10598",
        "name": "Cezieni h.",
        "operator_count": 1,
        "operators": [
          "CFR Călători"
        ]
      },
      "type": "Feature"
    },
    {
      "geometry": {
        "coordinates": [
          24.235713,
          44.147976
        ],
        "type": "Point"
      },
      "properties": {
        "calls": 9,
        "id": "10615",
        "name": "Grozăveşti Hm.",
        "operator_count": 1,
        "operators": [
          "CFR Călători"
        ]
      },
      "type": "Feature"
    },
    {
      "geometry": {
        "coordinates": [
          24.161911,
          44.156314
        ],
        "type": "Point"
      },
      "properties": {
        "calls": 9,
        "id": "10639",
        "name": "Radomiru h.",
        "operator_count": 1,
        "operators": [
          "CFR Călători"
        ]
      },
      "type": "Feature"
    },
    {
      "geometry": {
        "coordinates": [
          24.131568,
          44.164112
        ],
        "type": "Point"
      },
      "properties": {
        "calls": 9,
        "id": "10641",
        "name": "Jianca",
        "operator_count": 1,
        "operators": [
          "CFR Călători"
        ]
      },
      "type": "Feature"
    },
    {
      "geometry": {
        "coordinates": [
          24.092361,
          44.179236
        ],
        "type": "Point"
      },
      "properties": {
        "calls": 8,
        "id": "10653",
        "name": "Ţărţăl h.",
        "operator_count": 1,
        "operators": [
          "CFR Călători"
        ]
      },
      "type": "Feature"
    },
    {
      "geometry": {
        "coordinates": [
          24.037348,
          44.200405
        ],
        "type": "Point"
      },
      "properties": {
        "calls": 9,
        "id": "10677",
        "name": "Leu Hm.",
        "operator_count": 1,
        "operators": [
          "CFR Călători"
        ]
      },
      "type": "Feature"
    },
    {
      "geometry": {
        "coordinates": [
          23.930194,
          44.242628
        ],
        "type": "Point"
      },
      "properties": {
        "calls": 9,
        "id": "10706",
        "name": "Pasaju Coşoveni h.",
        "operator_count": 1,
        "operators": [
          "CFR Călători"
        ]
      },
      "type": "Feature"
    },
    {
      "geometry": {
        "coordinates": [
          23.897395,
          44.255064
        ],
        "type": "Point"
      },
      "properties": {
        "calls": 8,
        "id": "10718",
        "name": "Malu Mare Hm.",
        "operator_count": 1,
        "operators": [
          "CFR Călători"
        ]
      },
      "type": "Feature"
    },
    {
      "geometry": {
        "coordinates": [
          23.88966,
          44.266652
        ],
        "type": "Point"
      },
      "properties": {
        "calls": 9,
        "id": "10720",
        "name": "Viaductu Cârcea h.",
        "operator_count": 1,
        "operators": [
          "CFR Călători"
        ]
      },
      "type": "Feature"
    },
    {
      "geometry": {
        "coordinates": [
          23.859866,
          44.297116
        ],
        "type": "Point"
      },
      "properties": {
        "calls": 10,
        "id": "10732",
        "name": "Banu Mărăcine Hm.",
        "operator_count": 1,
        "operators": [
          "CFR Călători"
        ]
      },
      "type": "Feature"
    },
    {
      "geometry": {
        "coordinates": [
          23.833762,
          44.322094
        ],
        "type": "Point"
      },
      "properties": {
        "calls": 26,
        "id": "10744",
        "name": "Bordei hc. (900)",
        "operator_count": 1,
        "operators": [
          "CFR Călători"
        ]
      },
      "type": "Feature"
    },
    {
      "geometry": {
        "coordinates": [
          23.822089,
          44.327085
        ],
        "type": "Point"
      },
      "properties": {
        "calls": 103,
        "id": "10770",
        "name": "Craiova",
        "operator_count": 3,
        "operators": [
          "Softrans",
          "Astra Trans Carpatic",
          "CFR Călători"
        ]
      },
      "type": "Feature"
    },
    {
      "geometry": {
        "coordinates": [
          23.789783,
          44.339486
        ],
        "type": "Point"
      },
      "properties": {
        "calls": 25,
        "id": "10782",
        "name": "Craiova Triaj hc.",
        "operator_count": 1,
        "operators": [
          "CFR Călători"
        ]
      },
      "type": "Feature"
    },
    {
      "geometry": {
        "coordinates": [
          23.756171,
          44.355419
        ],
        "type": "Point"
      },
      "properties": {
        "calls": 23,
        "id": "10809",
        "name": "Cernele",
        "operator_count": 1,
        "operators": [
          "CFR Călători"
        ]
      },
      "type": "Feature"
    },
    {
      "geometry": {
        "coordinates": [
          23.722905,
          44.392326
        ],
        "type": "Point"
      },
      "properties": {
        "calls": 24,
        "id": "10811",
        "name": "Işalniţa h.",
        "operator_count": 1,
        "operators": [
          "CFR Călători"
        ]
      },
      "type": "Feature"
    },
    {
      "geometry": {
        "coordinates": [
          23.715918,
          44.405153
        ],
        "type": "Point"
      },
      "properties": {
        "calls": 25,
        "id": "10823",
        "name": "Işalniţa",
        "operator_count": 1,
        "operators": [
          "CFR Călători"
        ]
      },
      "type": "Feature"
    },
    {
      "geometry": {
        "coordinates": [
          23.696317,
          44.437572
        ],
        "type": "Point"
      },
      "properties": {
        "calls": 25,
        "id": "10835",
        "name": "Almăj h.",
        "operator_count": 1,
        "operators": [
          "CFR Călători"
        ]
      },
      "type": "Feature"
    },
    {
      "geometry": {
        "coordinates": [
          23.667021,
          44.461611
        ],
        "type": "Point"
      },
      "properties": {
        "calls": 25,
        "id": "10847",
        "name": "Coţofeni Hm.",
        "operator_count": 1,
        "operators": [
          "CFR Călători"
        ]
      },
      "type": "Feature"
    },
    {
      "geometry": {
        "coordinates": [
          23.415503,
          44.644086
        ],
        "type": "Point"
      },
      "properties": {
        "calls": 9,
        "id": "10859",
        "name": "Km. 9+820 h.",
        "operator_count": 1,
        "operators": [
          "CFR Călători"
        ]
      },
      "type": "Feature"
    },
    {
      "geometry": {
        "coordinates": [
          23.617791,
          44.490656
        ],
        "type": "Point"
      },
      "properties": {
        "calls": 25,
        "id": "10861",
        "name": "Brădeşti h.",
        "operator_count": 1,
        "operators": [
          "CFR Călători"
        ]
      },
      "type": "Feature"
    },
    {
      "geometry": {
        "coordinates": [
          23.573863,
          44.515382
        ],
        "type": "Point"
      },
      "properties": {
        "calls": 25,
        "id": "10873",
        "name": "Răcari Hm.",
        "operator_count": 1,
        "operators": [
          "CFR Călători"
        ]
      },
      "type": "Feature"
    },
    {
      "geometry": {
        "coordinates": [
          23.399379,
          44.663928
        ],
        "type": "Point"
      },
      "properties": {
        "calls": 9,
        "id": "10885",
        "name": "Termo Turceni h.",
        "operator_count": 1,
        "operators": [
          "CFR Călători"
        ]
      },
      "type": "Feature"
    },
    {
      "geometry": {
        "coordinates": [
          23.544951,
          44.532546
        ],
        "type": "Point"
      },
      "properties": {
        "calls": 24,
        "id": "10897",
        "name": "Canton 282 h.",
        "operator_count": 1,
        "operators": [
          "CFR Călători"
        ]
      },
      "type": "Feature"
    },
    {
      "geometry": {
        "coordinates": [
          23.51084,
          44.552384
        ],
        "type": "Point"
      },
      "properties": {
        "calls": 57,
        "id": "10902",
        "name": "Filiaşi",
        "operator_count": 2,
        "operators": [
          "Astra Trans Carpatic",
          "CFR Călători"
        ]
      },
      "type": "Feature"
    },
    {
      "geometry": {
        "coordinates": [
          23.432797,
          44.573795
        ],
        "type": "Point"
      },
      "properties": {
        "calls": 7,
        "id": "10926",
        "name": "Gura Motrului Hm.",
        "operator_count": 1,
        "operators": [
          "CFR Călători"
        ]
      },
      "type": "Feature"
    },
    {
      "geometry": {
        "coordinates": [
          23.388067,
          44.677366
        ],
        "type": "Point"
      },
      "properties": {
        "calls": 13,
        "id": "10938",
        "name": "Turceni",
        "operator_count": 1,
        "operators": [
          "CFR Călători"
        ]
      },
      "type": "Feature"
    },
    {
      "geometry": {
        "coordinates": [
          23.355388,
          44.586752
        ],
        "type": "Point"
      },
      "properties": {
        "calls": 8,
        "id": "10940",
        "name": "Butoieşti Hm.",
        "operator_count": 1,
        "operators": [
          "CFR Călători"
        ]
      },
      "type": "Feature"
    },
    {
      "geometry": {
        "coordinates": [
          23.438223,
          44.619351
        ],
        "type": "Point"
      },
      "properties": {
        "calls": 9,
        "id": "10952",
        "name": "Ioneşti Gorj h.",
        "operator_count": 1,
        "operators": [
          "CFR Călători"
        ]
      },
      "type": "Feature"
    },
    {
      "geometry": {
        "coordinates": [
          23.27631,
          44.602493
        ],
        "type": "Point"
      },
      "properties": {
        "calls": 7,
        "id": "10964",
        "name": "Lunca Banului h.",
        "operator_count": 1,
        "operators": [
          "CFR Călători"
        ]
      },
      "type": "Feature"
    },
    {
      "geometry": {
        "coordinates": [
          23.220541,
          44.61088
        ],
        "type": "Point"
      },
      "properties": {
        "calls": 7,
        "id": "10976",
        "name": "Strehaia",
        "operator_count": 1,
        "operators": [
          "CFR Călători"
        ]
      },
      "type": "Feature"
    },
    {
      "geometry": {
        "coordinates": [
          23.193807,
          44.615937
        ],
        "type": "Point"
      },
      "properties": {
        "calls": 18,
        "id": "10988",
        "name": "Strehaia hc.",
        "operator_count": 1,
        "operators": [
          "CFR Călători"
        ]
      },
      "type": "Feature"
    },
    {
      "geometry": {
        "coordinates": [
          23.125849,
          44.603433
        ],
        "type": "Point"
      },
      "properties": {
        "calls": 7,
        "id": "11009",
        "name": "Ciochiuţa Hm.",
        "operator_count": 1,
        "operators": [
          "CFR Călători"
        ]
      },
      "type": "Feature"
    },
    {
      "geometry": {
        "coordinates": [
          23.038472,
          44.591281
        ],
        "type": "Point"
      },
      "properties": {
        "calls": 10,
        "id": "11023",
        "name": "Tâmna",
        "operator_count": 2,
        "operators": [
          "Astra Trans Carpatic",
          "CFR Călători"
        ]
      },
      "type": "Feature"
    },
    {
      "geometry": {
        "coordinates": [
          22.974967,
          44.589267
        ],
        "type": "Point"
      },
      "properties": {
        "calls": 8,
        "id": "11047",
        "name": "Igiroasa Hm.",
        "operator_count": 1,
        "operators": [
          "CFR Călători"
        ]
      },
      "type": "Feature"
    },
    {
      "geometry": {
        "coordinates": [
          22.922368,
          44.606259
        ],
        "type": "Point"
      },
      "properties": {
        "calls": 7,
        "id": "11059",
        "name": "Prunişor Hm.",
        "operator_count": 1,
        "operators": [
          "CFR Călători"
        ]
      },
      "type": "Feature"
    },
    {
      "geometry": {
        "coordinates": [
          22.84956,
          44.613797
        ],
        "type": "Point"
      },
      "properties": {
        "calls": 7,
        "id": "11073",
        "name": "Gârniţa Hm.",
        "operator_count": 1,
        "operators": [
          "CFR Călători"
        ]
      },
      "type": "Feature"
    },
    {
      "geometry": {
        "coordinates": [
          22.803798,
          44.617524
        ],
        "type": "Point"
      },
      "properties": {
        "calls": 22,
        "id": "11085",
        "name": "Balota",
        "operator_count": 2,
        "operators": [
          "Astra Trans Carpatic",
          "CFR Călători"
        ]
      },
      "type": "Feature"
    },
    {
      "geometry": {
        "coordinates": [
          22.794237,
          44.60163
        ],
        "type": "Point"
      },
      "properties": {
        "calls": 7,
        "id": "11097",
        "name": "Valea Albă Hm.",
        "operator_count": 1,
        "operators": [
          "CFR Călători"
        ]
      },
      "type": "Feature"
    },
    {
      "geometry": {
        "coordinates": [
          22.776146,
          44.617891
        ],
        "type": "Point"
      },
      "properties": {
        "calls": 6,
        "id": "11102",
        "name": "Ergheviţa h.",
        "operator_count": 1,
        "operators": [
          "CFR Călători"
        ]
      },
      "type": "Feature"
    },
    {
      "geometry": {
        "coordinates": [
          22.679105,
          44.622787
        ],
        "type": "Point"
      },
      "properties": {
        "calls": 4,
        "id": "11126",
        "name": "Drobeta Tr.Sev Est Hm.",
        "operator_count": 1,
        "operators": [
          "CFR Călători"
        ]
      },
      "type": "Feature"
    },
    {
      "geometry": {
        "coordinates": [
          22.732144,
          44.608409
        ],
        "type": "Point"
      },
      "properties": {
        "calls": 7,
        "id": "11138",
        "name": "Drobeta Turnu Severin Mărfuri Hm.",
        "operator_count": 1,
        "operators": [
          "CFR Călători"
        ]
      },
      "type": "Feature"
    },
    {
      "geometry": {
        "coordinates": [
          22.643628,
          44.622078
        ],
        "type": "Point"
      },
      "properties": {
        "calls": 22,
        "id": "11140",
        "name": "Drobeta Tr. Severin",
        "operator_count": 2,
        "operators": [
          "Astra Trans Carpatic",
          "CFR Călători"
        ]
      },
      "type": "Feature"
    },
    {
      "geometry": {
        "coordinates": [
          22.490748,
          44.707595
        ],
        "type": "Point"
      },
      "properties": {
        "calls": 2,
        "id": "11205",
        "name": "Vârciorova Hm.",
        "operator_count": 1,
        "operators": [
          "Astra Trans Carpatic"
        ]
      },
      "type": "Feature"
    },
    {
      "geometry": {
        "coordinates": [
          22.416848,
          44.730936
        ],
        "type": "Point"
      },
      "properties": {
        "calls": 19,
        "id": "11231",
        "name": "Orşova",
        "operator_count": 2,
        "operators": [
          "Astra Trans Carpatic",
          "CFR Călători"
        ]
      },
      "type": "Feature"
    },
    {
      "geometry": {
        "coordinates": [
          22.390962,
          44.766953
        ],
        "type": "Point"
      },
      "properties": {
        "calls": 5,
        "id": "11267",
        "name": "Valea Cernei Hm.",
        "operator_count": 1,
        "operators": [
          "CFR Călători"
        ]
      },
      "type": "Feature"
    },
    {
      "geometry": {
        "coordinates": [
          22.385065,
          44.806733
        ],
        "type": "Point"
      },
      "properties": {
        "calls": 5,
        "id": "11281",
        "name": "Topleţ Hm.",
        "operator_count": 1,
        "operators": [
          "CFR Călători"
        ]
      },
      "type": "Feature"
    },
    {
      "geometry": {
        "coordinates": [
          22.3878,
          44.862628
        ],
        "type": "Point"
      },
      "properties": {
        "calls": 21,
        "id": "11308",
        "name": "Băile Herculane",
        "operator_count": 2,
        "operators": [
          "Astra Trans Carpatic",
          "CFR Călători"
        ]
      },
      "type": "Feature"
    },
    {
      "geometry": {
        "coordinates": [
          22.383989,
          44.879248
        ],
        "type": "Point"
      },
      "properties": {
        "calls": 7,
        "id": "11310",
        "name": "Mehadia Nouă Hm.",
        "operator_count": 1,
        "operators": [
          "CFR Călători"
        ]
      },
      "type": "Feature"
    },
    {
      "geometry": {
        "coordinates": [
          22.368615,
          44.897724
        ],
        "type": "Point"
      },
      "properties": {
        "calls": 7,
        "id": "11322",
        "name": "Mehadia Hm.",
        "operator_count": 1,
        "operators": [
          "CFR Călători"
        ]
      },
      "type": "Feature"
    },
    {
      "geometry": {
        "coordinates": [
          22.327729,
          44.941327
        ],
        "type": "Point"
      },
      "properties": {
        "calls": 7,
        "id": "11346",
        "name": "Iablaniţa Hm.",
        "operator_count": 1,
        "operators": [
          "CFR Călători"
        ]
      },
      "type": "Feature"
    },
    {
      "geometry": {
        "coordinates": [
          22.32843,
          44.995917
        ],
        "type": "Point"
      },
      "properties": {
        "calls": 7,
        "id": "11360",
        "name": "Crusovat",
        "operator_count": 1,
        "operators": [
          "CFR Călători"
        ]
      },
      "type": "Feature"
    },
    {
      "geometry": {
        "coordinates": [
          22.320339,
          45.03413
        ],
        "type": "Point"
      },
      "properties": {
        "calls": 7,
        "id": "11372",
        "name": "Cornea h.",
        "operator_count": 1,
        "operators": [
          "CFR Călători"
        ]
      },
      "type": "Feature"
    },
    {
      "geometry": {
        "coordinates": [
          22.308452,
          45.059982
        ],
        "type": "Point"
      },
      "properties": {
        "calls": 7,
        "id": "11384",
        "name": "Domaşnea Cornea Hm.",
        "operator_count": 1,
        "operators": [
          "CFR Călători"
        ]
      },
      "type": "Feature"
    },
    {
      "geometry": {
        "coordinates": [
          22.289504,
          45.086276
        ],
        "type": "Point"
      },
      "properties": {
        "calls": 7,
        "id": "11396",
        "name": "Luncaviţa h.",
        "operator_count": 1,
        "operators": [
          "CFR Călători"
        ]
      },
      "type": "Feature"
    },
    {
      "geometry": {
        "coordinates": [
          22.296187,
          45.111418
        ],
        "type": "Point"
      },
      "properties": {
        "calls": 7,
        "id": "11401",
        "name": "Poarta Hm.",
        "operator_count": 1,
        "operators": [
          "CFR Călători"
        ]
      },
      "type": "Feature"
    },
    {
      "geometry": {
        "coordinates": [
          22.305249,
          45.15489
        ],
        "type": "Point"
      },
      "properties": {
        "calls": 7,
        "id": "11425",
        "name": "Teregova Hm.",
        "operator_count": 1,
        "operators": [
          "CFR Călători"
        ]
      },
      "type": "Feature"
    },
    {
      "geometry": {
        "coordinates": [
          22.308975,
          45.196759
        ],
        "type": "Point"
      },
      "properties": {
        "calls": 8,
        "id": "11449",
        "name": "Armeniş Hm.",
        "operator_count": 1,
        "operators": [
          "CFR Călători"
        ]
      },
      "type": "Feature"
    },
    {
      "geometry": {
        "coordinates": [
          22.303338,
          45.249928
        ],
        "type": "Point"
      },
      "properties": {
        "calls": 7,
        "id": "11463",
        "name": "Slatina Timiş",
        "operator_count": 1,
        "operators": [
          "CFR Călători"
        ]
      },
      "type": "Feature"
    },
    {
      "geometry": {
        "coordinates": [
          22.282301,
          45.305286
        ],
        "type": "Point"
      },
      "properties": {
        "calls": 7,
        "id": "11487",
        "name": "Vălişoara Hm.",
        "operator_count": 1,
        "operators": [
          "CFR Călători"
        ]
      },
      "type": "Feature"
    },
    {
      "geometry": {
        "coordinates": [
          22.26939,
          45.334342
        ],
        "type": "Point"
      },
      "properties": {
        "calls": 7,
        "id": "11499",
        "name": "Petroşniţa h.",
        "operator_count": 1,
        "operators": [
          "CFR Călători"
        ]
      },
      "type": "Feature"
    },
    {
      "geometry": {
        "coordinates": [
          22.253993,
          45.354361
        ],
        "type": "Point"
      },
      "properties": {
        "calls": 7,
        "id": "11504",
        "name": "Valea Timişului Hm.",
        "operator_count": 1,
        "operators": [
          "CFR Călători"
        ]
      },
      "type": "Feature"
    },
    {
      "geometry": {
        "coordinates": [
          22.234169,
          45.383426
        ],
        "type": "Point"
      },
      "properties": {
        "calls": 7,
        "id": "11516",
        "name": "Balta Sărată Hm.",
        "operator_count": 1,
        "operators": [
          "CFR Călători"
        ]
      },
      "type": "Feature"
    },
    {
      "geometry": {
        "coordinates": [
          22.213439,
          45.418254
        ],
        "type": "Point"
      },
      "properties": {
        "calls": 7,
        "id": "11528",
        "name": "Caransebeş haltă h.",
        "operator_count": 1,
        "operators": [
          "CFR Călători"
        ]
      },
      "type": "Feature"
    },
    {
      "geometry": {
        "coordinates": [
          22.221366,
          45.424444
        ],
        "type": "Point"
      },
      "properties": {
        "calls": 48,
        "id": "11554",
        "name": "Caransebeş",
        "operator_count": 4,
        "operators": [
          "Regio Călători",
          "InterRegional Călători",
          "Astra Trans Carpatic",
          "CFR Călători"
        ]
      },
      "type": "Feature"
    },
    {
      "geometry": {
        "coordinates": [
          22.183682,
          45.456312
        ],
        "type": "Point"
      },
      "properties": {
        "calls": 10,
        "id": "11580",
        "name": "Tibiscu h.",
        "operator_count": 1,
        "operators": [
          "CFR Călători"
        ]
      },
      "type": "Feature"
    },
    {
      "geometry": {
        "coordinates": [
          22.167721,
          45.480654
        ],
        "type": "Point"
      },
      "properties": {
        "calls": 10,
        "id": "11592",
        "name": "Zăgujeni Hm.",
        "operator_count": 1,
        "operators": [
          "CFR Călători"
        ]
      },
      "type": "Feature"
    },
    {
      "geometry": {
        "coordinates": [
          22.139136,
          45.548241
        ],
        "type": "Point"
      },
      "properties": {
        "calls": 20,
        "id": "11619",
        "name": "Căvăran Hm.",
        "operator_count": 3,
        "operators": [
          "Regio Călători",
          "InterRegional Călători",
          "CFR Călători"
        ]
      },
      "type": "Feature"
    },
    {
      "geometry": {
        "coordinates": [
          22.111106,
          45.573559
        ],
        "type": "Point"
      },
      "properties": {
        "calls": 14,
        "id": "11621",
        "name": "Sacu h.",
        "operator_count": 2,
        "operators": [
          "InterRegional Călători",
          "CFR Călători"
        ]
      },
      "type": "Feature"
    },
    {
      "geometry": {
        "coordinates": [
          22.081382,
          45.5905
        ],
        "type": "Point"
      },
      "properties": {
        "calls": 18,
        "id": "11645",
        "name": "Jena Hm.",
        "operator_count": 3,
        "operators": [
          "Regio Călători",
          "InterRegional Călători",
          "CFR Călători"
        ]
      },
      "type": "Feature"
    },
    {
      "geometry": {
        "coordinates": [
          22.024664,
          45.622233
        ],
        "type": "Point"
      },
      "properties": {
        "calls": 19,
        "id": "11657",
        "name": "Găvojdia Hm.",
        "operator_count": 3,
        "operators": [
          "Regio Călători",
          "InterRegional Călători",
          "CFR Călători"
        ]
      },
      "type": "Feature"
    },
    {
      "geometry": {
        "coordinates": [
          21.967205,
          45.650299
        ],
        "type": "Point"
      },
      "properties": {
        "calls": 10,
        "id": "11671",
        "name": "Tapia Hm.",
        "operator_count": 1,
        "operators": [
          "CFR Călători"
        ]
      },
      "type": "Feature"
    },
    {
      "geometry": {
        "coordinates": [
          21.897402,
          45.679667
        ],
        "type": "Point"
      },
      "properties": {
        "calls": 51,
        "id": "11695",
        "name": "Lugoj",
        "operator_count": 4,
        "operators": [
          "Regio Călători",
          "InterRegional Călători",
          "Astra Trans Carpatic",
          "CFR Călători"
        ]
      },
      "type": "Feature"
    },
    {
      "geometry": {
        "coordinates": [
          21.886418,
          45.710401
        ],
        "type": "Point"
      },
      "properties": {
        "calls": 5,
        "id": "11700",
        "name": "Lugoj Nord h.",
        "operator_count": 1,
        "operators": [
          "CFR Călători"
        ]
      },
      "type": "Feature"
    },
    {
      "geometry": {
        "coordinates": [
          21.826653,
          45.726631
        ],
        "type": "Point"
      },
      "properties": {
        "calls": 12,
        "id": "11724",
        "name": "Jabăr Hm.",
        "operator_count": 2,
        "operators": [
          "InterRegional Călători",
          "CFR Călători"
        ]
      },
      "type": "Feature"
    },
    {
      "geometry": {
        "coordinates": [
          21.762648,
          45.744394
        ],
        "type": "Point"
      },
      "properties": {
        "calls": 16,
        "id": "11748",
        "name": "Belinţ Hm.",
        "operator_count": 3,
        "operators": [
          "Regio Călători",
          "InterRegional Călători",
          "CFR Călători"
        ]
      },
      "type": "Feature"
    },
    {
      "geometry": {
        "coordinates": [
          21.711526,
          45.750196
        ],
        "type": "Point"
      },
      "properties": {
        "calls": 14,
        "id": "11750",
        "name": "Chizătău Hm.",
        "operator_count": 2,
        "operators": [
          "InterRegional Călători",
          "CFR Călători"
        ]
      },
      "type": "Feature"
    },
    {
      "geometry": {
        "coordinates": [
          21.629222,
          45.768445
        ],
        "type": "Point"
      },
      "properties": {
        "calls": 21,
        "id": "11774",
        "name": "Topolovăţ Hm.",
        "operator_count": 3,
        "operators": [
          "Regio Călători",
          "InterRegional Călători",
          "CFR Călători"
        ]
      },
      "type": "Feature"
    },
    {
      "geometry": {
        "coordinates": [
          21.582112,
          45.776405
        ],
        "type": "Point"
      },
      "properties": {
        "calls": 14,
        "id": "11786",
        "name": "Şuştra h.",
        "operator_count": 2,
        "operators": [
          "InterRegional Călători",
          "CFR Călători"
        ]
      },
      "type": "Feature"
    },
    {
      "geometry": {
        "coordinates": [
          21.489655,
          45.793682
        ],
        "type": "Point"
      },
      "properties": {
        "calls": 19,
        "id": "11803",
        "name": "Recaş",
        "operator_count": 3,
        "operators": [
          "Regio Călători",
          "InterRegional Călători",
          "CFR Călători"
        ]
      },
      "type": "Feature"
    },
    {
      "geometry": {
        "coordinates": [
          21.462718,
          45.794254
        ],
        "type": "Point"
      },
      "properties": {
        "calls": 14,
        "id": "11815",
        "name": "Izvin h.",
        "operator_count": 2,
        "operators": [
          "InterRegional Călători",
          "CFR Călători"
        ]
      },
      "type": "Feature"
    },
    {
      "geometry": {
        "coordinates": [
          21.363696,
          45.786347
        ],
        "type": "Point"
      },
      "properties": {
        "calls": 21,
        "id": "11839",
        "name": "Remetea Mare Hm.",
        "operator_count": 3,
        "operators": [
          "Regio Călători",
          "InterRegional Călători",
          "CFR Călători"
        ]
      },
      "type": "Feature"
    },
    {
      "geometry": {
        "coordinates": [
          21.307261,
          45.778553
        ],
        "type": "Point"
      },
      "properties": {
        "calls": 6,
        "id": "11841",
        "name": "Ghiroda h.",
        "operator_count": 2,
        "operators": [
          "Regio Călători",
          "CFR Călători"
        ]
      },
      "type": "Feature"
    },
    {
      "geometry": {
        "coordinates": [
          21.249965,
          45.769244
        ],
        "type": "Point"
      },
      "properties": {
        "calls": 27,
        "id": "11877",
        "name": "Timişoara Est",
        "operator_count": 3,
        "operators": [
          "Regio Călători",
          "InterRegional Călători",
          "CFR Călători"
        ]
      },
      "type": "Feature"
    },
    {
      "geometry": {
        "coordinates": [
          21.203318,
          45.75023
        ],
        "type": "Point"
      },
      "properties": {
        "calls": 132,
        "id": "11906",
        "name": "Timişoara Nord",
        "operator_count": 4,
        "operators": [
          "Regio Călători",
          "InterRegional Călători",
          "Astra Trans Carpatic",
          "CFR Călători"
        ]
      },
      "type": "Feature"
    },
    {
      "geometry": {
        "coordinates": [
          25.968345,
          44.426201
        ],
        "type": "Point"
      },
      "properties": {
        "calls": 18,
        "id": "12144",
        "name": "Bucureşti Vest Hm.",
        "operator_count": 1,
        "operators": [
          "CFR Călători"
        ]
      },
      "type": "Feature"
    },
    {
      "geometry": {
        "coordinates": [
          26.014919,
          44.369068
        ],
        "type": "Point"
      },
      "properties": {
        "calls": 18,
        "id": "12235",
        "name": "Vârteju Hm.",
        "operator_count": 1,
        "operators": [
          "CFR Călători"
        ]
      },
      "type": "Feature"
    },
    {
      "geometry": {
        "coordinates": [
          25.934742,
          44.531652
        ],
        "type": "Point"
      },
      "properties": {
        "calls": 12,
        "id": "12326",
        "name": "Săbăreni Hm.",
        "operator_count": 1,
        "operators": [
          "CFR Călători"
        ]
      },
      "type": "Feature"
    },
    {
      "geometry": {
        "coordinates": [
          25.851227,
          44.580617
        ],
        "type": "Point"
      },
      "properties": {
        "calls": 22,
        "id": "12340",
        "name": "Ciocăneşti Hm.",
        "operator_count": 3,
        "operators": [
          "Transferoviar Calatori",
          "Astra Trans Carpatic",
          "CFR Călători"
        ]
      },
      "type": "Feature"
    },
    {
      "geometry": {
        "coordinates": [
          25.782701,
          44.620758
        ],
        "type": "Point"
      },
      "properties": {
        "calls": 14,
        "id": "12364",
        "name": "Bâldana h.",
        "operator_count": 1,
        "operators": [
          "CFR Călători"
        ]
      },
      "type": "Feature"
    },
    {
      "geometry": {
        "coordinates": [
          25.718051,
          44.642644
        ],
        "type": "Point"
      },
      "properties": {
        "calls": 24,
        "id": "12388",
        "name": "Ghergani Hm.",
        "operator_count": 2,
        "operators": [
          "Transferoviar Calatori",
          "CFR Călători"
        ]
      },
      "type": "Feature"
    },
    {
      "geometry": {
        "coordinates": [
          25.652862,
          44.656918
        ],
        "type": "Point"
      },
      "properties": {
        "calls": 23,
        "id": "12405",
        "name": "Conţeşti h.",
        "operator_count": 2,
        "operators": [
          "Transferoviar Calatori",
          "CFR Călători"
        ]
      },
      "type": "Feature"
    },
    {
      "geometry": {
        "coordinates": [
          25.626582,
          44.660208
        ],
        "type": "Point"
      },
      "properties": {
        "calls": 23,
        "id": "12417",
        "name": "Boteni h.",
        "operator_count": 2,
        "operators": [
          "Transferoviar Calatori",
          "CFR Călători"
        ]
      },
      "type": "Feature"
    },
    {
      "geometry": {
        "coordinates": [
          25.570119,
          44.661992
        ],
        "type": "Point"
      },
      "properties": {
        "calls": 57,
        "id": "12431",
        "name": "Titu",
        "operator_count": 3,
        "operators": [
          "Transferoviar Calatori",
          "Astra Trans Carpatic",
          "CFR Călători"
        ]
      },
      "type": "Feature"
    },
    {
      "geometry": {
        "coordinates": [
          25.560066,
          44.678735
        ],
        "type": "Point"
      },
      "properties": {
        "calls": 25,
        "id": "12443",
        "name": "Dâmbovicioara h.",
        "operator_count": 2,
        "operators": [
          "Transferoviar Calatori",
          "CFR Călători"
        ]
      },
      "type": "Feature"
    },
    {
      "geometry": {
        "coordinates": [
          25.503086,
          44.673939
        ],
        "type": "Point"
      },
      "properties": {
        "calls": 5,
        "id": "12455",
        "name": "Fusea Hm.",
        "operator_count": 1,
        "operators": [
          "CFR Călători"
        ]
      },
      "type": "Feature"
    },
    {
      "geometry": {
        "coordinates": [
          25.442567,
          44.686765
        ],
        "type": "Point"
      },
      "properties": {
        "calls": 18,
        "id": "12479",
        "name": "Mătăsaru Hm.",
        "operator_count": 1,
        "operators": [
          "CFR Călători"
        ]
      },
      "type": "Feature"
    },
    {
      "geometry": {
        "coordinates": [
          25.378225,
          44.699977
        ],
        "type": "Point"
      },
      "properties": {
        "calls": 4,
        "id": "12493",
        "name": "Cojocaru h.",
        "operator_count": 1,
        "operators": [
          "CFR Călători"
        ]
      },
      "type": "Feature"
    },
    {
      "geometry": {
        "coordinates": [
          25.352351,
          44.705164
        ],
        "type": "Point"
      },
      "properties": {
        "calls": 4,
        "id": "12508",
        "name": "Găeşti Sud h.",
        "operator_count": 1,
        "operators": [
          "CFR Călători"
        ]
      },
      "type": "Feature"
    },
    {
      "geometry": {
        "coordinates": [
          25.30424,
          44.713934
        ],
        "type": "Point"
      },
      "properties": {
        "calls": 26,
        "id": "12510",
        "name": "Găeşti",
        "operator_count": 1,
        "operators": [
          "CFR Călători"
        ]
      },
      "type": "Feature"
    },
    {
      "geometry": {
        "coordinates": [
          25.208929,
          44.743995
        ],
        "type": "Point"
      },
      "properties": {
        "calls": 4,
        "id": "12534",
        "name": "Pătroaia Hm.",
        "operator_count": 1,
        "operators": [
          "CFR Călători"
        ]
      },
      "type": "Feature"
    },
    {
      "geometry": {
        "coordinates": [
          25.124267,
          44.783872
        ],
        "type": "Point"
      },
      "properties": {
        "calls": 12,
        "id": "12558",
        "name": "Leordeni Argeş Hm.",
        "operator_count": 1,
        "operators": [
          "CFR Călători"
        ]
      },
      "type": "Feature"
    },
    {
      "geometry": {
        "coordinates": [
          25.062185,
          44.810419
        ],
        "type": "Point"
      },
      "properties": {
        "calls": 7,
        "id": "12572",
        "name": "Călineşti Hm.",
        "operator_count": 1,
        "operators": [
          "CFR Călători"
        ]
      },
      "type": "Feature"
    },
    {
      "geometry": {
        "coordinates": [
          24.965336,
          44.836899
        ],
        "type": "Point"
      },
      "properties": {
        "calls": 30,
        "id": "12596",
        "name": "Goleşti",
        "operator_count": 1,
        "operators": [
          "CFR Călători"
        ]
      },
      "type": "Feature"
    },
    {
      "geometry": {
        "coordinates": [
          24.889944,
          44.846427
        ],
        "type": "Point"
      },
      "properties": {
        "calls": 51,
        "id": "12613",
        "name": "Piteşti",
        "operator_count": 1,
        "operators": [
          "CFR Călători"
        ]
      },
      "type": "Feature"
    },
    {
      "geometry": {
        "coordinates": [
          24.915344,
          44.814085
        ],
        "type": "Point"
      },
      "properties": {
        "calls": 9,
        "id": "12637",
        "name": "Bradu de Sus Hm.",
        "operator_count": 1,
        "operators": [
          "CFR Călători"
        ]
      },
      "type": "Feature"
    },
    {
      "geometry": {
        "coordinates": [
          24.905704,
          44.77131
        ],
        "type": "Point"
      },
      "properties": {
        "calls": 8,
        "id": "12687",
        "name": "Pârvu Hm.",
        "operator_count": 1,
        "operators": [
          "CFR Călători"
        ]
      },
      "type": "Feature"
    },
    {
      "geometry": {
        "coordinates": [
          24.896826,
          44.733899
        ],
        "type": "Point"
      },
      "properties": {
        "calls": 9,
        "id": "12699",
        "name": "Pârvu h.",
        "operator_count": 1,
        "operators": [
          "CFR Călători"
        ]
      },
      "type": "Feature"
    },
    {
      "geometry": {
        "coordinates": [
          24.892387,
          44.704321
        ],
        "type": "Point"
      },
      "properties": {
        "calls": 3,
        "id": "12704",
        "name": "Suseni h.",
        "operator_count": 1,
        "operators": [
          "CFR Călători"
        ]
      },
      "type": "Feature"
    },
    {
      "geometry": {
        "coordinates": [
          24.877597,
          44.668577
        ],
        "type": "Point"
      },
      "properties": {
        "calls": 19,
        "id": "12728",
        "name": "Costeşti Hm.",
        "operator_count": 1,
        "operators": [
          "CFR Călători"
        ]
      },
      "type": "Feature"
    },
    {
      "geometry": {
        "coordinates": [
          24.823952,
          44.609377
        ],
        "type": "Point"
      },
      "properties": {
        "calls": 11,
        "id": "12742",
        "name": "Fâlfani Hm.",
        "operator_count": 1,
        "operators": [
          "CFR Călători"
        ]
      },
      "type": "Feature"
    },
    {
      "geometry": {
        "coordinates": [
          24.781256,
          44.5493
        ],
        "type": "Point"
      },
      "properties": {
        "calls": 19,
        "id": "12766",
        "name": "Stolnici Hm.",
        "operator_count": 1,
        "operators": [
          "CFR Călători"
        ]
      },
      "type": "Feature"
    },
    {
      "geometry": {
        "coordinates": [
          24.756195,
          44.517165
        ],
        "type": "Point"
      },
      "properties": {
        "calls": 12,
        "id": "12778",
        "name": "Hârseşti Hm.",
        "operator_count": 1,
        "operators": [
          "CFR Călători"
        ]
      },
      "type": "Feature"
    },
    {
      "geometry": {
        "coordinates": [
          24.709171,
          44.495832
        ],
        "type": "Point"
      },
      "properties": {
        "calls": 17,
        "id": "12792",
        "name": "Corbu Hm.",
        "operator_count": 1,
        "operators": [
          "CFR Călători"
        ]
      },
      "type": "Feature"
    },
    {
      "geometry": {
        "coordinates": [
          24.672737,
          44.465861
        ],
        "type": "Point"
      },
      "properties": {
        "calls": 13,
        "id": "12819",
        "name": "Sineşti Hm.",
        "operator_count": 1,
        "operators": [
          "CFR Călători"
        ]
      },
      "type": "Feature"
    },
    {
      "geometry": {
        "coordinates": [
          24.603453,
          44.471318
        ],
        "type": "Point"
      },
      "properties": {
        "calls": 12,
        "id": "12833",
        "name": "Potcoava",
        "operator_count": 1,
        "operators": [
          "CFR Călători"
        ]
      },
      "type": "Feature"
    },
    {
      "geometry": {
        "coordinates": [
          24.521619,
          44.454521
        ],
        "type": "Point"
      },
      "properties": {
        "calls": 9,
        "id": "12857",
        "name": "Bâlteni Olt Hm.",
        "operator_count": 1,
        "operators": [
          "CFR Călători"
        ]
      },
      "type": "Feature"
    },
    {
      "geometry": {
        "coordinates": [
          24.457729,
          44.438032
        ],
        "type": "Point"
      },
      "properties": {
        "calls": 9,
        "id": "12871",
        "name": "Recea Hm.",
        "operator_count": 1,
        "operators": [
          "CFR Călători"
        ]
      },
      "type": "Feature"
    },
    {
      "geometry": {
        "coordinates": [
          24.387235,
          44.423721
        ],
        "type": "Point"
      },
      "properties": {
        "calls": 22,
        "id": "12895",
        "name": "Slatina",
        "operator_count": 1,
        "operators": [
          "CFR Călători"
        ]
      },
      "type": "Feature"
    },
    {
      "geometry": {
        "coordinates": [
          24.388536,
          44.387378
        ],
        "type": "Point"
      },
      "properties": {
        "calls": 12,
        "id": "12912",
        "name": "Milcov Hm.",
        "operator_count": 1,
        "operators": [
          "CFR Călători"
        ]
      },
      "type": "Feature"
    },
    {
      "geometry": {
        "coordinates": [
          24.333734,
          44.382423
        ],
        "type": "Point"
      },
      "properties": {
        "calls": 11,
        "id": "12924",
        "name": "Slătioara Hm.",
        "operator_count": 1,
        "operators": [
          "CFR Călători"
        ]
      },
      "type": "Feature"
    },
    {
      "geometry": {
        "coordinates": [
          24.298988,
          44.372762
        ],
        "type": "Point"
      },
      "properties": {
        "calls": 11,
        "id": "12936",
        "name": "Criva h.",
        "operator_count": 1,
        "operators": [
          "CFR Călători"
        ]
      },
      "type": "Feature"
    },
    {
      "geometry": {
        "coordinates": [
          24.254954,
          44.368172
        ],
        "type": "Point"
      },
      "properties": {
        "calls": 46,
        "id": "12948",
        "name": "Piatra Olt",
        "operator_count": 1,
        "operators": [
          "CFR Călători"
        ]
      },
      "type": "Feature"
    },
    {
      "geometry": {
        "coordinates": [
          24.20657,
          44.33385
        ],
        "type": "Point"
      },
      "properties": {
        "calls": 10,
        "id": "12974",
        "name": "Brăneţ h.",
        "operator_count": 1,
        "operators": [
          "CFR Călători"
        ]
      },
      "type": "Feature"
    },
    {
      "geometry": {
        "coordinates": [
          24.141167,
          44.335444
        ],
        "type": "Point"
      },
      "properties": {
        "calls": 4,
        "id": "12986",
        "name": "Canton 217 h.",
        "operator_count": 1,
        "operators": [
          "CFR Călători"
        ]
      },
      "type": "Feature"
    },
    {
      "geometry": {
        "coordinates": [
          24.116054,
          44.3401
        ],
        "type": "Point"
      },
      "properties": {
        "calls": 16,
        "id": "12998",
        "name": "Balş",
        "operator_count": 1,
        "operators": [
          "CFR Călători"
        ]
      },
      "type": "Feature"
    },
    {
      "geometry": {
        "coordinates": [
          24.075404,
          44.353859
        ],
        "type": "Point"
      },
      "properties": {
        "calls": 6,
        "id": "13007",
        "name": "Spineni h.",
        "operator_count": 1,
        "operators": [
          "CFR Călători"
        ]
      },
      "type": "Feature"
    },
    {
      "geometry": {
        "coordinates": [
          24.008748,
          44.344301
        ],
        "type": "Point"
      },
      "properties": {
        "calls": 8,
        "id": "13021",
        "name": "Robăneşti Hm.",
        "operator_count": 1,
        "operators": [
          "CFR Călători"
        ]
      },
      "type": "Feature"
    },
    {
      "geometry": {
        "coordinates": [
          23.967096,
          44.336636
        ],
        "type": "Point"
      },
      "properties": {
        "calls": 6,
        "id": "13033",
        "name": "Toporaş h.",
        "operator_count": 1,
        "operators": [
          "CFR Călători"
        ]
      },
      "type": "Feature"
    },
    {
      "geometry": {
        "coordinates": [
          23.955884,
          44.319288
        ],
        "type": "Point"
      },
      "properties": {
        "calls": 8,
        "id": "13045",
        "name": "Pieleşti Hm.",
        "operator_count": 1,
        "operators": [
          "CFR Călători"
        ]
      },
      "type": "Feature"
    },
    {
      "geometry": {
        "coordinates": [
          23.893443,
          44.284383
        ],
        "type": "Point"
      },
      "properties": {
        "calls": 6,
        "id": "13069",
        "name": "Cârcea h.",
        "operator_count": 1,
        "operators": [
          "CFR Călători"
        ]
      },
      "type": "Feature"
    },
    {
      "geometry": {
        "coordinates": [
          23.854646,
          44.310815
        ],
        "type": "Point"
      },
      "properties": {
        "calls": 6,
        "id": "13071",
        "name": "Plaiu Vulcăneşti Hm.",
        "operator_count": 1,
        "operators": [
          "CFR Călători"
        ]
      },
      "type": "Feature"
    },
    {
      "geometry": {
        "coordinates": [
          25.557485,
          44.713038
        ],
        "type": "Point"
      },
      "properties": {
        "calls": 25,
        "id": "13112",
        "name": "Podu Rizii h.",
        "operator_count": 2,
        "operators": [
          "Transferoviar Calatori",
          "CFR Călători"
        ]
      },
      "type": "Feature"
    },
    {
      "geometry": {
        "coordinates": [
          25.568999,
          44.742467
        ],
        "type": "Point"
      },
      "properties": {
        "calls": 25,
        "id": "13124",
        "name": "Băneşti h.",
        "operator_count": 2,
        "operators": [
          "Transferoviar Calatori",
          "CFR Călători"
        ]
      },
      "type": "Feature"
    },
    {
      "geometry": {
        "coordinates": [
          25.56116,
          44.768525
        ],
        "type": "Point"
      },
      "properties": {
        "calls": 25,
        "id": "13136",
        "name": "Movila Dâmboviţa h.",
        "operator_count": 2,
        "operators": [
          "Transferoviar Calatori",
          "CFR Călători"
        ]
      },
      "type": "Feature"
    },
    {
      "geometry": {
        "coordinates": [
          25.553579,
          44.788074
        ],
        "type": "Point"
      },
      "properties": {
        "calls": 27,
        "id": "13148",
        "name": "Nucet Hm.",
        "operator_count": 2,
        "operators": [
          "Transferoviar Calatori",
          "CFR Călători"
        ]
      },
      "type": "Feature"
    },
    {
      "geometry": {
        "coordinates": [
          25.53102,
          44.818125
        ],
        "type": "Point"
      },
      "properties": {
        "calls": 25,
        "id": "13150",
        "name": "Cazaci h.",
        "operator_count": 2,
        "operators": [
          "Transferoviar Calatori",
          "CFR Călători"
        ]
      },
      "type": "Feature"
    },
    {
      "geometry": {
        "coordinates": [
          25.500081,
          44.856066
        ],
        "type": "Point"
      },
      "properties": {
        "calls": 25,
        "id": "13174",
        "name": "Văcăreşti h.",
        "operator_count": 2,
        "operators": [
          "Transferoviar Calatori",
          "CFR Călători"
        ]
      },
      "type": "Feature"
    },
    {
      "geometry": {
        "coordinates": [
          25.492987,
          44.938103
        ],
        "type": "Point"
      },
      "properties": {
        "calls": 2,
        "id": "13186",
        "name": "Valea Voievozilor h.",
        "operator_count": 1,
        "operators": [
          "Transferoviar Calatori"
        ]
      },
      "type": "Feature"
    },
    {
      "geometry": {
        "coordinates": [
          25.455451,
          44.916122
        ],
        "type": "Point"
      },
      "properties": {
        "calls": 37,
        "id": "13198",
        "name": "Târgovişte",
        "operator_count": 2,
        "operators": [
          "Transferoviar Calatori",
          "CFR Călători"
        ]
      },
      "type": "Feature"
    },
    {
      "geometry": {
        "coordinates": [
          25.436307,
          44.928807
        ],
        "type": "Point"
      },
      "properties": {
        "calls": 10,
        "id": "13203",
        "name": "Romlux h.",
        "operator_count": 1,
        "operators": [
          "Transferoviar Calatori"
        ]
      },
      "type": "Feature"
    },
    {
      "geometry": {
        "coordinates": [
          25.443748,
          44.940666
        ],
        "type": "Point"
      },
      "properties": {
        "calls": 10,
        "id": "13215",
        "name": "TEIŞ Hm.",
        "operator_count": 1,
        "operators": [
          "Transferoviar Calatori"
        ]
      },
      "type": "Feature"
    },
    {
      "geometry": {
        "coordinates": [
          25.442191,
          44.958915
        ],
        "type": "Point"
      },
      "properties": {
        "calls": 8,
        "id": "13227",
        "name": "Aninoasa Hm.",
        "operator_count": 1,
        "operators": [
          "Transferoviar Calatori"
        ]
      },
      "type": "Feature"
    },
    {
      "geometry": {
        "coordinates": [
          25.411314,
          44.987265
        ],
        "type": "Point"
      },
      "properties": {
        "calls": 8,
        "id": "13239",
        "name": "Doiceşti Hm.",
        "operator_count": 1,
        "operators": [
          "Transferoviar Calatori"
        ]
      },
      "type": "Feature"
    },
    {
      "geometry": {
        "coordinates": [
          25.401563,
          44.998216
        ],
        "type": "Point"
      },
      "properties": {
        "calls": 8,
        "id": "13241",
        "name": "Doiceşti h.",
        "operator_count": 1,
        "operators": [
          "Transferoviar Calatori"
        ]
      },
      "type": "Feature"
    },
    {
      "geometry": {
        "coordinates": [
          25.408961,
          45.016379
        ],
        "type": "Point"
      },
      "properties": {
        "calls": 8,
        "id": "13253",
        "name": "Vulcana Pandele P.M.Aj.",
        "operator_count": 1,
        "operators": [
          "Transferoviar Calatori"
        ]
      },
      "type": "Feature"
    },
    {
      "geometry": {
        "coordinates": [
          25.42653,
          45.034395
        ],
        "type": "Point"
      },
      "properties": {
        "calls": 8,
        "id": "13265",
        "name": "Scârlenţa h.",
        "operator_count": 1,
        "operators": [
          "Transferoviar Calatori"
        ]
      },
      "type": "Feature"
    },
    {
      "geometry": {
        "coordinates": [
          25.437258,
          45.04789
        ],
        "type": "Point"
      },
      "properties": {
        "calls": 8,
        "id": "13277",
        "name": "Trainica h.",
        "operator_count": 1,
        "operators": [
          "Transferoviar Calatori"
        ]
      },
      "type": "Feature"
    },
    {
      "geometry": {
        "coordinates": [
          25.431273,
          45.075632
        ],
        "type": "Point"
      },
      "properties": {
        "calls": 8,
        "id": "13289",
        "name": "Pucioasa Hm.",
        "operator_count": 1,
        "operators": [
          "Transferoviar Calatori"
        ]
      },
      "type": "Feature"
    },
    {
      "geometry": {
        "coordinates": [
          25.423457,
          45.092204
        ],
        "type": "Point"
      },
      "properties": {
        "calls": 8,
        "id": "13291",
        "name": "Moţăieni h.",
        "operator_count": 1,
        "operators": [
          "Transferoviar Calatori"
        ]
      },
      "type": "Feature"
    },
    {
      "geometry": {
        "coordinates": [
          25.420655,
          45.125604
        ],
        "type": "Point"
      },
      "properties": {
        "calls": 8,
        "id": "13306",
        "name": "Fieni",
        "operator_count": 1,
        "operators": [
          "Transferoviar Calatori"
        ]
      },
      "type": "Feature"
    },
    {
      "geometry": {
        "coordinates": [
          25.447857,
          45.149241
        ],
        "type": "Point"
      },
      "properties": {
        "calls": 8,
        "id": "13320",
        "name": "Ţepeş Vodă h.",
        "operator_count": 1,
        "operators": [
          "Transferoviar Calatori"
        ]
      },
      "type": "Feature"
    },
    {
      "geometry": {
        "coordinates": [
          25.440288,
          45.183542
        ],
        "type": "Point"
      },
      "properties": {
        "calls": 8,
        "id": "13332",
        "name": "Pietroşiţa Hm.",
        "operator_count": 1,
        "operators": [
          "Transferoviar Calatori"
        ]
      },
      "type": "Feature"
    },
    {
      "geometry": {
        "coordinates": [
          24.92013,
          44.863678
        ],
        "type": "Point"
      },
      "properties": {
        "calls": 4,
        "id": "13368",
        "name": "Ion C. Brătianu Hm.",
        "operator_count": 1,
        "operators": [
          "CFR Călători"
        ]
      },
      "type": "Feature"
    },
    {
      "geometry": {
        "coordinates": [
          24.883938,
          44.882357
        ],
        "type": "Point"
      },
      "properties": {
        "calls": 4,
        "id": "13370",
        "name": "Gropeni h.",
        "operator_count": 1,
        "operators": [
          "CFR Călători"
        ]
      },
      "type": "Feature"
    },
    {
      "geometry": {
        "coordinates": [
          24.884989,
          44.92634
        ],
        "type": "Point"
      },
      "properties": {
        "calls": 4,
        "id": "13382",
        "name": "Ciumeşti",
        "operator_count": 1,
        "operators": [
          "CFR Călători"
        ]
      },
      "type": "Feature"
    },
    {
      "geometry": {
        "coordinates": [
          24.911514,
          44.952662
        ],
        "type": "Point"
      },
      "properties": {
        "calls": 1,
        "id": "13394",
        "name": "Mioveni h.",
        "operator_count": 1,
        "operators": [
          "CFR Călători"
        ]
      },
      "type": "Feature"
    },
    {
      "geometry": {
        "coordinates": [
          24.944542,
          44.980339
        ],
        "type": "Point"
      },
      "properties": {
        "calls": 4,
        "id": "13409",
        "name": "Clucereasa h.",
        "operator_count": 1,
        "operators": [
          "CFR Călători"
        ]
      },
      "type": "Feature"
    },
    {
      "geometry": {
        "coordinates": [
          24.966939,
          45.017734
        ],
        "type": "Point"
      },
      "properties": {
        "calls": 1,
        "id": "13411",
        "name": "Bucşeneşti h.",
        "operator_count": 1,
        "operators": [
          "CFR Călători"
        ]
      },
      "type": "Feature"
    },
    {
      "geometry": {
        "coordinates": [
          24.968302,
          45.030937
        ],
        "type": "Point"
      },
      "properties": {
        "calls": 4,
        "id": "13423",
        "name": "Stâlpeni Hm.",
        "operator_count": 1,
        "operators": [
          "CFR Călători"
        ]
      },
      "type": "Feature"
    },
    {
      "geometry": {
        "coordinates": [
          24.999956,
          45.071656
        ],
        "type": "Point"
      },
      "properties": {
        "calls": 4,
        "id": "13435",
        "name": "Rădeşti h.",
        "operator_count": 1,
        "operators": [
          "CFR Călători"
        ]
      },
      "type": "Feature"
    },
    {
      "geometry": {
        "coordinates": [
          25.013846,
          45.103569
        ],
        "type": "Point"
      },
      "properties": {
        "calls": 4,
        "id": "13447",
        "name": "Drăghici h.",
        "operator_count": 1,
        "operators": [
          "CFR Călători"
        ]
      },
      "type": "Feature"
    },
    {
      "geometry": {
        "coordinates": [
          24.991257,
          45.148163
        ],
        "type": "Point"
      },
      "properties": {
        "calls": 4,
        "id": "13461",
        "name": "Lăzăreşti PO",
        "operator_count": 1,
        "operators": [
          "CFR Călători"
        ]
      },
      "type": "Feature"
    },
    {
      "geometry": {
        "coordinates": [
          25.002922,
          45.204493
        ],
        "type": "Point"
      },
      "properties": {
        "calls": 4,
        "id": "13485",
        "name": "Schitu Goleşti h.",
        "operator_count": 1,
        "operators": [
          "CFR Călători"
        ]
      },
      "type": "Feature"
    },
    {
      "geometry": {
        "coordinates": [
          25.050191,
          45.27396
        ],
        "type": "Point"
      },
      "properties": {
        "calls": 4,
        "id": "13502",
        "name": "Parcul Kreţulescu h.",
        "operator_count": 1,
        "operators": [
          "CFR Călători"
        ]
      },
      "type": "Feature"
    },
    {
      "geometry": {
        "coordinates": [
          25.037397,
          45.259294
        ],
        "type": "Point"
      },
      "properties": {
        "calls": 4,
        "id": "13514",
        "name": "Câmpulung",
        "operator_count": 1,
        "operators": [
          "CFR Călători"
        ]
      },
      "type": "Feature"
    },
    {
      "geometry": {
        "coordinates": [
          24.861004,
          44.87037
        ],
        "type": "Point"
      },
      "properties": {
        "calls": 8,
        "id": "13576",
        "name": "Piteşti Nord",
        "operator_count": 1,
        "operators": [
          "CFR Călători"
        ]
      },
      "type": "Feature"
    },
    {
      "geometry": {
        "coordinates": [
          24.840265,
          44.882367
        ],
        "type": "Point"
      },
      "properties": {
        "calls": 5,
        "id": "13588",
        "name": "C.I.L. h.",
        "operator_count": 1,
        "operators": [
          "CFR Călători"
        ]
      },
      "type": "Feature"
    },
    {
      "geometry": {
        "coordinates": [
          24.821146,
          44.895703
        ],
        "type": "Point"
      },
      "properties": {
        "calls": 8,
        "id": "13590",
        "name": "Bascov Hm.",
        "operator_count": 1,
        "operators": [
          "CFR Călători"
        ]
      },
      "type": "Feature"
    },
    {
      "geometry": {
        "coordinates": [
          24.772456,
          44.941623
        ],
        "type": "Point"
      },
      "properties": {
        "calls": 1,
        "id": "13605",
        "name": "Borleşti Argeş h.",
        "operator_count": 1,
        "operators": [
          "CFR Călători"
        ]
      },
      "type": "Feature"
    },
    {
      "geometry": {
        "coordinates": [
          24.750365,
          44.965489
        ],
        "type": "Point"
      },
      "properties": {
        "calls": 7,
        "id": "13617",
        "name": "Merişani h.",
        "operator_count": 1,
        "operators": [
          "CFR Călători"
        ]
      },
      "type": "Feature"
    },
    {
      "geometry": {
        "coordinates": [
          24.695286,
          45.055011
        ],
        "type": "Point"
      },
      "properties": {
        "calls": 8,
        "id": "13643",
        "name": "Băiculeşti h.",
        "operator_count": 1,
        "operators": [
          "CFR Călători"
        ]
      },
      "type": "Feature"
    },
    {
      "geometry": {
        "coordinates": [
          24.674121,
          45.090312
        ],
        "type": "Point"
      },
      "properties": {
        "calls": 7,
        "id": "13655",
        "name": "Zigoneni h.",
        "operator_count": 1,
        "operators": [
          "CFR Călători"
        ]
      },
      "type": "Feature"
    },
    {
      "geometry": {
        "coordinates": [
          24.672983,
          45.137936
        ],
        "type": "Point"
      },
      "properties": {
        "calls": 8,
        "id": "13667",
        "name": "Curtea de Argeş Hm.",
        "operator_count": 1,
        "operators": [
          "CFR Călători"
        ]
      },
      "type": "Feature"
    },
    {
      "geometry": {
        "coordinates": [
          26.091033,
          44.3654
        ],
        "type": "Point"
      },
      "properties": {
        "calls": 32,
        "id": "13863",
        "name": "Bucureşti Progresu",
        "operator_count": 1,
        "operators": [
          "CFR Călători"
        ]
      },
      "type": "Feature"
    },
    {
      "geometry": {
        "coordinates": [
          26.106357,
          44.341686
        ],
        "type": "Point"
      },
      "properties": {
        "calls": 18,
        "id": "13887",
        "name": "Jilava Hm.",
        "operator_count": 1,
        "operators": [
          "CFR Călători"
        ]
      },
      "type": "Feature"
    },
    {
      "geometry": {
        "coordinates": [
          26.130752,
          44.304099
        ],
        "type": "Point"
      },
      "properties": {
        "calls": 18,
        "id": "13899",
        "name": "Sinteşti h.",
        "operator_count": 1,
        "operators": [
          "CFR Călători"
        ]
      },
      "type": "Feature"
    },
    {
      "geometry": {
        "coordinates": [
          26.153549,
          44.268844
        ],
        "type": "Point"
      },
      "properties": {
        "calls": 18,
        "id": "13904",
        "name": "Vidra Hm.",
        "operator_count": 1,
        "operators": [
          "CFR Călători"
        ]
      },
      "type": "Feature"
    },
    {
      "geometry": {
        "coordinates": [
          26.162836,
          44.205335
        ],
        "type": "Point"
      },
      "properties": {
        "calls": 18,
        "id": "13916",
        "name": "Grădiştea PO",
        "operator_count": 1,
        "operators": [
          "CFR Călători"
        ]
      },
      "type": "Feature"
    },
    {
      "geometry": {
        "coordinates": [
          26.146776,
          44.170348
        ],
        "type": "Point"
      },
      "properties": {
        "calls": 18,
        "id": "13928",
        "name": "Comana Hm.",
        "operator_count": 1,
        "operators": [
          "CFR Călători"
        ]
      },
      "type": "Feature"
    },
    {
      "geometry": {
        "coordinates": [
          26.124474,
          44.138117
        ],
        "type": "Point"
      },
      "properties": {
        "calls": 18,
        "id": "13942",
        "name": "Vlad Ţepeş h.",
        "operator_count": 1,
        "operators": [
          "CFR Călători"
        ]
      },
      "type": "Feature"
    },
    {
      "geometry": {
        "coordinates": [
          26.082596,
          44.117297
        ],
        "type": "Point"
      },
      "properties": {
        "calls": 18,
        "id": "13954",
        "name": "Mihai Bravu",
        "operator_count": 1,
        "operators": [
          "CFR Călători"
        ]
      },
      "type": "Feature"
    },
    {
      "geometry": {
        "coordinates": [
          26.045513,
          44.052247
        ],
        "type": "Point"
      },
      "properties": {
        "calls": 18,
        "id": "13978",
        "name": "Băneasa Giurgiu Hm.",
        "operator_count": 1,
        "operators": [
          "CFR Călători"
        ]
      },
      "type": "Feature"
    },
    {
      "geometry": {
        "coordinates": [
          26.015397,
          44.026838
        ],
        "type": "Point"
      },
      "properties": {
        "calls": 18,
        "id": "13980",
        "name": "Tabanu h.",
        "operator_count": 1,
        "operators": [
          "CFR Călători"
        ]
      },
      "type": "Feature"
    },
    {
      "geometry": {
        "coordinates": [
          26.000345,
          43.995726
        ],
        "type": "Point"
      },
      "properties": {
        "calls": 18,
        "id": "14001",
        "name": "Daia PO",
        "operator_count": 1,
        "operators": [
          "CFR Călători"
        ]
      },
      "type": "Feature"
    },
    {
      "geometry": {
        "coordinates": [
          25.970984,
          43.964017
        ],
        "type": "Point"
      },
      "properties": {
        "calls": 18,
        "id": "14013",
        "name": "Frăteşti",
        "operator_count": 1,
        "operators": [
          "CFR Călători"
        ]
      },
      "type": "Feature"
    },
    {
      "geometry": {
        "coordinates": [
          25.964847,
          43.92206
        ],
        "type": "Point"
      },
      "properties": {
        "calls": 34,
        "id": "14037",
        "name": "Giurgiu Nord",
        "operator_count": 1,
        "operators": [
          "CFR Călători"
        ]
      },
      "type": "Feature"
    },
    {
      "geometry": {
        "coordinates": [
          25.960798,
          43.89533
        ],
        "type": "Point"
      },
      "properties": {
        "calls": 26,
        "id": "14049",
        "name": "Giurgiu",
        "operator_count": 1,
        "operators": [
          "CFR Călători"
        ]
      },
      "type": "Feature"
    },
    {
      "geometry": {
        "coordinates": [
          25.99803,
          43.857864
        ],
        "type": "Point"
      },
      "properties": {
        "calls": 8,
        "id": "14104",
        "name": "Ruse Triaj",
        "operator_count": 1,
        "operators": [
          "CFR Călători"
        ]
      },
      "type": "Feature"
    },
    {
      "geometry": {
        "coordinates": [
          25.541333,
          44.226245
        ],
        "type": "Point"
      },
      "properties": {
        "calls": 8,
        "id": "14178",
        "name": "Răduleşti Hm.",
        "operator_count": 1,
        "operators": [
          "CFR Călători"
        ]
      },
      "type": "Feature"
    },
    {
      "geometry": {
        "coordinates": [
          25.546967,
          44.158567
        ],
        "type": "Point"
      },
      "properties": {
        "calls": 8,
        "id": "14192",
        "name": "Târnavele Hm.",
        "operator_count": 1,
        "operators": [
          "CFR Călători"
        ]
      },
      "type": "Feature"
    },
    {
      "geometry": {
        "coordinates": [
          25.585243,
          44.096169
        ],
        "type": "Point"
      },
      "properties": {
        "calls": 8,
        "id": "14219",
        "name": "Vlaşca Hm.",
        "operator_count": 1,
        "operators": [
          "CFR Călători"
        ]
      },
      "type": "Feature"
    },
    {
      "geometry": {
        "coordinates": [
          25.628148,
          44.06451
        ],
        "type": "Point"
      },
      "properties": {
        "calls": 8,
        "id": "14221",
        "name": "Răsuceni h.",
        "operator_count": 1,
        "operators": [
          "CFR Călători"
        ]
      },
      "type": "Feature"
    },
    {
      "geometry": {
        "coordinates": [
          25.655994,
          44.033509
        ],
        "type": "Point"
      },
      "properties": {
        "calls": 8,
        "id": "14233",
        "name": "Toporu",
        "operator_count": 1,
        "operators": [
          "CFR Călători"
        ]
      },
      "type": "Feature"
    },
    {
      "geometry": {
        "coordinates": [
          25.954717,
          43.939174
        ],
        "type": "Point"
      },
      "properties": {
        "calls": 8,
        "id": "14257",
        "name": "Cetatea h.",
        "operator_count": 1,
        "operators": [
          "CFR Călători"
        ]
      },
      "type": "Feature"
    },
    {
      "geometry": {
        "coordinates": [
          25.762688,
          43.981844
        ],
        "type": "Point"
      },
      "properties": {
        "calls": 8,
        "id": "14269",
        "name": "Chiriacu Hm.",
        "operator_count": 1,
        "operators": [
          "CFR Călători"
        ]
      },
      "type": "Feature"
    },
    {
      "geometry": {
        "coordinates": [
          25.841185,
          43.949847
        ],
        "type": "Point"
      },
      "properties": {
        "calls": 8,
        "id": "14283",
        "name": "Stăneşti Hm.",
        "operator_count": 1,
        "operators": [
          "CFR Călători"
        ]
      },
      "type": "Feature"
    },
    {
      "geometry": {
        "coordinates": [
          25.895176,
          43.94357
        ],
        "type": "Point"
      },
      "properties": {
        "calls": 8,
        "id": "14295",
        "name": "Onceşti h.",
        "operator_count": 1,
        "operators": [
          "CFR Călători"
        ]
      },
      "type": "Feature"
    },
    {
      "geometry": {
        "coordinates": [
          25.930533,
          43.947999
        ],
        "type": "Point"
      },
      "properties": {
        "calls": 8,
        "id": "14300",
        "name": "Bălănoaia Hm.",
        "operator_count": 1,
        "operators": [
          "CFR Călători"
        ]
      },
      "type": "Feature"
    },
    {
      "geometry": {
        "coordinates": [
          25.005814,
          44.109581
        ],
        "type": "Point"
      },
      "properties": {
        "calls": 13,
        "id": "14312",
        "name": "Roşiori Hm.",
        "operator_count": 1,
        "operators": [
          "CFR Călători"
        ]
      },
      "type": "Feature"
    },
    {
      "geometry": {
        "coordinates": [
          25.094484,
          44.047563
        ],
        "type": "Point"
      },
      "properties": {
        "calls": 13,
        "id": "14465",
        "name": "Peret h.",
        "operator_count": 1,
        "operators": [
          "CFR Călători"
        ]
      },
      "type": "Feature"
    },
    {
      "geometry": {
        "coordinates": [
          25.142767,
          44.030413
        ],
        "type": "Point"
      },
      "properties": {
        "calls": 13,
        "id": "14477",
        "name": "Plosca Hm.",
        "operator_count": 1,
        "operators": [
          "CFR Călători"
        ]
      },
      "type": "Feature"
    },
    {
      "geometry": {
        "coordinates": [
          25.223978,
          44.009644
        ],
        "type": "Point"
      },
      "properties": {
        "calls": 13,
        "id": "14491",
        "name": "Buzescu h.",
        "operator_count": 1,
        "operators": [
          "CFR Călători"
        ]
      },
      "type": "Feature"
    },
    {
      "geometry": {
        "coordinates": [
          25.309058,
          43.974777
        ],
        "type": "Point"
      },
      "properties": {
        "calls": 13,
        "id": "14506",
        "name": "Alexandria Nord h.",
        "operator_count": 1,
        "operators": [
          "CFR Călători"
        ]
      },
      "type": "Feature"
    },
    {
      "geometry": {
        "coordinates": [
          25.325808,
          43.963912
        ],
        "type": "Point"
      },
      "properties": {
        "calls": 13,
        "id": "14518",
        "name": "Alexandria",
        "operator_count": 1,
        "operators": [
          "CFR Călători"
        ]
      },
      "type": "Feature"
    },
    {
      "geometry": {
        "coordinates": [
          24.299891,
          44.272104
        ],
        "type": "Point"
      },
      "properties": {
        "calls": 6,
        "id": "14685",
        "name": "Şopârliţa h.",
        "operator_count": 1,
        "operators": [
          "CFR Călători"
        ]
      },
      "type": "Feature"
    },
    {
      "geometry": {
        "coordinates": [
          24.324166,
          44.254874
        ],
        "type": "Point"
      },
      "properties": {
        "calls": 6,
        "id": "14697",
        "name": "Vlăduleni Hm.",
        "operator_count": 1,
        "operators": [
          "CFR Călători"
        ]
      },
      "type": "Feature"
    },
    {
      "geometry": {
        "coordinates": [
          24.345821,
          44.226635
        ],
        "type": "Point"
      },
      "properties": {
        "calls": 6,
        "id": "14702",
        "name": "Fălcoiu h.",
        "operator_count": 1,
        "operators": [
          "CFR Călători"
        ]
      },
      "type": "Feature"
    },
    {
      "geometry": {
        "coordinates": [
          24.401109,
          44.17749
        ],
        "type": "Point"
      },
      "properties": {
        "calls": 6,
        "id": "14726",
        "name": "Romula Hm.",
        "operator_count": 1,
        "operators": [
          "CFR Călători"
        ]
      },
      "type": "Feature"
    },
    {
      "geometry": {
        "coordinates": [
          24.371064,
          44.107578
        ],
        "type": "Point"
      },
      "properties": {
        "calls": 3,
        "id": "14738",
        "name": "Canton 239+700 h.",
        "operator_count": 1,
        "operators": [
          "CFR Călători"
        ]
      },
      "type": "Feature"
    },
    {
      "geometry": {
        "coordinates": [
          24.394609,
          44.058084
        ],
        "type": "Point"
      },
      "properties": {
        "calls": 4,
        "id": "14740",
        "name": "Deveselu h.",
        "operator_count": 1,
        "operators": [
          "CFR Călători"
        ]
      },
      "type": "Feature"
    },
    {
      "geometry": {
        "coordinates": [
          24.380918,
          44.086439
        ],
        "type": "Point"
      },
      "properties": {
        "calls": 4,
        "id": "14752",
        "name": "Grupa Tehnică Caracal Hm.",
        "operator_count": 1,
        "operators": [
          "CFR Călători"
        ]
      },
      "type": "Feature"
    },
    {
      "geometry": {
        "coordinates": [
          24.421729,
          44.002457
        ],
        "type": "Point"
      },
      "properties": {
        "calls": 4,
        "id": "14764",
        "name": "Frăsinet h.",
        "operator_count": 1,
        "operators": [
          "CFR Călători"
        ]
      },
      "type": "Feature"
    },
    {
      "geometry": {
        "coordinates": [
          24.432552,
          43.975433
        ],
        "type": "Point"
      },
      "properties": {
        "calls": 4,
        "id": "14776",
        "name": "Studiniţa h.",
        "operator_count": 1,
        "operators": [
          "CFR Călători"
        ]
      },
      "type": "Feature"
    },
    {
      "geometry": {
        "coordinates": [
          24.424121,
          43.939356
        ],
        "type": "Point"
      },
      "properties": {
        "calls": 4,
        "id": "14788",
        "name": "Studina h.",
        "operator_count": 1,
        "operators": [
          "CFR Călători"
        ]
      },
      "type": "Feature"
    },
    {
      "geometry": {
        "coordinates": [
          24.43574,
          43.886436
        ],
        "type": "Point"
      },
      "properties": {
        "calls": 4,
        "id": "14805",
        "name": "Vişina h.",
        "operator_count": 1,
        "operators": [
          "CFR Călători"
        ]
      },
      "type": "Feature"
    },
    {
      "geometry": {
        "coordinates": [
          24.441516,
          43.865289
        ],
        "type": "Point"
      },
      "properties": {
        "calls": 4,
        "id": "14817",
        "name": "Vişina Veche h.",
        "operator_count": 1,
        "operators": [
          "CFR Călători"
        ]
      },
      "type": "Feature"
    },
    {
      "geometry": {
        "coordinates": [
          24.503765,
          43.771783
        ],
        "type": "Point"
      },
      "properties": {
        "calls": 4,
        "id": "14855",
        "name": "Corabia Hm.",
        "operator_count": 1,
        "operators": [
          "CFR Călători"
        ]
      },
      "type": "Feature"
    },
    {
      "geometry": {
        "coordinates": [
          23.84629,
          44.305814
        ],
        "type": "Point"
      },
      "properties": {
        "calls": 8,
        "id": "14879",
        "name": "Jiu Hm.",
        "operator_count": 1,
        "operators": [
          "CFR Călători"
        ]
      },
      "type": "Feature"
    },
    {
      "geometry": {
        "coordinates": [
          23.783944,
          44.243553
        ],
        "type": "Point"
      },
      "properties": {
        "calls": 8,
        "id": "14922",
        "name": "Podari",
        "operator_count": 1,
        "operators": [
          "CFR Călători"
        ]
      },
      "type": "Feature"
    },
    {
      "geometry": {
        "coordinates": [
          23.709772,
          44.166442
        ],
        "type": "Point"
      },
      "properties": {
        "calls": 8,
        "id": "14946",
        "name": "Sălcuţa Hm.",
        "operator_count": 1,
        "operators": [
          "CFR Călători"
        ]
      },
      "type": "Feature"
    },
    {
      "geometry": {
        "coordinates": [
          23.694981,
          44.128479
        ],
        "type": "Point"
      },
      "properties": {
        "calls": 5,
        "id": "14958",
        "name": "Dealul Robului h.",
        "operator_count": 1,
        "operators": [
          "CFR Călători"
        ]
      },
      "type": "Feature"
    },
    {
      "geometry": {
        "coordinates": [
          23.724177,
          44.08133
        ],
        "type": "Point"
      },
      "properties": {
        "calls": 8,
        "id": "14960",
        "name": "Segarcea",
        "operator_count": 1,
        "operators": [
          "CFR Călători"
        ]
      },
      "type": "Feature"
    },
    {
      "geometry": {
        "coordinates": [
          23.730062,
          44.090307
        ],
        "type": "Point"
      },
      "properties": {
        "calls": 8,
        "id": "14972",
        "name": "Segarcea Nord hc.",
        "operator_count": 1,
        "operators": [
          "CFR Călători"
        ]
      },
      "type": "Feature"
    },
    {
      "geometry": {
        "coordinates": [
          23.646517,
          44.038301
        ],
        "type": "Point"
      },
      "properties": {
        "calls": 8,
        "id": "14984",
        "name": "Portăreşti Hm.",
        "operator_count": 1,
        "operators": [
          "CFR Călători"
        ]
      },
      "type": "Feature"
    },
    {
      "geometry": {
        "coordinates": [
          23.687917,
          44.060915
        ],
        "type": "Point"
      },
      "properties": {
        "calls": 8,
        "id": "14996",
        "name": "Cerăt h.",
        "operator_count": 1,
        "operators": [
          "CFR Călători"
        ]
      },
      "type": "Feature"
    },
    {
      "geometry": {
        "coordinates": [
          23.606043,
          44.030507
        ],
        "type": "Point"
      },
      "properties": {
        "calls": 6,
        "id": "15005",
        "name": "Urzica Mare h.",
        "operator_count": 1,
        "operators": [
          "CFR Călători"
        ]
      },
      "type": "Feature"
    },
    {
      "geometry": {
        "coordinates": [
          23.524703,
          44.031735
        ],
        "type": "Point"
      },
      "properties": {
        "calls": 8,
        "id": "15017",
        "name": "Afumaţi h.",
        "operator_count": 1,
        "operators": [
          "CFR Călători"
        ]
      },
      "type": "Feature"
    },
    {
      "geometry": {
        "coordinates": [
          23.468299,
          44.031925
        ],
        "type": "Point"
      },
      "properties": {
        "calls": 8,
        "id": "15029",
        "name": "Siliştea Crucii h.",
        "operator_count": 1,
        "operators": [
          "CFR Călători"
        ]
      },
      "type": "Feature"
    },
    {
      "geometry": {
        "coordinates": [
          23.437862,
          44.032315
        ],
        "type": "Point"
      },
      "properties": {
        "calls": 8,
        "id": "15031",
        "name": "Boureni P.M.",
        "operator_count": 1,
        "operators": [
          "CFR Călători"
        ]
      },
      "type": "Feature"
    },
    {
      "geometry": {
        "coordinates": [
          23.349692,
          44.03343
        ],
        "type": "Point"
      },
      "properties": {
        "calls": 8,
        "id": "15055",
        "name": "Băileşti",
        "operator_count": 1,
        "operators": [
          "CFR Călători"
        ]
      },
      "type": "Feature"
    },
    {
      "geometry": {
        "coordinates": [
          23.189784,
          44.03488
        ],
        "type": "Point"
      },
      "properties": {
        "calls": 6,
        "id": "15093",
        "name": "Moţăţei Hm.",
        "operator_count": 1,
        "operators": [
          "CFR Călători"
        ]
      },
      "type": "Feature"
    },
    {
      "geometry": {
        "coordinates": [
          23.121841,
          44.009975
        ],
        "type": "Point"
      },
      "properties": {
        "calls": 6,
        "id": "15110",
        "name": "Maglavit h.",
        "operator_count": 1,
        "operators": [
          "CFR Călători"
        ]
      },
      "type": "Feature"
    },
    {
      "geometry": {
        "coordinates": [
          23.051823,
          43.9806
        ],
        "type": "Point"
      },
      "properties": {
        "calls": 6,
        "id": "15134",
        "name": "Golenţi Hm.",
        "operator_count": 1,
        "operators": [
          "CFR Călători"
        ]
      },
      "type": "Feature"
    },
    {
      "geometry": {
        "coordinates": [
          22.970223,
          43.978425
        ],
        "type": "Point"
      },
      "properties": {
        "calls": 2,
        "id": "15158",
        "name": "Ram. Golenţi",
        "operator_count": 1,
        "operators": [
          "CFR Călători"
        ]
      },
      "type": "Feature"
    },
    {
      "geometry": {
        "coordinates": [
          22.924266,
          43.99122
        ],
        "type": "Point"
      },
      "properties": {
        "calls": 4,
        "id": "15172",
        "name": "Calafat",
        "operator_count": 1,
        "operators": [
          "CFR Călători"
        ]
      },
      "type": "Feature"
    },
    {
      "geometry": {
        "coordinates": [
          22.15352,
          45.449223
        ],
        "type": "Point"
      },
      "properties": {
        "calls": 7,
        "id": "15574",
        "name": "Valea Păltinişului h.",
        "operator_count": 1,
        "operators": [
          "CFR Călători"
        ]
      },
      "type": "Feature"
    },
    {
      "geometry": {
        "coordinates": [
          22.09429,
          45.429853
        ],
        "type": "Point"
      },
      "properties": {
        "calls": 10,
        "id": "15598",
        "name": "Cornuţel Banat Hm.",
        "operator_count": 1,
        "operators": [
          "CFR Călători"
        ]
      },
      "type": "Feature"
    },
    {
      "geometry": {
        "coordinates": [
          22.034107,
          45.421105
        ],
        "type": "Point"
      },
      "properties": {
        "calls": 1,
        "id": "15615",
        "name": "Valeadeni h.",
        "operator_count": 1,
        "operators": [
          "CFR Călători"
        ]
      },
      "type": "Feature"
    },
    {
      "geometry": {
        "coordinates": [
          21.977845,
          45.427985
        ],
        "type": "Point"
      },
      "properties": {
        "calls": 10,
        "id": "15639",
        "name": "Brebu Hm.",
        "operator_count": 1,
        "operators": [
          "CFR Călători"
        ]
      },
      "type": "Feature"
    },
    {
      "geometry": {
        "coordinates": [
          21.908091,
          45.399909
        ],
        "type": "Point"
      },
      "properties": {
        "calls": 10,
        "id": "15653",
        "name": "Ezeriş h.",
        "operator_count": 1,
        "operators": [
          "CFR Călători"
        ]
      },
      "type": "Feature"
    },
    {
      "geometry": {
        "coordinates": [
          21.892521,
          45.358259
        ],
        "type": "Point"
      },
      "properties": {
        "calls": 10,
        "id": "15677",
        "name": "Bănila Câlnic h.",
        "operator_count": 1,
        "operators": [
          "CFR Călători"
        ]
      },
      "type": "Feature"
    },
    {
      "geometry": {
        "coordinates": [
          21.79559,
          45.676731
        ],
        "type": "Point"
      },
      "properties": {
        "calls": 10,
        "id": "15706",
        "name": "Boldur h.",
        "operator_count": 1,
        "operators": [
          "CFR Călători"
        ]
      },
      "type": "Feature"
    },
    {
      "geometry": {
        "coordinates": [
          21.717245,
          45.684835
        ],
        "type": "Point"
      },
      "properties": {
        "calls": 10,
        "id": "15720",
        "name": "Sinia PO",
        "operator_count": 1,
        "operators": [
          "CFR Călători"
        ]
      },
      "type": "Feature"
    },
    {
      "geometry": {
        "coordinates": [
          21.65794,
          45.690375
        ],
        "type": "Point"
      },
      "properties": {
        "calls": 10,
        "id": "15732",
        "name": "Căpăt h.",
        "operator_count": 1,
        "operators": [
          "CFR Călători"
        ]
      },
      "type": "Feature"
    },
    {
      "geometry": {
        "coordinates": [
          21.580406,
          45.657838
        ],
        "type": "Point"
      },
      "properties": {
        "calls": 13,
        "id": "15756",
        "name": "Buziaş Hm.",
        "operator_count": 1,
        "operators": [
          "CFR Călători"
        ]
      },
      "type": "Feature"
    },
    {
      "geometry": {
        "coordinates": [
          21.428327,
          45.422623
        ],
        "type": "Point"
      },
      "properties": {
        "calls": 11,
        "id": "15835",
        "name": "Gataia Hm.",
        "operator_count": 1,
        "operators": [
          "Regio Călători"
        ]
      },
      "type": "Feature"
    },
    {
      "geometry": {
        "coordinates": [
          21.203387,
          45.715357
        ],
        "type": "Point"
      },
      "properties": {
        "calls": 27,
        "id": "15914",
        "name": "Timişoara Sud",
        "operator_count": 2,
        "operators": [
          "Regio Călători",
          "CFR Călători"
        ]
      },
      "type": "Feature"
    },
    {
      "geometry": {
        "coordinates": [
          21.200184,
          45.698556
        ],
        "type": "Point"
      },
      "properties": {
        "calls": 8,
        "id": "15938",
        "name": "Timişoara C.E.T. Hm.",
        "operator_count": 2,
        "operators": [
          "Regio Călători",
          "CFR Călători"
        ]
      },
      "type": "Feature"
    },
    {
      "geometry": {
        "coordinates": [
          21.1804,
          45.652392
        ],
        "type": "Point"
      },
      "properties": {
        "calls": 16,
        "id": "15940",
        "name": "Timişeni Hm.",
        "operator_count": 2,
        "operators": [
          "Regio Călători",
          "CFR Călători"
        ]
      },
      "type": "Feature"
    },
    {
      "geometry": {
        "coordinates": [
          21.193093,
          45.593179
        ],
        "type": "Point"
      },
      "properties": {
        "calls": 16,
        "id": "15964",
        "name": "Pădureni Timiş P.M.",
        "operator_count": 2,
        "operators": [
          "Regio Călători",
          "CFR Călători"
        ]
      },
      "type": "Feature"
    },
    {
      "geometry": {
        "coordinates": [
          21.197882,
          45.556599
        ],
        "type": "Point"
      },
      "properties": {
        "calls": 18,
        "id": "15988",
        "name": "Jebel Hm.",
        "operator_count": 2,
        "operators": [
          "Regio Călători",
          "CFR Călători"
        ]
      },
      "type": "Feature"
    },
    {
      "geometry": {
        "coordinates": [
          21.223247,
          45.475474
        ],
        "type": "Point"
      },
      "properties": {
        "calls": 18,
        "id": "16009",
        "name": "Voiteni",
        "operator_count": 2,
        "operators": [
          "Regio Călători",
          "CFR Călători"
        ]
      },
      "type": "Feature"
    },
    {
      "geometry": {
        "coordinates": [
          21.328859,
          45.442431
        ],
        "type": "Point"
      },
      "properties": {
        "calls": 9,
        "id": "16023",
        "name": "Birda hcv.",
        "operator_count": 1,
        "operators": [
          "Regio Călători"
        ]
      },
      "type": "Feature"
    },
    {
      "geometry": {
        "coordinates": [
          21.511256,
          45.422482
        ],
        "type": "Point"
      },
      "properties": {
        "calls": 11,
        "id": "16047",
        "name": "Măureni h.",
        "operator_count": 1,
        "operators": [
          "Regio Călători"
        ]
      },
      "type": "Feature"
    },
    {
      "geometry": {
        "coordinates": [
          21.587818,
          45.421008
        ],
        "type": "Point"
      },
      "properties": {
        "calls": 11,
        "id": "16061",
        "name": "Gherteniş h.",
        "operator_count": 1,
        "operators": [
          "Regio Călători"
        ]
      },
      "type": "Feature"
    },
    {
      "geometry": {
        "coordinates": [
          21.633303,
          45.4179
        ],
        "type": "Point"
      },
      "properties": {
        "calls": 11,
        "id": "16073",
        "name": "Berzovia Hm.",
        "operator_count": 1,
        "operators": [
          "Regio Călători"
        ]
      },
      "type": "Feature"
    },
    {
      "geometry": {
        "coordinates": [
          21.70992,
          45.376757
        ],
        "type": "Point"
      },
      "properties": {
        "calls": 11,
        "id": "16114",
        "name": "Bocşa Română hc.",
        "operator_count": 1,
        "operators": [
          "Regio Călători"
        ]
      },
      "type": "Feature"
    },
    {
      "geometry": {
        "coordinates": [
          21.759974,
          45.380528
        ],
        "type": "Point"
      },
      "properties": {
        "calls": 11,
        "id": "16126",
        "name": "Vasiova Hm.",
        "operator_count": 1,
        "operators": [
          "Regio Călători"
        ]
      },
      "type": "Feature"
    },
    {
      "geometry": {
        "coordinates": [
          21.780673,
          45.381603
        ],
        "type": "Point"
      },
      "properties": {
        "calls": 11,
        "id": "16140",
        "name": "Bocşa Montană h.",
        "operator_count": 1,
        "operators": [
          "Regio Călători"
        ]
      },
      "type": "Feature"
    },
    {
      "geometry": {
        "coordinates": [
          21.801928,
          45.367699
        ],
        "type": "Point"
      },
      "properties": {
        "calls": 9,
        "id": "16152",
        "name": "Colţan h.",
        "operator_count": 1,
        "operators": [
          "Regio Călători"
        ]
      },
      "type": "Feature"
    },
    {
      "geometry": {
        "coordinates": [
          21.830238,
          45.352827
        ],
        "type": "Point"
      },
      "properties": {
        "calls": 11,
        "id": "16164",
        "name": "Moniom h.",
        "operator_count": 1,
        "operators": [
          "Regio Călători"
        ]
      },
      "type": "Feature"
    },
    {
      "geometry": {
        "coordinates": [
          21.858297,
          45.334385
        ],
        "type": "Point"
      },
      "properties": {
        "calls": 6,
        "id": "16176",
        "name": "Câlnic h.",
        "operator_count": 1,
        "operators": [
          "Regio Călători"
        ]
      },
      "type": "Feature"
    },
    {
      "geometry": {
        "coordinates": [
          21.872035,
          45.322583
        ],
        "type": "Point"
      },
      "properties": {
        "calls": 21,
        "id": "16205",
        "name": "Reşiţa Nord",
        "operator_count": 2,
        "operators": [
          "Regio Călători",
          "CFR Călători"
        ]
      },
      "type": "Feature"
    },
    {
      "geometry": {
        "coordinates": [
          21.888527,
          45.29148
        ],
        "type": "Point"
      },
      "properties": {
        "calls": 10,
        "id": "16281",
        "name": "Reşiţa Sud Hm.",
        "operator_count": 1,
        "operators": [
          "CFR Călători"
        ]
      },
      "type": "Feature"
    },
    {
      "geometry": {
        "coordinates": [
          21.21125,
          45.710667
        ],
        "type": "Point"
      },
      "properties": {
        "calls": 9,
        "id": "16308",
        "name": "Giroc h.",
        "operator_count": 1,
        "operators": [
          "CFR Călători"
        ]
      },
      "type": "Feature"
    },
    {
      "geometry": {
        "coordinates": [
          21.235517,
          45.706276
        ],
        "type": "Point"
      },
      "properties": {
        "calls": 7,
        "id": "16310",
        "name": "Semenic Hm.",
        "operator_count": 1,
        "operators": [
          "CFR Călători"
        ]
      },
      "type": "Feature"
    },
    {
      "geometry": {
        "coordinates": [
          21.308574,
          45.69626
        ],
        "type": "Point"
      },
      "properties": {
        "calls": 9,
        "id": "16334",
        "name": "Urseni h.",
        "operator_count": 1,
        "operators": [
          "CFR Călători"
        ]
      },
      "type": "Feature"
    },
    {
      "geometry": {
        "coordinates": [
          21.366674,
          45.680327
        ],
        "type": "Point"
      },
      "properties": {
        "calls": 9,
        "id": "16358",
        "name": "Uliuc h.",
        "operator_count": 1,
        "operators": [
          "CFR Călători"
        ]
      },
      "type": "Feature"
    },
    {
      "geometry": {
        "coordinates": [
          21.426675,
          45.664848
        ],
        "type": "Point"
      },
      "properties": {
        "calls": 9,
        "id": "16372",
        "name": "Sacosu Mic",
        "operator_count": 1,
        "operators": [
          "CFR Călători"
        ]
      },
      "type": "Feature"
    },
    {
      "geometry": {
        "coordinates": [
          21.494143,
          45.655043
        ],
        "type": "Point"
      },
      "properties": {
        "calls": 9,
        "id": "16396",
        "name": "Chevereş h.",
        "operator_count": 1,
        "operators": [
          "CFR Călători"
        ]
      },
      "type": "Feature"
    },
    {
      "geometry": {
        "coordinates": [
          21.55175,
          45.658838
        ],
        "type": "Point"
      },
      "properties": {
        "calls": 9,
        "id": "16401",
        "name": "Bacova h.",
        "operator_count": 1,
        "operators": [
          "CFR Călători"
        ]
      },
      "type": "Feature"
    },
    {
      "geometry": {
        "coordinates": [
          21.230669,
          45.396604
        ],
        "type": "Point"
      },
      "properties": {
        "calls": 7,
        "id": "16607",
        "name": "Deta Hm.",
        "operator_count": 1,
        "operators": [
          "CFR Călători"
        ]
      },
      "type": "Feature"
    },
    {
      "geometry": {
        "coordinates": [
          21.23543,
          45.345605
        ],
        "type": "Point"
      },
      "properties": {
        "calls": 7,
        "id": "16621",
        "name": "Denta h.",
        "operator_count": 1,
        "operators": [
          "CFR Călători"
        ]
      },
      "type": "Feature"
    },
    {
      "geometry": {
        "coordinates": [
          21.254697,
          45.282449
        ],
        "type": "Point"
      },
      "properties": {
        "calls": 7,
        "id": "16633",
        "name": "Stamora Germană P.O",
        "operator_count": 1,
        "operators": [
          "CFR Călători"
        ]
      },
      "type": "Feature"
    },
    {
      "geometry": {
        "coordinates": [
          21.255044,
          45.273294
        ],
        "type": "Point"
      },
      "properties": {
        "calls": 7,
        "id": "16645",
        "name": "Stamora Moravita",
        "operator_count": 1,
        "operators": [
          "CFR Călători"
        ]
      },
      "type": "Feature"
    },
    {
      "geometry": {
        "coordinates": [
          21.687759,
          45.036689
        ],
        "type": "Point"
      },
      "properties": {
        "calls": 2,
        "id": "16841",
        "name": "Oraviţa",
        "operator_count": 1,
        "operators": [
          "CFR Călători"
        ]
      },
      "type": "Feature"
    },
    {
      "geometry": {
        "coordinates": [
          21.712291,
          45.074283
        ],
        "type": "Point"
      },
      "properties": {
        "calls": 2,
        "id": "16968",
        "name": "Brădişoru de Jos h.",
        "operator_count": 1,
        "operators": [
          "CFR Călători"
        ]
      },
      "type": "Feature"
    },
    {
      "geometry": {
        "coordinates": [
          21.780813,
          45.105127
        ],
        "type": "Point"
      },
      "properties": {
        "calls": 2,
        "id": "16970",
        "name": "Lişava Hm.",
        "operator_count": 1,
        "operators": [
          "CFR Călători"
        ]
      },
      "type": "Feature"
    },
    {
      "geometry": {
        "coordinates": [
          21.787746,
          45.12822
        ],
        "type": "Point"
      },
      "properties": {
        "calls": 2,
        "id": "16982",
        "name": "Ciudanoviţa Pam.",
        "operator_count": 1,
        "operators": [
          "CFR Călători"
        ]
      },
      "type": "Feature"
    },
    {
      "geometry": {
        "coordinates": [
          21.825128,
          45.145462
        ],
        "type": "Point"
      },
      "properties": {
        "calls": 2,
        "id": "17003",
        "name": "Gârliste Hm.",
        "operator_count": 1,
        "operators": [
          "CFR Călători"
        ]
      },
      "type": "Feature"
    },
    {
      "geometry": {
        "coordinates": [
          21.852716,
          45.088934
        ],
        "type": "Point"
      },
      "properties": {
        "calls": 2,
        "id": "17015",
        "name": "Anina",
        "operator_count": 1,
        "operators": [
          "CFR Călători"
        ]
      },
      "type": "Feature"
    },
    {
      "geometry": {
        "coordinates": [
          21.16897,
          45.724434
        ],
        "type": "Point"
      },
      "properties": {
        "calls": 10,
        "id": "17053",
        "name": "Timişoara Vest Hm.",
        "operator_count": 1,
        "operators": [
          "Regio Călători"
        ]
      },
      "type": "Feature"
    },
    {
      "geometry": {
        "coordinates": [
          21.127147,
          45.705145
        ],
        "type": "Point"
      },
      "properties": {
        "calls": 10,
        "id": "17091",
        "name": "Utvin h.",
        "operator_count": 1,
        "operators": [
          "Regio Călători"
        ]
      },
      "type": "Feature"
    },
    {
      "geometry": {
        "coordinates": [
          21.105944,
          45.690158
        ],
        "type": "Point"
      },
      "properties": {
        "calls": 10,
        "id": "17106",
        "name": "Sânmihai h.",
        "operator_count": 1,
        "operators": [
          "Regio Călători"
        ]
      },
      "type": "Feature"
    },
    {
      "geometry": {
        "coordinates": [
          21.130221,
          45.645141
        ],
        "type": "Point"
      },
      "properties": {
        "calls": 10,
        "id": "17120",
        "name": "Parţa h.",
        "operator_count": 1,
        "operators": [
          "Regio Călători"
        ]
      },
      "type": "Feature"
    },
    {
      "geometry": {
        "coordinates": [
          21.05233,
          45.597962
        ],
        "type": "Point"
      },
      "properties": {
        "calls": 10,
        "id": "17144",
        "name": "Peciu Nou h.",
        "operator_count": 1,
        "operators": [
          "Regio Călători"
        ]
      },
      "type": "Feature"
    },
    {
      "geometry": {
        "coordinates": [
          21.001738,
          45.565738
        ],
        "type": "Point"
      },
      "properties": {
        "calls": 9,
        "id": "17168",
        "name": "Cebza h.",
        "operator_count": 1,
        "operators": [
          "Regio Călători"
        ]
      },
      "type": "Feature"
    },
    {
      "geometry": {
        "coordinates": [
          20.995307,
          45.54878
        ],
        "type": "Point"
      },
      "properties": {
        "calls": 10,
        "id": "17170",
        "name": "Giulvăz h.",
        "operator_count": 1,
        "operators": [
          "Regio Călători"
        ]
      },
      "type": "Feature"
    },
    {
      "geometry": {
        "coordinates": [
          21.003688,
          45.503435
        ],
        "type": "Point"
      },
      "properties": {
        "calls": 10,
        "id": "17194",
        "name": "Rudna h.",
        "operator_count": 1,
        "operators": [
          "Regio Călători"
        ]
      },
      "type": "Feature"
    },
    {
      "geometry": {
        "coordinates": [
          20.872111,
          45.470993
        ],
        "type": "Point"
      },
      "properties": {
        "calls": 10,
        "id": "17211",
        "name": "Cruceni hcv.",
        "operator_count": 1,
        "operators": [
          "Regio Călători"
        ]
      },
      "type": "Feature"
    },
    {
      "geometry": {
        "coordinates": [
          26.069264,
          44.449479
        ],
        "type": "Point"
      },
      "properties": {
        "calls": 39,
        "id": "17417",
        "name": "Bucureşti Nord Gr.B",
        "operator_count": 2,
        "operators": [
          "Transferoviar Calatori",
          "CFR Călători"
        ]
      },
      "type": "Feature"
    },
    {
      "geometry": {
        "coordinates": [
          26.028153,
          44.476455
        ],
        "type": "Point"
      },
      "properties": {
        "calls": 6,
        "id": "17479",
        "name": "Bucureşti Triaj h.",
        "operator_count": 1,
        "operators": [
          "CFR Călători"
        ]
      },
      "type": "Feature"
    },
    {
      "geometry": {
        "coordinates": [
          26.014552,
          44.901552
        ],
        "type": "Point"
      },
      "properties": {
        "calls": 20,
        "id": "17728",
        "name": "P. M. Ram. Ploieşti Tj.",
        "operator_count": 1,
        "operators": [
          "CFR Călători"
        ]
      },
      "type": "Feature"
    },
    {
      "geometry": {
        "coordinates": [
          23.357442,
          44.732811
        ],
        "type": "Point"
      },
      "properties": {
        "calls": 9,
        "id": "18007",
        "name": "Gârbovu h.",
        "operator_count": 1,
        "operators": [
          "CFR Călători"
        ]
      },
      "type": "Feature"
    },
    {
      "geometry": {
        "coordinates": [
          23.363883,
          44.761986
        ],
        "type": "Point"
      },
      "properties": {
        "calls": 9,
        "id": "18019",
        "name": "Sărdăneşti h.",
        "operator_count": 1,
        "operators": [
          "CFR Călători"
        ]
      },
      "type": "Feature"
    },
    {
      "geometry": {
        "coordinates": [
          23.33415,
          44.801335
        ],
        "type": "Point"
      },
      "properties": {
        "calls": 9,
        "id": "18033",
        "name": "Plopşoru Hm.",
        "operator_count": 1,
        "operators": [
          "CFR Călători"
        ]
      },
      "type": "Feature"
    },
    {
      "geometry": {
        "coordinates": [
          23.300824,
          44.835861
        ],
        "type": "Point"
      },
      "properties": {
        "calls": 9,
        "id": "18069",
        "name": "Peşteana Jiu h.",
        "operator_count": 1,
        "operators": [
          "CFR Călători"
        ]
      },
      "type": "Feature"
    },
    {
      "geometry": {
        "coordinates": [
          23.273346,
          44.859339
        ],
        "type": "Point"
      },
      "properties": {
        "calls": 9,
        "id": "18071",
        "name": "Bâlteni h.",
        "operator_count": 1,
        "operators": [
          "CFR Călători"
        ]
      },
      "type": "Feature"
    },
    {
      "geometry": {
        "coordinates": [
          23.233234,
          44.885465
        ],
        "type": "Point"
      },
      "properties": {
        "calls": 9,
        "id": "18095",
        "name": "Vlăduleni Gorj h.",
        "operator_count": 1,
        "operators": [
          "CFR Călători"
        ]
      },
      "type": "Feature"
    },
    {
      "geometry": {
        "coordinates": [
          23.198037,
          44.895467
        ],
        "type": "Point"
      },
      "properties": {
        "calls": 9,
        "id": "18100",
        "name": "Roşia Jiu h.",
        "operator_count": 1,
        "operators": [
          "CFR Călători"
        ]
      },
      "type": "Feature"
    },
    {
      "geometry": {
        "coordinates": [
          23.170833,
          44.89873
        ],
        "type": "Point"
      },
      "properties": {
        "calls": 9,
        "id": "18112",
        "name": "Rovinari Sud h.",
        "operator_count": 1,
        "operators": [
          "CFR Călători"
        ]
      },
      "type": "Feature"
    },
    {
      "geometry": {
        "coordinates": [
          25.0027,
          44.827958
        ],
        "type": "Point"
      },
      "properties": {
        "calls": 2,
        "id": "18667",
        "name": "Canton 97+770 h.",
        "operator_count": 1,
        "operators": [
          "CFR Călători"
        ]
      },
      "type": "Feature"
    },
    {
      "geometry": {
        "coordinates": [
          25.574548,
          45.662858
        ],
        "type": "Point"
      },
      "properties": {
        "calls": 36,
        "id": "20012",
        "name": "Bartolomeu",
        "operator_count": 2,
        "operators": [
          "Regio Călători",
          "CFR Călători"
        ]
      },
      "type": "Feature"
    },
    {
      "geometry": {
        "coordinates": [
          25.509823,
          45.669532
        ],
        "type": "Point"
      },
      "properties": {
        "calls": 8,
        "id": "20036",
        "name": "Ghimbav Hm.",
        "operator_count": 1,
        "operators": [
          "CFR Călători"
        ]
      },
      "type": "Feature"
    },
    {
      "geometry": {
        "coordinates": [
          25.457175,
          45.693829
        ],
        "type": "Point"
      },
      "properties": {
        "calls": 14,
        "id": "20050",
        "name": "Codlea Hm.",
        "operator_count": 1,
        "operators": [
          "CFR Călători"
        ]
      },
      "type": "Feature"
    },
    {
      "geometry": {
        "coordinates": [
          25.433396,
          45.76238
        ],
        "type": "Point"
      },
      "properties": {
        "calls": 8,
        "id": "20074",
        "name": "Dumbrăviţa Bârsei Hm.",
        "operator_count": 1,
        "operators": [
          "CFR Călători"
        ]
      },
      "type": "Feature"
    },
    {
      "geometry": {
        "coordinates": [
          25.37381,
          45.76368
        ],
        "type": "Point"
      },
      "properties": {
        "calls": 8,
        "id": "20086",
        "name": "Vlădeni Ardeal Hm.",
        "operator_count": 1,
        "operators": [
          "CFR Călători"
        ]
      },
      "type": "Feature"
    },
    {
      "geometry": {
        "coordinates": [
          25.31209,
          45.751852
        ],
        "type": "Point"
      },
      "properties": {
        "calls": 8,
        "id": "20103",
        "name": "Valea Homorod h.",
        "operator_count": 1,
        "operators": [
          "CFR Călători"
        ]
      },
      "type": "Feature"
    },
    {
      "geometry": {
        "coordinates": [
          25.250022,
          45.753949
        ],
        "type": "Point"
      },
      "properties": {
        "calls": 9,
        "id": "20127",
        "name": "Brădet Hm.",
        "operator_count": 1,
        "operators": [
          "CFR Călători"
        ]
      },
      "type": "Feature"
    },
    {
      "geometry": {
        "coordinates": [
          25.197638,
          45.787187
        ],
        "type": "Point"
      },
      "properties": {
        "calls": 8,
        "id": "20141",
        "name": "Perşani h.",
        "operator_count": 1,
        "operators": [
          "CFR Călători"
        ]
      },
      "type": "Feature"
    },
    {
      "geometry": {
        "coordinates": [
          25.149619,
          45.816084
        ],
        "type": "Point"
      },
      "properties": {
        "calls": 8,
        "id": "20165",
        "name": "Şercaia Hm.",
        "operator_count": 1,
        "operators": [
          "CFR Călători"
        ]
      },
      "type": "Feature"
    },
    {
      "geometry": {
        "coordinates": [
          25.142384,
          45.825282
        ],
        "type": "Point"
      },
      "properties": {
        "calls": 8,
        "id": "20177",
        "name": "Şercaia h.",
        "operator_count": 1,
        "operators": [
          "CFR Călători"
        ]
      },
      "type": "Feature"
    },
    {
      "geometry": {
        "coordinates": [
          25.048585,
          45.824685
        ],
        "type": "Point"
      },
      "properties": {
        "calls": 8,
        "id": "20206",
        "name": "Mândra Oltului h.",
        "operator_count": 1,
        "operators": [
          "CFR Călători"
        ]
      },
      "type": "Feature"
    },
    {
      "geometry": {
        "coordinates": [
          24.975586,
          45.830246
        ],
        "type": "Point"
      },
      "properties": {
        "calls": 21,
        "id": "20232",
        "name": "Făgăraş",
        "operator_count": 1,
        "operators": [
          "CFR Călători"
        ]
      },
      "type": "Feature"
    },
    {
      "geometry": {
        "coordinates": [
          24.923661,
          45.835802
        ],
        "type": "Point"
      },
      "properties": {
        "calls": 11,
        "id": "20244",
        "name": "Beclean pe Olt h.",
        "operator_count": 1,
        "operators": [
          "CFR Călători"
        ]
      },
      "type": "Feature"
    },
    {
      "geometry": {
        "coordinates": [
          24.875715,
          45.825357
        ],
        "type": "Point"
      },
      "properties": {
        "calls": 11,
        "id": "20268",
        "name": "Dridif h.",
        "operator_count": 1,
        "operators": [
          "CFR Călători"
        ]
      },
      "type": "Feature"
    },
    {
      "geometry": {
        "coordinates": [
          24.833422,
          45.819355
        ],
        "type": "Point"
      },
      "properties": {
        "calls": 13,
        "id": "20270",
        "name": "Voila Hm.",
        "operator_count": 1,
        "operators": [
          "CFR Călători"
        ]
      },
      "type": "Feature"
    },
    {
      "geometry": {
        "coordinates": [
          24.7581,
          45.805163
        ],
        "type": "Point"
      },
      "properties": {
        "calls": 11,
        "id": "20294",
        "name": "Olteţ h.",
        "operator_count": 1,
        "operators": [
          "CFR Călători"
        ]
      },
      "type": "Feature"
    },
    {
      "geometry": {
        "coordinates": [
          24.714709,
          45.798133
        ],
        "type": "Point"
      },
      "properties": {
        "calls": 11,
        "id": "20309",
        "name": "Viştea h.",
        "operator_count": 1,
        "operators": [
          "CFR Călători"
        ]
      },
      "type": "Feature"
    },
    {
      "geometry": {
        "coordinates": [
          24.678021,
          45.792654
        ],
        "type": "Point"
      },
      "properties": {
        "calls": 17,
        "id": "20311",
        "name": "Ucea Hm.",
        "operator_count": 1,
        "operators": [
          "CFR Călători"
        ]
      },
      "type": "Feature"
    },
    {
      "geometry": {
        "coordinates": [
          24.612145,
          45.784827
        ],
        "type": "Point"
      },
      "properties": {
        "calls": 13,
        "id": "20359",
        "name": "Arpaş Hm.",
        "operator_count": 1,
        "operators": [
          "CFR Călători"
        ]
      },
      "type": "Feature"
    },
    {
      "geometry": {
        "coordinates": [
          24.573825,
          45.783349
        ],
        "type": "Point"
      },
      "properties": {
        "calls": 14,
        "id": "20361",
        "name": "Cârţa h.",
        "operator_count": 1,
        "operators": [
          "CFR Călători"
        ]
      },
      "type": "Feature"
    },
    {
      "geometry": {
        "coordinates": [
          24.530359,
          45.77156
        ],
        "type": "Point"
      },
      "properties": {
        "calls": 13,
        "id": "20373",
        "name": "Scoreiu h.",
        "operator_count": 1,
        "operators": [
          "CFR Călători"
        ]
      },
      "type": "Feature"
    },
    {
      "geometry": {
        "coordinates": [
          24.502348,
          45.763135
        ],
        "type": "Point"
      },
      "properties": {
        "calls": 13,
        "id": "20385",
        "name": "Sărata Colun h.",
        "operator_count": 1,
        "operators": [
          "CFR Călători"
        ]
      },
      "type": "Feature"
    },
    {
      "geometry": {
        "coordinates": [
          24.456206,
          45.766632
        ],
        "type": "Point"
      },
      "properties": {
        "calls": 15,
        "id": "20397",
        "name": "Porumbacu Hm.",
        "operator_count": 1,
        "operators": [
          "CFR Călători"
        ]
      },
      "type": "Feature"
    },
    {
      "geometry": {
        "coordinates": [
          24.373782,
          45.732272
        ],
        "type": "Point"
      },
      "properties": {
        "calls": 17,
        "id": "20414",
        "name": "Avrig Hm.",
        "operator_count": 1,
        "operators": [
          "CFR Călători"
        ]
      },
      "type": "Feature"
    },
    {
      "geometry": {
        "coordinates": [
          24.360317,
          45.701653
        ],
        "type": "Point"
      },
      "properties": {
        "calls": 15,
        "id": "20440",
        "name": "Mârşa h.",
        "operator_count": 1,
        "operators": [
          "CFR Călători"
        ]
      },
      "type": "Feature"
    },
    {
      "geometry": {
        "coordinates": [
          24.340298,
          45.688238
        ],
        "type": "Point"
      },
      "properties": {
        "calls": 15,
        "id": "20464",
        "name": "Racoviţa h.",
        "operator_count": 1,
        "operators": [
          "CFR Călători"
        ]
      },
      "type": "Feature"
    },
    {
      "geometry": {
        "coordinates": [
          24.315836,
          45.668268
        ],
        "type": "Point"
      },
      "properties": {
        "calls": 13,
        "id": "20476",
        "name": "Sebeş Olt h.",
        "operator_count": 1,
        "operators": [
          "CFR Călători"
        ]
      },
      "type": "Feature"
    },
    {
      "geometry": {
        "coordinates": [
          24.298634,
          45.662241
        ],
        "type": "Point"
      },
      "properties": {
        "calls": 32,
        "id": "20490",
        "name": "Podu Olt",
        "operator_count": 1,
        "operators": [
          "CFR Călători"
        ]
      },
      "type": "Feature"
    },
    {
      "geometry": {
        "coordinates": [
          24.266124,
          45.670073
        ],
        "type": "Point"
      },
      "properties": {
        "calls": 33,
        "id": "20517",
        "name": "Tălmaciu Hm.",
        "operator_count": 1,
        "operators": [
          "CFR Călători"
        ]
      },
      "type": "Feature"
    },
    {
      "geometry": {
        "coordinates": [
          24.227122,
          45.722271
        ],
        "type": "Point"
      },
      "properties": {
        "calls": 19,
        "id": "20531",
        "name": "Veştem h.",
        "operator_count": 1,
        "operators": [
          "CFR Călători"
        ]
      },
      "type": "Feature"
    },
    {
      "geometry": {
        "coordinates": [
          24.212686,
          45.740579
        ],
        "type": "Point"
      },
      "properties": {
        "calls": 19,
        "id": "20543",
        "name": "Mohu h.",
        "operator_count": 1,
        "operators": [
          "CFR Călători"
        ]
      },
      "type": "Feature"
    },
    {
      "geometry": {
        "coordinates": [
          24.199921,
          45.769199
        ],
        "type": "Point"
      },
      "properties": {
        "calls": 21,
        "id": "20567",
        "name": "Sibiu Gr. Şelimbăr Hm.",
        "operator_count": 1,
        "operators": [
          "CFR Călători"
        ]
      },
      "type": "Feature"
    },
    {
      "geometry": {
        "coordinates": [
          24.183441,
          45.78376
        ],
        "type": "Point"
      },
      "properties": {
        "calls": 17,
        "id": "20622",
        "name": "Sibiu Triaj",
        "operator_count": 1,
        "operators": [
          "CFR Călători"
        ]
      },
      "type": "Feature"
    },
    {
      "geometry": {
        "coordinates": [
          24.176387,
          45.789376
        ],
        "type": "Point"
      },
      "properties": {
        "calls": 19,
        "id": "20634",
        "name": "Atelier Zona h. (Tj.)",
        "operator_count": 1,
        "operators": [
          "CFR Călători"
        ]
      },
      "type": "Feature"
    },
    {
      "geometry": {
        "coordinates": [
          24.162294,
          45.799765
        ],
        "type": "Point"
      },
      "properties": {
        "calls": 74,
        "id": "20658",
        "name": "Sibiu",
        "operator_count": 2,
        "operators": [
          "InterRegional Călători",
          "CFR Călători"
        ]
      },
      "type": "Feature"
    },
    {
      "geometry": {
        "coordinates": [
          24.148314,
          45.811154
        ],
        "type": "Point"
      },
      "properties": {
        "calls": 33,
        "id": "20713",
        "name": "Sibiu h.(203)",
        "operator_count": 2,
        "operators": [
          "InterRegional Călători",
          "CFR Călători"
        ]
      },
      "type": "Feature"
    },
    {
      "geometry": {
        "coordinates": [
          24.130273,
          45.801161
        ],
        "type": "Point"
      },
      "properties": {
        "calls": 7,
        "id": "20749",
        "name": "Turnişor Hm.",
        "operator_count": 1,
        "operators": [
          "CFR Călători"
        ]
      },
      "type": "Feature"
    },
    {
      "geometry": {
        "coordinates": [
          24.024384,
          45.776813
        ],
        "type": "Point"
      },
      "properties": {
        "calls": 7,
        "id": "20775",
        "name": "Cristian Sibiu h.",
        "operator_count": 1,
        "operators": [
          "CFR Călători"
        ]
      },
      "type": "Feature"
    },
    {
      "geometry": {
        "coordinates": [
          23.972039,
          45.761396
        ],
        "type": "Point"
      },
      "properties": {
        "calls": 7,
        "id": "20787",
        "name": "Orlat Hm.",
        "operator_count": 1,
        "operators": [
          "CFR Călători"
        ]
      },
      "type": "Feature"
    },
    {
      "geometry": {
        "coordinates": [
          23.940909,
          45.765521
        ],
        "type": "Point"
      },
      "properties": {
        "calls": 7,
        "id": "20799",
        "name": "Sibiel h.",
        "operator_count": 1,
        "operators": [
          "CFR Călători"
        ]
      },
      "type": "Feature"
    },
    {
      "geometry": {
        "coordinates": [
          23.942754,
          45.787623
        ],
        "type": "Point"
      },
      "properties": {
        "calls": 7,
        "id": "20804",
        "name": "Săcelu Sibiului h.",
        "operator_count": 1,
        "operators": [
          "CFR Călători"
        ]
      },
      "type": "Feature"
    },
    {
      "geometry": {
        "coordinates": [
          23.900289,
          45.807246
        ],
        "type": "Point"
      },
      "properties": {
        "calls": 7,
        "id": "20816",
        "name": "Sălişte Hm.",
        "operator_count": 1,
        "operators": [
          "CFR Călători"
        ]
      },
      "type": "Feature"
    },
    {
      "geometry": {
        "coordinates": [
          23.876319,
          45.817281
        ],
        "type": "Point"
      },
      "properties": {
        "calls": 7,
        "id": "20830",
        "name": "Aciliu h.",
        "operator_count": 1,
        "operators": [
          "CFR Călători"
        ]
      },
      "type": "Feature"
    },
    {
      "geometry": {
        "coordinates": [
          23.846935,
          45.824746
        ],
        "type": "Point"
      },
      "properties": {
        "calls": 6,
        "id": "20842",
        "name": "Tilişca h.",
        "operator_count": 1,
        "operators": [
          "CFR Călători"
        ]
      },
      "type": "Feature"
    },
    {
      "geometry": {
        "coordinates": [
          23.803784,
          45.851256
        ],
        "type": "Point"
      },
      "properties": {
        "calls": 7,
        "id": "20866",
        "name": "Apoldu de Sus Hm.",
        "operator_count": 1,
        "operators": [
          "CFR Călători"
        ]
      },
      "type": "Feature"
    },
    {
      "geometry": {
        "coordinates": [
          23.833128,
          45.878
        ],
        "type": "Point"
      },
      "properties": {
        "calls": 7,
        "id": "20880",
        "name": "Apoldu de Jos h.",
        "operator_count": 1,
        "operators": [
          "CFR Călători"
        ]
      },
      "type": "Feature"
    },
    {
      "geometry": {
        "coordinates": [
          23.800331,
          45.891367
        ],
        "type": "Point"
      },
      "properties": {
        "calls": 8,
        "id": "20892",
        "name": "Miercurea Sibiu Hm.",
        "operator_count": 1,
        "operators": [
          "CFR Călători"
        ]
      },
      "type": "Feature"
    },
    {
      "geometry": {
        "coordinates": [
          23.738774,
          45.908577
        ],
        "type": "Point"
      },
      "properties": {
        "calls": 2,
        "id": "20919",
        "name": "Băile Miercurea h.",
        "operator_count": 1,
        "operators": [
          "CFR Călători"
        ]
      },
      "type": "Feature"
    },
    {
      "geometry": {
        "coordinates": [
          23.719465,
          45.928053
        ],
        "type": "Point"
      },
      "properties": {
        "calls": 2,
        "id": "20933",
        "name": "Cunţa Hm.",
        "operator_count": 1,
        "operators": [
          "CFR Călători"
        ]
      },
      "type": "Feature"
    },
    {
      "geometry": {
        "coordinates": [
          23.661476,
          45.924526
        ],
        "type": "Point"
      },
      "properties": {
        "calls": 2,
        "id": "20945",
        "name": "Cut h.",
        "operator_count": 1,
        "operators": [
          "CFR Călători"
        ]
      },
      "type": "Feature"
    },
    {
      "geometry": {
        "coordinates": [
          23.628826,
          45.924409
        ],
        "type": "Point"
      },
      "properties": {
        "calls": 2,
        "id": "20957",
        "name": "Rahău h.",
        "operator_count": 1,
        "operators": [
          "CFR Călători"
        ]
      },
      "type": "Feature"
    },
    {
      "geometry": {
        "coordinates": [
          23.580031,
          45.957634
        ],
        "type": "Point"
      },
      "properties": {
        "calls": 6,
        "id": "20971",
        "name": "Sebeş Alba",
        "operator_count": 1,
        "operators": [
          "CFR Călători"
        ]
      },
      "type": "Feature"
    },
    {
      "geometry": {
        "coordinates": [
          23.558026,
          45.972199
        ],
        "type": "Point"
      },
      "properties": {
        "calls": 2,
        "id": "21004",
        "name": "Sebeş Glod h.",
        "operator_count": 1,
        "operators": [
          "CFR Călători"
        ]
      },
      "type": "Feature"
    },
    {
      "geometry": {
        "coordinates": [
          23.496546,
          45.988515
        ],
        "type": "Point"
      },
      "properties": {
        "calls": 22,
        "id": "21028",
        "name": "Vinţu de Jos",
        "operator_count": 2,
        "operators": [
          "InterRegional Călători",
          "CFR Călători"
        ]
      },
      "type": "Feature"
    },
    {
      "geometry": {
        "coordinates": [
          23.441099,
          45.966694
        ],
        "type": "Point"
      },
      "properties": {
        "calls": 4,
        "id": "21054",
        "name": "Blandiana Hm.",
        "operator_count": 1,
        "operators": [
          "CFR Călători"
        ]
      },
      "type": "Feature"
    },
    {
      "geometry": {
        "coordinates": [
          23.410951,
          45.948171
        ],
        "type": "Point"
      },
      "properties": {
        "calls": 4,
        "id": "21066",
        "name": "Tărtăria h.",
        "operator_count": 1,
        "operators": [
          "CFR Călători"
        ]
      },
      "type": "Feature"
    },
    {
      "geometry": {
        "coordinates": [
          23.367395,
          45.93366
        ],
        "type": "Point"
      },
      "properties": {
        "calls": 4,
        "id": "21078",
        "name": "Balomiru de Câmp h.",
        "operator_count": 1,
        "operators": [
          "CFR Călători"
        ]
      },
      "type": "Feature"
    },
    {
      "geometry": {
        "coordinates": [
          23.331364,
          45.929521
        ],
        "type": "Point"
      },
      "properties": {
        "calls": 10,
        "id": "21092",
        "name": "Şibot Hm.",
        "operator_count": 1,
        "operators": [
          "CFR Călători"
        ]
      },
      "type": "Feature"
    },
    {
      "geometry": {
        "coordinates": [
          23.271034,
          45.899058
        ],
        "type": "Point"
      },
      "properties": {
        "calls": 4,
        "id": "21121",
        "name": "Aurel Vlaicu",
        "operator_count": 1,
        "operators": [
          "CFR Călători"
        ]
      },
      "type": "Feature"
    },
    {
      "geometry": {
        "coordinates": [
          23.247986,
          45.883496
        ],
        "type": "Point"
      },
      "properties": {
        "calls": 4,
        "id": "21133",
        "name": "Geoagiu h.",
        "operator_count": 1,
        "operators": [
          "CFR Călători"
        ]
      },
      "type": "Feature"
    },
    {
      "geometry": {
        "coordinates": [
          23.210474,
          45.861764
        ],
        "type": "Point"
      },
      "properties": {
        "calls": 22,
        "id": "21157",
        "name": "Orăştie Hm.",
        "operator_count": 2,
        "operators": [
          "InterRegional Călători",
          "CFR Călători"
        ]
      },
      "type": "Feature"
    },
    {
      "geometry": {
        "coordinates": [
          23.173739,
          45.855718
        ],
        "type": "Point"
      },
      "properties": {
        "calls": 4,
        "id": "21183",
        "name": "Pricaz h.",
        "operator_count": 1,
        "operators": [
          "CFR Călători"
        ]
      },
      "type": "Feature"
    },
    {
      "geometry": {
        "coordinates": [
          23.106487,
          45.836423
        ],
        "type": "Point"
      },
      "properties": {
        "calls": 4,
        "id": "21200",
        "name": "Turdaş h.",
        "operator_count": 1,
        "operators": [
          "CFR Călători"
        ]
      },
      "type": "Feature"
    },
    {
      "geometry": {
        "coordinates": [
          23.054202,
          45.837704
        ],
        "type": "Point"
      },
      "properties": {
        "calls": 2,
        "id": "21212",
        "name": "Simeria Veche h.",
        "operator_count": 1,
        "operators": [
          "CFR Călători"
        ]
      },
      "type": "Feature"
    },
    {
      "geometry": {
        "coordinates": [
          23.014367,
          45.846558
        ],
        "type": "Point"
      },
      "properties": {
        "calls": 48,
        "id": "21236",
        "name": "Simeria",
        "operator_count": 2,
        "operators": [
          "InterRegional Călători",
          "CFR Călători"
        ]
      },
      "type": "Feature"
    },
    {
      "geometry": {
        "coordinates": [
          22.91133,
          45.884096
        ],
        "type": "Point"
      },
      "properties": {
        "calls": 38,
        "id": "21286",
        "name": "Deva",
        "operator_count": 2,
        "operators": [
          "InterRegional Călători",
          "CFR Călători"
        ]
      },
      "type": "Feature"
    },
    {
      "geometry": {
        "coordinates": [
          22.849984,
          45.920779
        ],
        "type": "Point"
      },
      "properties": {
        "calls": 11,
        "id": "21315",
        "name": "Mintia Hm.",
        "operator_count": 2,
        "operators": [
          "InterRegional Călători",
          "CFR Călători"
        ]
      },
      "type": "Feature"
    },
    {
      "geometry": {
        "coordinates": [
          22.825551,
          45.916589
        ],
        "type": "Point"
      },
      "properties": {
        "calls": 2,
        "id": "21327",
        "name": "Mintia h.",
        "operator_count": 1,
        "operators": [
          "CFR Călători"
        ]
      },
      "type": "Feature"
    },
    {
      "geometry": {
        "coordinates": [
          22.802945,
          45.907133
        ],
        "type": "Point"
      },
      "properties": {
        "calls": 8,
        "id": "21341",
        "name": "Veţel h.",
        "operator_count": 1,
        "operators": [
          "CFR Călători"
        ]
      },
      "type": "Feature"
    },
    {
      "geometry": {
        "coordinates": [
          22.773368,
          45.919409
        ],
        "type": "Point"
      },
      "properties": {
        "calls": 8,
        "id": "21365",
        "name": "Brănişca P.O",
        "operator_count": 1,
        "operators": [
          "CFR Călători"
        ]
      },
      "type": "Feature"
    },
    {
      "geometry": {
        "coordinates": [
          22.714109,
          45.930686
        ],
        "type": "Point"
      },
      "properties": {
        "calls": 8,
        "id": "21389",
        "name": "Bretea Mureşeană h.",
        "operator_count": 1,
        "operators": [
          "CFR Călători"
        ]
      },
      "type": "Feature"
    },
    {
      "geometry": {
        "coordinates": [
          22.657326,
          45.940508
        ],
        "type": "Point"
      },
      "properties": {
        "calls": 28,
        "id": "21406",
        "name": "Ilia",
        "operator_count": 2,
        "operators": [
          "InterRegional Călători",
          "CFR Călători"
        ]
      },
      "type": "Feature"
    },
    {
      "geometry": {
        "coordinates": [
          22.586619,
          45.943311
        ],
        "type": "Point"
      },
      "properties": {
        "calls": 8,
        "id": "21432",
        "name": "Gurasada PO",
        "operator_count": 1,
        "operators": [
          "CFR Călători"
        ]
      },
      "type": "Feature"
    },
    {
      "geometry": {
        "coordinates": [
          22.53471,
          45.936954
        ],
        "type": "Point"
      },
      "properties": {
        "calls": 20,
        "id": "21456",
        "name": "Câmpuri Surduc Hm.",
        "operator_count": 2,
        "operators": [
          "InterRegional Călători",
          "CFR Călători"
        ]
      },
      "type": "Feature"
    },
    {
      "geometry": {
        "coordinates": [
          22.489043,
          45.949164
        ],
        "type": "Point"
      },
      "properties": {
        "calls": 8,
        "id": "21468",
        "name": "Burjuc h.",
        "operator_count": 1,
        "operators": [
          "CFR Călători"
        ]
      },
      "type": "Feature"
    },
    {
      "geometry": {
        "coordinates": [
          22.440524,
          46.001519
        ],
        "type": "Point"
      },
      "properties": {
        "calls": 10,
        "id": "21482",
        "name": "Zam Hm.",
        "operator_count": 1,
        "operators": [
          "CFR Călători"
        ]
      },
      "type": "Feature"
    },
    {
      "geometry": {
        "coordinates": [
          22.396607,
          46.014209
        ],
        "type": "Point"
      },
      "properties": {
        "calls": 9,
        "id": "21509",
        "name": "Petriş pe Mureş h.",
        "operator_count": 1,
        "operators": [
          "CFR Călători"
        ]
      },
      "type": "Feature"
    },
    {
      "geometry": {
        "coordinates": [
          22.355628,
          46.00739
        ],
        "type": "Point"
      },
      "properties": {
        "calls": 10,
        "id": "21511",
        "name": "Ilteu Hm.",
        "operator_count": 1,
        "operators": [
          "CFR Călători"
        ]
      },
      "type": "Feature"
    },
    {
      "geometry": {
        "coordinates": [
          22.232215,
          46.008013
        ],
        "type": "Point"
      },
      "properties": {
        "calls": 19,
        "id": "21559",
        "name": "Săvârşin",
        "operator_count": 1,
        "operators": [
          "CFR Călători"
        ]
      },
      "type": "Feature"
    },
    {
      "geometry": {
        "coordinates": [
          22.023219,
          46.072468
        ],
        "type": "Point"
      },
      "properties": {
        "calls": 8,
        "id": "21561",
        "name": "Lalaşinţ h.",
        "operator_count": 1,
        "operators": [
          "CFR Călători"
        ]
      },
      "type": "Feature"
    },
    {
      "geometry": {
        "coordinates": [
          22.157863,
          46.001822
        ],
        "type": "Point"
      },
      "properties": {
        "calls": 8,
        "id": "21573",
        "name": "Vărădia h.",
        "operator_count": 1,
        "operators": [
          "CFR Călători"
        ]
      },
      "type": "Feature"
    },
    {
      "geometry": {
        "coordinates": [
          22.136246,
          46.014619
        ],
        "type": "Point"
      },
      "properties": {
        "calls": 9,
        "id": "21597",
        "name": "Vărădia Hm.",
        "operator_count": 2,
        "operators": [
          "InterRegional Călători",
          "CFR Călători"
        ]
      },
      "type": "Feature"
    },
    {
      "geometry": {
        "coordinates": [
          21.973115,
          46.103623
        ],
        "type": "Point"
      },
      "properties": {
        "calls": 8,
        "id": "21640",
        "name": "Bârzava Nouă Hm.",
        "operator_count": 1,
        "operators": [
          "CFR Călători"
        ]
      },
      "type": "Feature"
    },
    {
      "geometry": {
        "coordinates": [
          21.875808,
          46.101028
        ],
        "type": "Point"
      },
      "properties": {
        "calls": 8,
        "id": "21664",
        "name": "Conop PO",
        "operator_count": 1,
        "operators": [
          "CFR Călători"
        ]
      },
      "type": "Feature"
    },
    {
      "geometry": {
        "coordinates": [
          21.79137,
          46.092225
        ],
        "type": "Point"
      },
      "properties": {
        "calls": 8,
        "id": "21688",
        "name": "Milova Hm.",
        "operator_count": 1,
        "operators": [
          "CFR Călători"
        ]
      },
      "type": "Feature"
    },
    {
      "geometry": {
        "coordinates": [
          21.690188,
          46.0934
        ],
        "type": "Point"
      },
      "properties": {
        "calls": 19,
        "id": "21705",
        "name": "Radna",
        "operator_count": 1,
        "operators": [
          "CFR Călători"
        ]
      },
      "type": "Feature"
    },
    {
      "geometry": {
        "coordinates": [
          21.610516,
          46.107109
        ],
        "type": "Point"
      },
      "properties": {
        "calls": 10,
        "id": "21731",
        "name": "Paulis Hm.",
        "operator_count": 1,
        "operators": [
          "CFR Călători"
        ]
      },
      "type": "Feature"
    },
    {
      "geometry": {
        "coordinates": [
          21.585243,
          46.124616
        ],
        "type": "Point"
      },
      "properties": {
        "calls": 10,
        "id": "21743",
        "name": "Păuliş h.",
        "operator_count": 1,
        "operators": [
          "CFR Călători"
        ]
      },
      "type": "Feature"
    },
    {
      "geometry": {
        "coordinates": [
          21.583294,
          46.15154
        ],
        "type": "Point"
      },
      "properties": {
        "calls": 10,
        "id": "21755",
        "name": "Ghioroc Hm.",
        "operator_count": 1,
        "operators": [
          "CFR Călători"
        ]
      },
      "type": "Feature"
    },
    {
      "geometry": {
        "coordinates": [
          21.4001,
          46.177622
        ],
        "type": "Point"
      },
      "properties": {
        "calls": 10,
        "id": "21808",
        "name": "Glogovăţ Hm.",
        "operator_count": 1,
        "operators": [
          "CFR Călători"
        ]
      },
      "type": "Feature"
    },
    {
      "geometry": {
        "coordinates": [
          21.324782,
          46.191443
        ],
        "type": "Point"
      },
      "properties": {
        "calls": 125,
        "id": "21834",
        "name": "Arad",
        "operator_count": 4,
        "operators": [
          "Regio Călători",
          "InterRegional Călători",
          "Astra Trans Carpatic",
          "CFR Călători"
        ]
      },
      "type": "Feature"
    },
    {
      "geometry": {
        "coordinates": [
          21.314948,
          46.277508
        ],
        "type": "Point"
      },
      "properties": {
        "calls": 8,
        "id": "21901",
        "name": "Şofronea",
        "operator_count": 1,
        "operators": [
          "CFR Călători"
        ]
      },
      "type": "Feature"
    },
    {
      "geometry": {
        "coordinates": [
          21.297555,
          46.341062
        ],
        "type": "Point"
      },
      "properties": {
        "calls": 26,
        "id": "21925",
        "name": "Curtici",
        "operator_count": 1,
        "operators": [
          "CFR Călători"
        ]
      },
      "type": "Feature"
    },
    {
      "geometry": {
        "coordinates": [
          25.503291,
          45.638242
        ],
        "type": "Point"
      },
      "properties": {
        "calls": 6,
        "id": "22008",
        "name": "Lustic h.",
        "operator_count": 1,
        "operators": [
          "Regio Călători"
        ]
      },
      "type": "Feature"
    },
    {
      "geometry": {
        "coordinates": [
          25.479625,
          45.617664
        ],
        "type": "Point"
      },
      "properties": {
        "calls": 28,
        "id": "22010",
        "name": "Cristian Hm.",
        "operator_count": 1,
        "operators": [
          "Regio Călători"
        ]
      },
      "type": "Feature"
    },
    {
      "geometry": {
        "coordinates": [
          25.457777,
          45.594751
        ],
        "type": "Point"
      },
      "properties": {
        "calls": 28,
        "id": "22034",
        "name": "Râşnov Hm.",
        "operator_count": 1,
        "operators": [
          "Regio Călători"
        ]
      },
      "type": "Feature"
    },
    {
      "geometry": {
        "coordinates": [
          25.437721,
          45.588944
        ],
        "type": "Point"
      },
      "properties": {
        "calls": 28,
        "id": "22046",
        "name": "Râşnov h.",
        "operator_count": 1,
        "operators": [
          "Regio Călători"
        ]
      },
      "type": "Feature"
    },
    {
      "geometry": {
        "coordinates": [
          25.376671,
          45.57569
        ],
        "type": "Point"
      },
      "properties": {
        "calls": 28,
        "id": "22060",
        "name": "Tohanu Vechi h.",
        "operator_count": 1,
        "operators": [
          "Regio Călători"
        ]
      },
      "type": "Feature"
    },
    {
      "geometry": {
        "coordinates": [
          25.349627,
          45.568811
        ],
        "type": "Point"
      },
      "properties": {
        "calls": 28,
        "id": "22072",
        "name": "G-ral T.Moşoiu h.",
        "operator_count": 1,
        "operators": [
          "Regio Călători"
        ]
      },
      "type": "Feature"
    },
    {
      "geometry": {
        "coordinates": [
          25.328283,
          45.562638
        ],
        "type": "Point"
      },
      "properties": {
        "calls": 28,
        "id": "22096",
        "name": "Zărneşti",
        "operator_count": 1,
        "operators": [
          "Regio Călători"
        ]
      },
      "type": "Feature"
    },
    {
      "geometry": {
        "coordinates": [
          24.274217,
          44.395033
        ],
        "type": "Point"
      },
      "properties": {
        "calls": 10,
        "id": "22151",
        "name": "Găneasa h.",
        "operator_count": 1,
        "operators": [
          "CFR Călători"
        ]
      },
      "type": "Feature"
    },
    {
      "geometry": {
        "coordinates": [
          24.262934,
          44.419493
        ],
        "type": "Point"
      },
      "properties": {
        "calls": 10,
        "id": "22163",
        "name": "Găneasa Olt h.",
        "operator_count": 1,
        "operators": [
          "CFR Călători"
        ]
      },
      "type": "Feature"
    },
    {
      "geometry": {
        "coordinates": [
          24.257924,
          44.453768
        ],
        "type": "Point"
      },
      "properties": {
        "calls": 10,
        "id": "22175",
        "name": "Arceşti Hm.",
        "operator_count": 1,
        "operators": [
          "CFR Călători"
        ]
      },
      "type": "Feature"
    },
    {
      "geometry": {
        "coordinates": [
          24.259523,
          44.505465
        ],
        "type": "Point"
      },
      "properties": {
        "calls": 8,
        "id": "22199",
        "name": "Colibaşi h.",
        "operator_count": 1,
        "operators": [
          "CFR Călători"
        ]
      },
      "type": "Feature"
    },
    {
      "geometry": {
        "coordinates": [
          24.259676,
          44.558287
        ],
        "type": "Point"
      },
      "properties": {
        "calls": 10,
        "id": "22216",
        "name": "Strejeşti",
        "operator_count": 1,
        "operators": [
          "CFR Călători"
        ]
      },
      "type": "Feature"
    },
    {
      "geometry": {
        "coordinates": [
          24.259651,
          44.606239
        ],
        "type": "Point"
      },
      "properties": {
        "calls": 10,
        "id": "22230",
        "name": "Zlătărei P.O.",
        "operator_count": 1,
        "operators": [
          "CFR Călători"
        ]
      },
      "type": "Feature"
    },
    {
      "geometry": {
        "coordinates": [
          24.257869,
          44.662406
        ],
        "type": "Point"
      },
      "properties": {
        "calls": 21,
        "id": "22254",
        "name": "Drăgăşani",
        "operator_count": 1,
        "operators": [
          "CFR Călători"
        ]
      },
      "type": "Feature"
    },
    {
      "geometry": {
        "coordinates": [
          24.25578,
          44.720505
        ],
        "type": "Point"
      },
      "properties": {
        "calls": 10,
        "id": "22278",
        "name": "Călina h.",
        "operator_count": 1,
        "operators": [
          "CFR Călători"
        ]
      },
      "type": "Feature"
    },
    {
      "geometry": {
        "coordinates": [
          24.24856,
          44.754216
        ],
        "type": "Point"
      },
      "properties": {
        "calls": 10,
        "id": "22280",
        "name": "Zăvideni Hm.",
        "operator_count": 1,
        "operators": [
          "CFR Călători"
        ]
      },
      "type": "Feature"
    },
    {
      "geometry": {
        "coordinates": [
          24.246591,
          44.79834
        ],
        "type": "Point"
      },
      "properties": {
        "calls": 10,
        "id": "22292",
        "name": "Orleşti h.",
        "operator_count": 1,
        "operators": [
          "CFR Călători"
        ]
      },
      "type": "Feature"
    },
    {
      "geometry": {
        "coordinates": [
          24.247322,
          44.81675
        ],
        "type": "Point"
      },
      "properties": {
        "calls": 10,
        "id": "22307",
        "name": "Fişcălia Hm.",
        "operator_count": 1,
        "operators": [
          "CFR Călători"
        ]
      },
      "type": "Feature"
    },
    {
      "geometry": {
        "coordinates": [
          24.238928,
          44.842299
        ],
        "type": "Point"
      },
      "properties": {
        "calls": 10,
        "id": "22319",
        "name": "Bucşani Vâlcea h.",
        "operator_count": 1,
        "operators": [
          "CFR Călători"
        ]
      },
      "type": "Feature"
    },
    {
      "geometry": {
        "coordinates": [
          24.231211,
          44.874323
        ],
        "type": "Point"
      },
      "properties": {
        "calls": 19,
        "id": "22321",
        "name": "Ioneşti Hm.",
        "operator_count": 1,
        "operators": [
          "CFR Călători"
        ]
      },
      "type": "Feature"
    },
    {
      "geometry": {
        "coordinates": [
          24.232457,
          44.930465
        ],
        "type": "Point"
      },
      "properties": {
        "calls": 10,
        "id": "22345",
        "name": "Slăviteşti h.",
        "operator_count": 1,
        "operators": [
          "CFR Călători"
        ]
      },
      "type": "Feature"
    },
    {
      "geometry": {
        "coordinates": [
          24.23883,
          44.959893
        ],
        "type": "Point"
      },
      "properties": {
        "calls": 21,
        "id": "22357",
        "name": "Băbeni",
        "operator_count": 1,
        "operators": [
          "CFR Călători"
        ]
      },
      "type": "Feature"
    },
    {
      "geometry": {
        "coordinates": [
          24.245971,
          44.983566
        ],
        "type": "Point"
      },
      "properties": {
        "calls": 10,
        "id": "22369",
        "name": "Tătărani h.",
        "operator_count": 1,
        "operators": [
          "CFR Călători"
        ]
      },
      "type": "Feature"
    },
    {
      "geometry": {
        "coordinates": [
          24.281056,
          45.022179
        ],
        "type": "Point"
      },
      "properties": {
        "calls": 18,
        "id": "22371",
        "name": "Govora Hm.",
        "operator_count": 1,
        "operators": [
          "CFR Călători"
        ]
      },
      "type": "Feature"
    },
    {
      "geometry": {
        "coordinates": [
          24.301558,
          45.039155
        ],
        "type": "Point"
      },
      "properties": {
        "calls": 10,
        "id": "22395",
        "name": "Râureni h.",
        "operator_count": 1,
        "operators": [
          "CFR Călători"
        ]
      },
      "type": "Feature"
    },
    {
      "geometry": {
        "coordinates": [
          24.330318,
          45.061136
        ],
        "type": "Point"
      },
      "properties": {
        "calls": 11,
        "id": "22400",
        "name": "Râureni",
        "operator_count": 1,
        "operators": [
          "CFR Călători"
        ]
      },
      "type": "Feature"
    },
    {
      "geometry": {
        "coordinates": [
          24.344748,
          45.071517
        ],
        "type": "Point"
      },
      "properties": {
        "calls": 10,
        "id": "22412",
        "name": "Răstoaca h.",
        "operator_count": 1,
        "operators": [
          "CFR Călători"
        ]
      },
      "type": "Feature"
    },
    {
      "geometry": {
        "coordinates": [
          24.365702,
          45.094936
        ],
        "type": "Point"
      },
      "properties": {
        "calls": 10,
        "id": "22424",
        "name": "Ostroveni h.",
        "operator_count": 1,
        "operators": [
          "CFR Călători"
        ]
      },
      "type": "Feature"
    },
    {
      "geometry": {
        "coordinates": [
          24.37257,
          45.102963
        ],
        "type": "Point"
      },
      "properties": {
        "calls": 24,
        "id": "22436",
        "name": "Râmnicu Vâlcea",
        "operator_count": 1,
        "operators": [
          "CFR Călători"
        ]
      },
      "type": "Feature"
    },
    {
      "geometry": {
        "coordinates": [
          24.372495,
          45.120084
        ],
        "type": "Point"
      },
      "properties": {
        "calls": 9,
        "id": "22448",
        "name": "Râmnicu Vâlcea Nord h.",
        "operator_count": 1,
        "operators": [
          "CFR Călători"
        ]
      },
      "type": "Feature"
    },
    {
      "geometry": {
        "coordinates": [
          24.376556,
          45.151786
        ],
        "type": "Point"
      },
      "properties": {
        "calls": 9,
        "id": "22450",
        "name": "Bujoreni Vâlcea Hm.",
        "operator_count": 1,
        "operators": [
          "CFR Călători"
        ]
      },
      "type": "Feature"
    },
    {
      "geometry": {
        "coordinates": [
          24.383548,
          45.186735
        ],
        "type": "Point"
      },
      "properties": {
        "calls": 18,
        "id": "22486",
        "name": "Dăeşti Hm.",
        "operator_count": 1,
        "operators": [
          "CFR Călători"
        ]
      },
      "type": "Feature"
    },
    {
      "geometry": {
        "coordinates": [
          24.285901,
          45.320869
        ],
        "type": "Point"
      },
      "properties": {
        "calls": 8,
        "id": "22498",
        "name": "Cozia Hm.",
        "operator_count": 1,
        "operators": [
          "CFR Călători"
        ]
      },
      "type": "Feature"
    },
    {
      "geometry": {
        "coordinates": [
          24.355131,
          45.235798
        ],
        "type": "Point"
      },
      "properties": {
        "calls": 20,
        "id": "22503",
        "name": "Călimăneşti",
        "operator_count": 1,
        "operators": [
          "CFR Călători"
        ]
      },
      "type": "Feature"
    },
    {
      "geometry": {
        "coordinates": [
          24.340221,
          45.250571
        ],
        "type": "Point"
      },
      "properties": {
        "calls": 20,
        "id": "22515",
        "name": "Păuşa h.",
        "operator_count": 1,
        "operators": [
          "CFR Călători"
        ]
      },
      "type": "Feature"
    },
    {
      "geometry": {
        "coordinates": [
          24.300041,
          45.290326
        ],
        "type": "Point"
      },
      "properties": {
        "calls": 9,
        "id": "22539",
        "name": "Mânăstirea Turnu h.",
        "operator_count": 1,
        "operators": [
          "CFR Călători"
        ]
      },
      "type": "Feature"
    },
    {
      "geometry": {
        "coordinates": [
          24.274923,
          45.348002
        ],
        "type": "Point"
      },
      "properties": {
        "calls": 17,
        "id": "22565",
        "name": "Lotru",
        "operator_count": 1,
        "operators": [
          "CFR Călători"
        ]
      },
      "type": "Feature"
    },
    {
      "geometry": {
        "coordinates": [
          24.296997,
          45.376184
        ],
        "type": "Point"
      },
      "properties": {
        "calls": 9,
        "id": "22589",
        "name": "Beţel h.",
        "operator_count": 1,
        "operators": [
          "CFR Călători"
        ]
      },
      "type": "Feature"
    },
    {
      "geometry": {
        "coordinates": [
          24.300893,
          45.401803
        ],
        "type": "Point"
      },
      "properties": {
        "calls": 11,
        "id": "22591",
        "name": "Cornet Hm.",
        "operator_count": 1,
        "operators": [
          "CFR Călători"
        ]
      },
      "type": "Feature"
    },
    {
      "geometry": {
        "coordinates": [
          24.297129,
          45.434252
        ],
        "type": "Point"
      },
      "properties": {
        "calls": 9,
        "id": "22606",
        "name": "Balota h.",
        "operator_count": 1,
        "operators": [
          "CFR Călători"
        ]
      },
      "type": "Feature"
    },
    {
      "geometry": {
        "coordinates": [
          24.294954,
          45.453849
        ],
        "type": "Point"
      },
      "properties": {
        "calls": 9,
        "id": "22618",
        "name": "Robeşti h.",
        "operator_count": 1,
        "operators": [
          "CFR Călători"
        ]
      },
      "type": "Feature"
    },
    {
      "geometry": {
        "coordinates": [
          24.302863,
          45.491471
        ],
        "type": "Point"
      },
      "properties": {
        "calls": 18,
        "id": "22632",
        "name": "Câineni",
        "operator_count": 1,
        "operators": [
          "CFR Călători"
        ]
      },
      "type": "Feature"
    },
    {
      "geometry": {
        "coordinates": [
          24.272572,
          45.525409
        ],
        "type": "Point"
      },
      "properties": {
        "calls": 9,
        "id": "22656",
        "name": "Râu Vadului h.",
        "operator_count": 1,
        "operators": [
          "CFR Călători"
        ]
      },
      "type": "Feature"
    },
    {
      "geometry": {
        "coordinates": [
          24.269579,
          45.547844
        ],
        "type": "Point"
      },
      "properties": {
        "calls": 5,
        "id": "22668",
        "name": "Valea Fratelui h.",
        "operator_count": 1,
        "operators": [
          "CFR Călători"
        ]
      },
      "type": "Feature"
    },
    {
      "geometry": {
        "coordinates": [
          24.265051,
          45.602155
        ],
        "type": "Point"
      },
      "properties": {
        "calls": 10,
        "id": "22670",
        "name": "Valea Mărului Hm.",
        "operator_count": 1,
        "operators": [
          "CFR Călători"
        ]
      },
      "type": "Feature"
    },
    {
      "geometry": {
        "coordinates": [
          24.295678,
          45.643189
        ],
        "type": "Point"
      },
      "properties": {
        "calls": 16,
        "id": "22694",
        "name": "Turnu Roşu hc.",
        "operator_count": 1,
        "operators": [
          "CFR Călători"
        ]
      },
      "type": "Feature"
    },
    {
      "geometry": {
        "coordinates": [
          23.676714,
          46.172695
        ],
        "type": "Point"
      },
      "properties": {
        "calls": 6,
        "id": "22929",
        "name": "Coşlariu Hm.",
        "operator_count": 1,
        "operators": [
          "CFR Călători"
        ]
      },
      "type": "Feature"
    },
    {
      "geometry": {
        "coordinates": [
          23.652072,
          46.13623
        ],
        "type": "Point"
      },
      "properties": {
        "calls": 6,
        "id": "22967",
        "name": "Sântimbru h.",
        "operator_count": 1,
        "operators": [
          "CFR Călători"
        ]
      },
      "type": "Feature"
    },
    {
      "geometry": {
        "coordinates": [
          23.632053,
          46.12648
        ],
        "type": "Point"
      },
      "properties": {
        "calls": 6,
        "id": "22981",
        "name": "Sântimbru Hm.",
        "operator_count": 1,
        "operators": [
          "CFR Călători"
        ]
      },
      "type": "Feature"
    },
    {
      "geometry": {
        "coordinates": [
          23.577206,
          46.110188
        ],
        "type": "Point"
      },
      "properties": {
        "calls": 8,
        "id": "22993",
        "name": "Bărăbanţ Nord h.",
        "operator_count": 1,
        "operators": [
          "Regio Călători"
        ]
      },
      "type": "Feature"
    },
    {
      "geometry": {
        "coordinates": [
          23.598778,
          46.090682
        ],
        "type": "Point"
      },
      "properties": {
        "calls": 14,
        "id": "23002",
        "name": "Bărăbanţ Hm.",
        "operator_count": 2,
        "operators": [
          "Regio Călători",
          "CFR Călători"
        ]
      },
      "type": "Feature"
    },
    {
      "geometry": {
        "coordinates": [
          23.607173,
          46.101656
        ],
        "type": "Point"
      },
      "properties": {
        "calls": 8,
        "id": "23014",
        "name": "Antestaţie Bărăbanţ h.",
        "operator_count": 1,
        "operators": [
          "Regio Călători"
        ]
      },
      "type": "Feature"
    },
    {
      "geometry": {
        "coordinates": [
          23.576137,
          46.056159
        ],
        "type": "Point"
      },
      "properties": {
        "calls": 32,
        "id": "23038",
        "name": "Alba Iulia",
        "operator_count": 3,
        "operators": [
          "Regio Călători",
          "InterRegional Călători",
          "CFR Călători"
        ]
      },
      "type": "Feature"
    },
    {
      "geometry": {
        "coordinates": [
          23.49998,
          44.563219
        ],
        "type": "Point"
      },
      "properties": {
        "calls": 8,
        "id": "23155",
        "name": "Bungeţel h.",
        "operator_count": 1,
        "operators": [
          "CFR Călători"
        ]
      },
      "type": "Feature"
    },
    {
      "geometry": {
        "coordinates": [
          23.504881,
          44.597763
        ],
        "type": "Point"
      },
      "properties": {
        "calls": 12,
        "id": "23167",
        "name": "Ţânţăreni Hm.",
        "operator_count": 1,
        "operators": [
          "CFR Călători"
        ]
      },
      "type": "Feature"
    },
    {
      "geometry": {
        "coordinates": [
          23.514179,
          44.624094
        ],
        "type": "Point"
      },
      "properties": {
        "calls": 12,
        "id": "23179",
        "name": "Floreşti h.",
        "operator_count": 1,
        "operators": [
          "CFR Călători"
        ]
      },
      "type": "Feature"
    },
    {
      "geometry": {
        "coordinates": [
          23.523907,
          44.657065
        ],
        "type": "Point"
      },
      "properties": {
        "calls": 12,
        "id": "23193",
        "name": "Gilort Hm.",
        "operator_count": 1,
        "operators": [
          "CFR Călători"
        ]
      },
      "type": "Feature"
    },
    {
      "geometry": {
        "coordinates": [
          23.511622,
          44.714661
        ],
        "type": "Point"
      },
      "properties": {
        "calls": 13,
        "id": "23210",
        "name": "Turburea Hm.",
        "operator_count": 1,
        "operators": [
          "CFR Călători"
        ]
      },
      "type": "Feature"
    },
    {
      "geometry": {
        "coordinates": [
          23.500882,
          44.778828
        ],
        "type": "Point"
      },
      "properties": {
        "calls": 13,
        "id": "23234",
        "name": "Bibeşti Hm.",
        "operator_count": 1,
        "operators": [
          "CFR Călători"
        ]
      },
      "type": "Feature"
    },
    {
      "geometry": {
        "coordinates": [
          23.511643,
          44.818465
        ],
        "type": "Point"
      },
      "properties": {
        "calls": 13,
        "id": "23258",
        "name": "Musculeşti",
        "operator_count": 1,
        "operators": [
          "CFR Călători"
        ]
      },
      "type": "Feature"
    },
    {
      "geometry": {
        "coordinates": [
          23.511616,
          44.872028
        ],
        "type": "Point"
      },
      "properties": {
        "calls": 12,
        "id": "23272",
        "name": "Bărbăteşti Hm.",
        "operator_count": 1,
        "operators": [
          "CFR Călători"
        ]
      },
      "type": "Feature"
    },
    {
      "geometry": {
        "coordinates": [
          23.519501,
          44.910186
        ],
        "type": "Point"
      },
      "properties": {
        "calls": 12,
        "id": "23296",
        "name": "Jupâneşti Hm.",
        "operator_count": 1,
        "operators": [
          "CFR Călători"
        ]
      },
      "type": "Feature"
    },
    {
      "geometry": {
        "coordinates": [
          23.508494,
          44.955774
        ],
        "type": "Point"
      },
      "properties": {
        "calls": 21,
        "id": "23313",
        "name": "Cărbuneşti",
        "operator_count": 1,
        "operators": [
          "CFR Călători"
        ]
      },
      "type": "Feature"
    },
    {
      "geometry": {
        "coordinates": [
          23.485691,
          44.992241
        ],
        "type": "Point"
      },
      "properties": {
        "calls": 12,
        "id": "23349",
        "name": "Pojogeni Hm.",
        "operator_count": 1,
        "operators": [
          "CFR Călători"
        ]
      },
      "type": "Feature"
    },
    {
      "geometry": {
        "coordinates": [
          23.455633,
          45.011362
        ],
        "type": "Point"
      },
      "properties": {
        "calls": 7,
        "id": "23351",
        "name": "Scoarţa h.",
        "operator_count": 1,
        "operators": [
          "CFR Călători"
        ]
      },
      "type": "Feature"
    },
    {
      "geometry": {
        "coordinates": [
          23.431757,
          45.024285
        ],
        "type": "Point"
      },
      "properties": {
        "calls": 12,
        "id": "23363",
        "name": "Copăcioasa Hm.",
        "operator_count": 1,
        "operators": [
          "CFR Călători"
        ]
      },
      "type": "Feature"
    },
    {
      "geometry": {
        "coordinates": [
          23.398711,
          45.021014
        ],
        "type": "Point"
      },
      "properties": {
        "calls": 11,
        "id": "23387",
        "name": "Budieni h.",
        "operator_count": 1,
        "operators": [
          "CFR Călători"
        ]
      },
      "type": "Feature"
    },
    {
      "geometry": {
        "coordinates": [
          23.359724,
          45.02015
        ],
        "type": "Point"
      },
      "properties": {
        "calls": 10,
        "id": "23399",
        "name": "Lunca Budieni Hm.",
        "operator_count": 1,
        "operators": [
          "CFR Călători"
        ]
      },
      "type": "Feature"
    },
    {
      "geometry": {
        "coordinates": [
          23.280928,
          45.031861
        ],
        "type": "Point"
      },
      "properties": {
        "calls": 37,
        "id": "23428",
        "name": "Târgu Jiu",
        "operator_count": 1,
        "operators": [
          "CFR Călători"
        ]
      },
      "type": "Feature"
    },
    {
      "geometry": {
        "coordinates": [
          23.283597,
          45.041011
        ],
        "type": "Point"
      },
      "properties": {
        "calls": 6,
        "id": "23430",
        "name": "Ramificaţia C.A.M. h.",
        "operator_count": 1,
        "operators": [
          "CFR Călători"
        ]
      },
      "type": "Feature"
    },
    {
      "geometry": {
        "coordinates": [
          23.301753,
          45.066487
        ],
        "type": "Point"
      },
      "properties": {
        "calls": 9,
        "id": "23454",
        "name": "Ecaterina Teodoroiu",
        "operator_count": 1,
        "operators": [
          "CFR Călători"
        ]
      },
      "type": "Feature"
    },
    {
      "geometry": {
        "coordinates": [
          23.32465,
          45.088601
        ],
        "type": "Point"
      },
      "properties": {
        "calls": 6,
        "id": "23466",
        "name": "Ezureni h.",
        "operator_count": 1,
        "operators": [
          "CFR Călători"
        ]
      },
      "type": "Feature"
    },
    {
      "geometry": {
        "coordinates": [
          23.343402,
          45.11047
        ],
        "type": "Point"
      },
      "properties": {
        "calls": 10,
        "id": "23478",
        "name": "Parângu Hm.",
        "operator_count": 1,
        "operators": [
          "CFR Călători"
        ]
      },
      "type": "Feature"
    },
    {
      "geometry": {
        "coordinates": [
          23.37735,
          45.155974
        ],
        "type": "Point"
      },
      "properties": {
        "calls": 8,
        "id": "23492",
        "name": "Bumbeşti Hm.",
        "operator_count": 1,
        "operators": [
          "CFR Călători"
        ]
      },
      "type": "Feature"
    },
    {
      "geometry": {
        "coordinates": [
          23.384887,
          45.183016
        ],
        "type": "Point"
      },
      "properties": {
        "calls": 17,
        "id": "23507",
        "name": "Valea Sadului Hm.",
        "operator_count": 1,
        "operators": [
          "CFR Călători"
        ]
      },
      "type": "Feature"
    },
    {
      "geometry": {
        "coordinates": [
          23.382075,
          45.220114
        ],
        "type": "Point"
      },
      "properties": {
        "calls": 8,
        "id": "23521",
        "name": "Meri",
        "operator_count": 1,
        "operators": [
          "CFR Călători"
        ]
      },
      "type": "Feature"
    },
    {
      "geometry": {
        "coordinates": [
          23.384663,
          45.269924
        ],
        "type": "Point"
      },
      "properties": {
        "calls": 11,
        "id": "23533",
        "name": "Lainici Hm.",
        "operator_count": 1,
        "operators": [
          "CFR Călători"
        ]
      },
      "type": "Feature"
    },
    {
      "geometry": {
        "coordinates": [
          23.384393,
          45.306602
        ],
        "type": "Point"
      },
      "properties": {
        "calls": 8,
        "id": "23557",
        "name": "Pietrele Albe Hm.",
        "operator_count": 1,
        "operators": [
          "CFR Călători"
        ]
      },
      "type": "Feature"
    },
    {
      "geometry": {
        "coordinates": [
          23.382351,
          45.35568
        ],
        "type": "Point"
      },
      "properties": {
        "calls": 8,
        "id": "23569",
        "name": "Strâmbuţa Hm.",
        "operator_count": 1,
        "operators": [
          "CFR Călători"
        ]
      },
      "type": "Feature"
    },
    {
      "geometry": {
        "coordinates": [
          23.36762,
          45.376828
        ],
        "type": "Point"
      },
      "properties": {
        "calls": 9,
        "id": "23583",
        "name": "Livezeni Hm.",
        "operator_count": 1,
        "operators": [
          "CFR Călători"
        ]
      },
      "type": "Feature"
    },
    {
      "geometry": {
        "coordinates": [
          23.373261,
          45.401751
        ],
        "type": "Point"
      },
      "properties": {
        "calls": 10,
        "id": "23612",
        "name": "Lunca Jiului hc.",
        "operator_count": 1,
        "operators": [
          "CFR Călători"
        ]
      },
      "type": "Feature"
    },
    {
      "geometry": {
        "coordinates": [
          23.366258,
          45.423414
        ],
        "type": "Point"
      },
      "properties": {
        "calls": 25,
        "id": "23624",
        "name": "Petroşani",
        "operator_count": 1,
        "operators": [
          "CFR Călători"
        ]
      },
      "type": "Feature"
    },
    {
      "geometry": {
        "coordinates": [
          23.358086,
          45.442872
        ],
        "type": "Point"
      },
      "properties": {
        "calls": 4,
        "id": "23636",
        "name": "Petrosani Triaj h.",
        "operator_count": 1,
        "operators": [
          "CFR Călători"
        ]
      },
      "type": "Feature"
    },
    {
      "geometry": {
        "coordinates": [
          23.32138,
          45.448367
        ],
        "type": "Point"
      },
      "properties": {
        "calls": 4,
        "id": "23715",
        "name": "Peştera Bolii h.",
        "operator_count": 1,
        "operators": [
          "CFR Călători"
        ]
      },
      "type": "Feature"
    },
    {
      "geometry": {
        "coordinates": [
          23.263394,
          45.447829
        ],
        "type": "Point"
      },
      "properties": {
        "calls": 7,
        "id": "23739",
        "name": "Băniţa Hm.",
        "operator_count": 1,
        "operators": [
          "CFR Călători"
        ]
      },
      "type": "Feature"
    },
    {
      "geometry": {
        "coordinates": [
          23.231472,
          45.455716
        ],
        "type": "Point"
      },
      "properties": {
        "calls": 4,
        "id": "23753",
        "name": "Merişor Hm.",
        "operator_count": 1,
        "operators": [
          "CFR Călători"
        ]
      },
      "type": "Feature"
    },
    {
      "geometry": {
        "coordinates": [
          23.197384,
          45.46347
        ],
        "type": "Point"
      },
      "properties": {
        "calls": 4,
        "id": "23765",
        "name": "Crivadia Hm.",
        "operator_count": 1,
        "operators": [
          "CFR Călători"
        ]
      },
      "type": "Feature"
    },
    {
      "geometry": {
        "coordinates": [
          23.166398,
          45.466026
        ],
        "type": "Point"
      },
      "properties": {
        "calls": 4,
        "id": "23777",
        "name": "Baru Mare h.",
        "operator_count": 1,
        "operators": [
          "CFR Călători"
        ]
      },
      "type": "Feature"
    },
    {
      "geometry": {
        "coordinates": [
          23.144297,
          45.475253
        ],
        "type": "Point"
      },
      "properties": {
        "calls": 5,
        "id": "23789",
        "name": "Baru Mare",
        "operator_count": 1,
        "operators": [
          "CFR Călători"
        ]
      },
      "type": "Feature"
    },
    {
      "geometry": {
        "coordinates": [
          23.127737,
          45.495396
        ],
        "type": "Point"
      },
      "properties": {
        "calls": 4,
        "id": "23806",
        "name": "Livadia h.",
        "operator_count": 1,
        "operators": [
          "CFR Călători"
        ]
      },
      "type": "Feature"
    },
    {
      "geometry": {
        "coordinates": [
          23.118813,
          45.505834
        ],
        "type": "Point"
      },
      "properties": {
        "calls": 4,
        "id": "23818",
        "name": "Ponor h.",
        "operator_count": 1,
        "operators": [
          "CFR Călători"
        ]
      },
      "type": "Feature"
    },
    {
      "geometry": {
        "coordinates": [
          23.082791,
          45.519759
        ],
        "type": "Point"
      },
      "properties": {
        "calls": 5,
        "id": "23832",
        "name": "Pui Hm.",
        "operator_count": 1,
        "operators": [
          "CFR Călători"
        ]
      },
      "type": "Feature"
    },
    {
      "geometry": {
        "coordinates": [
          23.027496,
          45.53128
        ],
        "type": "Point"
      },
      "properties": {
        "calls": 4,
        "id": "23844",
        "name": "Ruşor h.",
        "operator_count": 1,
        "operators": [
          "CFR Călători"
        ]
      },
      "type": "Feature"
    },
    {
      "geometry": {
        "coordinates": [
          23.008056,
          45.541023
        ],
        "type": "Point"
      },
      "properties": {
        "calls": 4,
        "id": "23856",
        "name": "Băieşti Hm.",
        "operator_count": 1,
        "operators": [
          "CFR Călători"
        ]
      },
      "type": "Feature"
    },
    {
      "geometry": {
        "coordinates": [
          22.989426,
          45.548697
        ],
        "type": "Point"
      },
      "properties": {
        "calls": 3,
        "id": "23868",
        "name": "Ohaba de sub Piatră h.",
        "operator_count": 1,
        "operators": [
          "CFR Călători"
        ]
      },
      "type": "Feature"
    },
    {
      "geometry": {
        "coordinates": [
          22.976274,
          45.562784
        ],
        "type": "Point"
      },
      "properties": {
        "calls": 3,
        "id": "23870",
        "name": "Ciopea h.",
        "operator_count": 1,
        "operators": [
          "CFR Călători"
        ]
      },
      "type": "Feature"
    },
    {
      "geometry": {
        "coordinates": [
          22.992219,
          45.594903
        ],
        "type": "Point"
      },
      "properties": {
        "calls": 11,
        "id": "23894",
        "name": "Subcetate",
        "operator_count": 1,
        "operators": [
          "CFR Călători"
        ]
      },
      "type": "Feature"
    },
    {
      "geometry": {
        "coordinates": [
          23.001285,
          45.61956
        ],
        "type": "Point"
      },
      "properties": {
        "calls": 3,
        "id": "23923",
        "name": "Covragiu h.",
        "operator_count": 1,
        "operators": [
          "CFR Călători"
        ]
      },
      "type": "Feature"
    },
    {
      "geometry": {
        "coordinates": [
          22.99734,
          45.635336
        ],
        "type": "Point"
      },
      "properties": {
        "calls": 3,
        "id": "23935",
        "name": "Plopi h.",
        "operator_count": 1,
        "operators": [
          "CFR Călători"
        ]
      },
      "type": "Feature"
    },
    {
      "geometry": {
        "coordinates": [
          22.995767,
          45.653103
        ],
        "type": "Point"
      },
      "properties": {
        "calls": 4,
        "id": "23947",
        "name": "Bretea Streiului Hm.",
        "operator_count": 1,
        "operators": [
          "CFR Călători"
        ]
      },
      "type": "Feature"
    },
    {
      "geometry": {
        "coordinates": [
          22.992123,
          45.675991
        ],
        "type": "Point"
      },
      "properties": {
        "calls": 3,
        "id": "23961",
        "name": "Măceu h.",
        "operator_count": 1,
        "operators": [
          "CFR Călători"
        ]
      },
      "type": "Feature"
    },
    {
      "geometry": {
        "coordinates": [
          22.989098,
          45.698359
        ],
        "type": "Point"
      },
      "properties": {
        "calls": 3,
        "id": "23973",
        "name": "Ruşi h.",
        "operator_count": 1,
        "operators": [
          "CFR Călători"
        ]
      },
      "type": "Feature"
    },
    {
      "geometry": {
        "coordinates": [
          22.989797,
          45.730036
        ],
        "type": "Point"
      },
      "properties": {
        "calls": 11,
        "id": "23997",
        "name": "Călan Hm.",
        "operator_count": 1,
        "operators": [
          "CFR Călători"
        ]
      },
      "type": "Feature"
    },
    {
      "geometry": {
        "coordinates": [
          22.999587,
          45.759578
        ],
        "type": "Point"
      },
      "properties": {
        "calls": 6,
        "id": "24020",
        "name": "Călan Băi Hm.",
        "operator_count": 1,
        "operators": [
          "CFR Călători"
        ]
      },
      "type": "Feature"
    },
    {
      "geometry": {
        "coordinates": [
          22.998457,
          45.775678
        ],
        "type": "Point"
      },
      "properties": {
        "calls": 3,
        "id": "24032",
        "name": "Batiz h.",
        "operator_count": 1,
        "operators": [
          "CFR Călători"
        ]
      },
      "type": "Feature"
    },
    {
      "geometry": {
        "coordinates": [
          22.99996,
          45.792599
        ],
        "type": "Point"
      },
      "properties": {
        "calls": 4,
        "id": "24044",
        "name": "Băcia Hm.",
        "operator_count": 1,
        "operators": [
          "CFR Călători"
        ]
      },
      "type": "Feature"
    },
    {
      "geometry": {
        "coordinates": [
          23.001386,
          45.804856
        ],
        "type": "Point"
      },
      "properties": {
        "calls": 3,
        "id": "24056",
        "name": "Băcia h.",
        "operator_count": 1,
        "operators": [
          "CFR Călători"
        ]
      },
      "type": "Feature"
    },
    {
      "geometry": {
        "coordinates": [
          23.01245,
          45.828802
        ],
        "type": "Point"
      },
      "properties": {
        "calls": 5,
        "id": "24082",
        "name": "Simeria Triaj",
        "operator_count": 1,
        "operators": [
          "CFR Călători"
        ]
      },
      "type": "Feature"
    },
    {
      "geometry": {
        "coordinates": [
          23.136768,
          44.943966
        ],
        "type": "Point"
      },
      "properties": {
        "calls": 9,
        "id": "24563",
        "name": "Vârţ h.",
        "operator_count": 1,
        "operators": [
          "CFR Călători"
        ]
      },
      "type": "Feature"
    },
    {
      "geometry": {
        "coordinates": [
          23.245153,
          44.983806
        ],
        "type": "Point"
      },
      "properties": {
        "calls": 9,
        "id": "24575",
        "name": "Amaradia Hm.",
        "operator_count": 1,
        "operators": [
          "CFR Călători"
        ]
      },
      "type": "Feature"
    },
    {
      "geometry": {
        "coordinates": [
          23.221402,
          44.967248
        ],
        "type": "Point"
      },
      "properties": {
        "calls": 9,
        "id": "24587",
        "name": "Drăguţeşti h.",
        "operator_count": 1,
        "operators": [
          "CFR Călători"
        ]
      },
      "type": "Feature"
    },
    {
      "geometry": {
        "coordinates": [
          23.191149,
          44.948968
        ],
        "type": "Point"
      },
      "properties": {
        "calls": 9,
        "id": "24599",
        "name": "Cârbeşti Hm.",
        "operator_count": 1,
        "operators": [
          "CFR Călători"
        ]
      },
      "type": "Feature"
    },
    {
      "geometry": {
        "coordinates": [
          23.13529,
          44.925711
        ],
        "type": "Point"
      },
      "properties": {
        "calls": 9,
        "id": "24604",
        "name": "Rogojelu",
        "operator_count": 1,
        "operators": [
          "CFR Călători"
        ]
      },
      "type": "Feature"
    },
    {
      "geometry": {
        "coordinates": [
          23.157719,
          44.902082
        ],
        "type": "Point"
      },
      "properties": {
        "calls": 11,
        "id": "24616",
        "name": "Rovinari Hm.",
        "operator_count": 1,
        "operators": [
          "CFR Călători"
        ]
      },
      "type": "Feature"
    },
    {
      "geometry": {
        "coordinates": [
          23.147773,
          44.905057
        ],
        "type": "Point"
      },
      "properties": {
        "calls": 9,
        "id": "24628",
        "name": "Km. 49+800 h.",
        "operator_count": 1,
        "operators": [
          "CFR Călători"
        ]
      },
      "type": "Feature"
    },
    {
      "geometry": {
        "coordinates": [
          22.265375,
          45.8565
        ],
        "type": "Point"
      },
      "properties": {
        "calls": 8,
        "id": "24941",
        "name": "Margina",
        "operator_count": 1,
        "operators": [
          "CFR Călători"
        ]
      },
      "type": "Feature"
    },
    {
      "geometry": {
        "coordinates": [
          22.169004,
          45.848703
        ],
        "type": "Point"
      },
      "properties": {
        "calls": 8,
        "id": "24977",
        "name": "Făget",
        "operator_count": 1,
        "operators": [
          "CFR Călători"
        ]
      },
      "type": "Feature"
    },
    {
      "geometry": {
        "coordinates": [
          22.109535,
          45.829468
        ],
        "type": "Point"
      },
      "properties": {
        "calls": 6,
        "id": "24991",
        "name": "Răchita h.",
        "operator_count": 1,
        "operators": [
          "CFR Călători"
        ]
      },
      "type": "Feature"
    },
    {
      "geometry": {
        "coordinates": [
          22.06761,
          45.827921
        ],
        "type": "Point"
      },
      "properties": {
        "calls": 8,
        "id": "25012",
        "name": "Mănăştur Hm.",
        "operator_count": 1,
        "operators": [
          "CFR Călători"
        ]
      },
      "type": "Feature"
    },
    {
      "geometry": {
        "coordinates": [
          22.024529,
          45.812599
        ],
        "type": "Point"
      },
      "properties": {
        "calls": 5,
        "id": "25024",
        "name": "Traian Vuia h.",
        "operator_count": 1,
        "operators": [
          "CFR Călători"
        ]
      },
      "type": "Feature"
    },
    {
      "geometry": {
        "coordinates": [
          21.999421,
          45.80861
        ],
        "type": "Point"
      },
      "properties": {
        "calls": 6,
        "id": "25036",
        "name": "Susani Bega h.",
        "operator_count": 1,
        "operators": [
          "CFR Călători"
        ]
      },
      "type": "Feature"
    },
    {
      "geometry": {
        "coordinates": [
          21.957192,
          45.81201
        ],
        "type": "Point"
      },
      "properties": {
        "calls": 6,
        "id": "25048",
        "name": "Cliciova",
        "operator_count": 1,
        "operators": [
          "CFR Călători"
        ]
      },
      "type": "Feature"
    },
    {
      "geometry": {
        "coordinates": [
          21.90278,
          45.804018
        ],
        "type": "Point"
      },
      "properties": {
        "calls": 5,
        "id": "25050",
        "name": "Nevrincea h.",
        "operator_count": 1,
        "operators": [
          "CFR Călători"
        ]
      },
      "type": "Feature"
    },
    {
      "geometry": {
        "coordinates": [
          21.864128,
          45.796398
        ],
        "type": "Point"
      },
      "properties": {
        "calls": 6,
        "id": "25062",
        "name": "Balinţ h.",
        "operator_count": 1,
        "operators": [
          "CFR Călători"
        ]
      },
      "type": "Feature"
    },
    {
      "geometry": {
        "coordinates": [
          21.86098,
          45.765188
        ],
        "type": "Point"
      },
      "properties": {
        "calls": 5,
        "id": "25074",
        "name": "Păru h.",
        "operator_count": 1,
        "operators": [
          "CFR Călători"
        ]
      },
      "type": "Feature"
    },
    {
      "geometry": {
        "coordinates": [
          21.858499,
          45.749625
        ],
        "type": "Point"
      },
      "properties": {
        "calls": 5,
        "id": "25086",
        "name": "Costeiu Mare Hm.",
        "operator_count": 1,
        "operators": [
          "CFR Călători"
        ]
      },
      "type": "Feature"
    },
    {
      "geometry": {
        "coordinates": [
          21.292877,
          45.800588
        ],
        "type": "Point"
      },
      "properties": {
        "calls": 10,
        "id": "25103",
        "name": "Viile Giarmata h.",
        "operator_count": 1,
        "operators": [
          "Regio Călători"
        ]
      },
      "type": "Feature"
    },
    {
      "geometry": {
        "coordinates": [
          21.307431,
          45.83353
        ],
        "type": "Point"
      },
      "properties": {
        "calls": 10,
        "id": "25115",
        "name": "Giarmata Hm.",
        "operator_count": 1,
        "operators": [
          "Regio Călători"
        ]
      },
      "type": "Feature"
    },
    {
      "geometry": {
        "coordinates": [
          21.2852,
          45.838319
        ],
        "type": "Point"
      },
      "properties": {
        "calls": 10,
        "id": "25127",
        "name": "Cerneteaz h.",
        "operator_count": 1,
        "operators": [
          "Regio Călători"
        ]
      },
      "type": "Feature"
    },
    {
      "geometry": {
        "coordinates": [
          21.343677,
          45.894765
        ],
        "type": "Point"
      },
      "properties": {
        "calls": 10,
        "id": "25141",
        "name": "Pişchia h.",
        "operator_count": 1,
        "operators": [
          "Regio Călători"
        ]
      },
      "type": "Feature"
    },
    {
      "geometry": {
        "coordinates": [
          21.383205,
          45.926828
        ],
        "type": "Point"
      },
      "properties": {
        "calls": 10,
        "id": "25153",
        "name": "Bencei h.",
        "operator_count": 1,
        "operators": [
          "Regio Călători"
        ]
      },
      "type": "Feature"
    },
    {
      "geometry": {
        "coordinates": [
          21.419508,
          45.954318
        ],
        "type": "Point"
      },
      "properties": {
        "calls": 10,
        "id": "25165",
        "name": "Fibiş h.",
        "operator_count": 1,
        "operators": [
          "Regio Călători"
        ]
      },
      "type": "Feature"
    },
    {
      "geometry": {
        "coordinates": [
          21.468238,
          45.97117
        ],
        "type": "Point"
      },
      "properties": {
        "calls": 10,
        "id": "25177",
        "name": "Remetea Mică Hm",
        "operator_count": 1,
        "operators": [
          "Regio Călători"
        ]
      },
      "type": "Feature"
    },
    {
      "geometry": {
        "coordinates": [
          21.17029,
          45.785108
        ],
        "type": "Point"
      },
      "properties": {
        "calls": 18,
        "id": "25256",
        "name": "Ronaţ Triaj h..",
        "operator_count": 2,
        "operators": [
          "Regio Călători",
          "CFR Călători"
        ]
      },
      "type": "Feature"
    },
    {
      "geometry": {
        "coordinates": [
          21.167053,
          45.794706
        ],
        "type": "Point"
      },
      "properties": {
        "calls": 31,
        "id": "25282",
        "name": "Ronaţ Triaj Gr. D",
        "operator_count": 3,
        "operators": [
          "Regio Călători",
          "InterRegional Călători",
          "CFR Călători"
        ]
      },
      "type": "Feature"
    },
    {
      "geometry": {
        "coordinates": [
          21.149368,
          45.848895
        ],
        "type": "Point"
      },
      "properties": {
        "calls": 35,
        "id": "25309",
        "name": "Sânandrei Hm.",
        "operator_count": 2,
        "operators": [
          "InterRegional Călători",
          "CFR Călători"
        ]
      },
      "type": "Feature"
    },
    {
      "geometry": {
        "coordinates": [
          21.171198,
          45.912374
        ],
        "type": "Point"
      },
      "properties": {
        "calls": 27,
        "id": "25323",
        "name": "Băile Calacea Hm.",
        "operator_count": 2,
        "operators": [
          "InterRegional Călători",
          "CFR Călători"
        ]
      },
      "type": "Feature"
    },
    {
      "geometry": {
        "coordinates": [
          21.190729,
          45.963561
        ],
        "type": "Point"
      },
      "properties": {
        "calls": 28,
        "id": "25347",
        "name": "Orţişoara",
        "operator_count": 2,
        "operators": [
          "InterRegional Călători",
          "CFR Călători"
        ]
      },
      "type": "Feature"
    },
    {
      "geometry": {
        "coordinates": [
          21.199387,
          46.016625
        ],
        "type": "Point"
      },
      "properties": {
        "calls": 24,
        "id": "25361",
        "name": "Vinga Hm.",
        "operator_count": 2,
        "operators": [
          "InterRegional Călători",
          "CFR Călători"
        ]
      },
      "type": "Feature"
    },
    {
      "geometry": {
        "coordinates": [
          21.270361,
          46.058754
        ],
        "type": "Point"
      },
      "properties": {
        "calls": 25,
        "id": "25385",
        "name": "Şag Hm.",
        "operator_count": 2,
        "operators": [
          "InterRegional Călători",
          "CFR Călători"
        ]
      },
      "type": "Feature"
    },
    {
      "geometry": {
        "coordinates": [
          21.311431,
          46.098669
        ],
        "type": "Point"
      },
      "properties": {
        "calls": 17,
        "id": "25402",
        "name": "Valea Viilor Hm.",
        "operator_count": 2,
        "operators": [
          "InterRegional Călători",
          "CFR Călători"
        ]
      },
      "type": "Feature"
    },
    {
      "geometry": {
        "coordinates": [
          21.335183,
          46.144146
        ],
        "type": "Point"
      },
      "properties": {
        "calls": 44,
        "id": "25426",
        "name": "Aradu Nou",
        "operator_count": 3,
        "operators": [
          "Regio Călători",
          "InterRegional Călători",
          "CFR Călători"
        ]
      },
      "type": "Feature"
    },
    {
      "geometry": {
        "coordinates": [
          21.280305,
          46.19945
        ],
        "type": "Point"
      },
      "properties": {
        "calls": 14,
        "id": "25440",
        "name": "Arad Vest Hm.",
        "operator_count": 1,
        "operators": [
          "Regio Călători"
        ]
      },
      "type": "Feature"
    },
    {
      "geometry": {
        "coordinates": [
          21.237893,
          46.195803
        ],
        "type": "Point"
      },
      "properties": {
        "calls": 14,
        "id": "25452",
        "name": "Ferma Ciala h.",
        "operator_count": 1,
        "operators": [
          "Regio Călători"
        ]
      },
      "type": "Feature"
    },
    {
      "geometry": {
        "coordinates": [
          21.182125,
          46.184763
        ],
        "type": "Point"
      },
      "properties": {
        "calls": 14,
        "id": "25476",
        "name": "Sântoma h.",
        "operator_count": 1,
        "operators": [
          "Regio Călători"
        ]
      },
      "type": "Feature"
    },
    {
      "geometry": {
        "coordinates": [
          21.086154,
          46.174523
        ],
        "type": "Point"
      },
      "properties": {
        "calls": 14,
        "id": "25488",
        "name": "Pecica",
        "operator_count": 1,
        "operators": [
          "Regio Călători"
        ]
      },
      "type": "Feature"
    },
    {
      "geometry": {
        "coordinates": [
          20.92599,
          46.116106
        ],
        "type": "Point"
      },
      "properties": {
        "calls": 14,
        "id": "25529",
        "name": "Semlac h.",
        "operator_count": 1,
        "operators": [
          "Regio Călători"
        ]
      },
      "type": "Feature"
    },
    {
      "geometry": {
        "coordinates": [
          20.841901,
          46.117814
        ],
        "type": "Point"
      },
      "properties": {
        "calls": 14,
        "id": "25543",
        "name": "Şeitin h.",
        "operator_count": 1,
        "operators": [
          "Regio Călători"
        ]
      },
      "type": "Feature"
    },
    {
      "geometry": {
        "coordinates": [
          20.767121,
          46.15952
        ],
        "type": "Point"
      },
      "properties": {
        "calls": 14,
        "id": "25567",
        "name": "Nădlac Hm.",
        "operator_count": 1,
        "operators": [
          "Regio Călători"
        ]
      },
      "type": "Feature"
    },
    {
      "geometry": {
        "coordinates": [
          21.221627,
          46.129429
        ],
        "type": "Point"
      },
      "properties": {
        "calls": 12,
        "id": "25646",
        "name": "Zădăreni Hm.",
        "operator_count": 1,
        "operators": [
          "Regio Călători"
        ]
      },
      "type": "Feature"
    },
    {
      "geometry": {
        "coordinates": [
          21.19654,
          46.125509
        ],
        "type": "Point"
      },
      "properties": {
        "calls": 12,
        "id": "25658",
        "name": "Bodrogu Nou h.",
        "operator_count": 1,
        "operators": [
          "Regio Călători"
        ]
      },
      "type": "Feature"
    },
    {
      "geometry": {
        "coordinates": [
          21.135243,
          46.110577
        ],
        "type": "Point"
      },
      "properties": {
        "calls": 12,
        "id": "25672",
        "name": "Felnac h.",
        "operator_count": 1,
        "operators": [
          "Regio Călători"
        ]
      },
      "type": "Feature"
    },
    {
      "geometry": {
        "coordinates": [
          21.050058,
          46.101289
        ],
        "type": "Point"
      },
      "properties": {
        "calls": 12,
        "id": "25696",
        "name": "Sânpetru German h.",
        "operator_count": 1,
        "operators": [
          "Regio Călători"
        ]
      },
      "type": "Feature"
    },
    {
      "geometry": {
        "coordinates": [
          21.016511,
          46.099594
        ],
        "type": "Point"
      },
      "properties": {
        "calls": 12,
        "id": "25701",
        "name": "Munor h.",
        "operator_count": 1,
        "operators": [
          "Regio Călători"
        ]
      },
      "type": "Feature"
    },
    {
      "geometry": {
        "coordinates": [
          20.989659,
          46.08413
        ],
        "type": "Point"
      },
      "properties": {
        "calls": 12,
        "id": "25713",
        "name": "Secusigiu h.",
        "operator_count": 1,
        "operators": [
          "Regio Călători"
        ]
      },
      "type": "Feature"
    },
    {
      "geometry": {
        "coordinates": [
          20.969107,
          46.074735
        ],
        "type": "Point"
      },
      "properties": {
        "calls": 12,
        "id": "25725",
        "name": "Aranca h.",
        "operator_count": 1,
        "operators": [
          "Regio Călători"
        ]
      },
      "type": "Feature"
    },
    {
      "geometry": {
        "coordinates": [
          20.872699,
          46.036388
        ],
        "type": "Point"
      },
      "properties": {
        "calls": 20,
        "id": "25751",
        "name": "Periam Hm.",
        "operator_count": 2,
        "operators": [
          "Regio Călători",
          "CFR Călători"
        ]
      },
      "type": "Feature"
    },
    {
      "geometry": {
        "coordinates": [
          20.814846,
          46.037786
        ],
        "type": "Point"
      },
      "properties": {
        "calls": 12,
        "id": "25787",
        "name": "Sânpetru h.",
        "operator_count": 1,
        "operators": [
          "Regio Călători"
        ]
      },
      "type": "Feature"
    },
    {
      "geometry": {
        "coordinates": [
          20.739749,
          46.051832
        ],
        "type": "Point"
      },
      "properties": {
        "calls": 12,
        "id": "25804",
        "name": "Saravale h.",
        "operator_count": 1,
        "operators": [
          "Regio Călători"
        ]
      },
      "type": "Feature"
    },
    {
      "geometry": {
        "coordinates": [
          20.475349,
          46.03071
        ],
        "type": "Point"
      },
      "properties": {
        "calls": 4,
        "id": "25828",
        "name": "Dudeştii Vechi  h.",
        "operator_count": 1,
        "operators": [
          "Regio Călători"
        ]
      },
      "type": "Feature"
    },
    {
      "geometry": {
        "coordinates": [
          20.405034,
          45.991847
        ],
        "type": "Point"
      },
      "properties": {
        "calls": 4,
        "id": "25830",
        "name": "Vălcani hcv.",
        "operator_count": 1,
        "operators": [
          "Regio Călători"
        ]
      },
      "type": "Feature"
    },
    {
      "geometry": {
        "coordinates": [
          21.082173,
          45.901949
        ],
        "type": "Point"
      },
      "properties": {
        "calls": 8,
        "id": "25866",
        "name": "Hodoni h.",
        "operator_count": 1,
        "operators": [
          "CFR Călători"
        ]
      },
      "type": "Feature"
    },
    {
      "geometry": {
        "coordinates": [
          21.051213,
          45.946132
        ],
        "type": "Point"
      },
      "properties": {
        "calls": 8,
        "id": "25878",
        "name": "Chinezu h.",
        "operator_count": 1,
        "operators": [
          "CFR Călători"
        ]
      },
      "type": "Feature"
    },
    {
      "geometry": {
        "coordinates": [
          21.068799,
          45.980165
        ],
        "type": "Point"
      },
      "properties": {
        "calls": 8,
        "id": "25880",
        "name": "Bărăteaz h.",
        "operator_count": 1,
        "operators": [
          "CFR Călători"
        ]
      },
      "type": "Feature"
    },
    {
      "geometry": {
        "coordinates": [
          21.04428,
          46.002316
        ],
        "type": "Point"
      },
      "properties": {
        "calls": 8,
        "id": "25892",
        "name": "Gelu h.",
        "operator_count": 1,
        "operators": [
          "CFR Călători"
        ]
      },
      "type": "Feature"
    },
    {
      "geometry": {
        "coordinates": [
          20.966252,
          46.015912
        ],
        "type": "Point"
      },
      "properties": {
        "calls": 8,
        "id": "25919",
        "name": "Variaş h.",
        "operator_count": 1,
        "operators": [
          "CFR Călători"
        ]
      },
      "type": "Feature"
    },
    {
      "geometry": {
        "coordinates": [
          20.820208,
          45.964506
        ],
        "type": "Point"
      },
      "properties": {
        "calls": 6,
        "id": "25921",
        "name": "Satu Nou Nord h.",
        "operator_count": 1,
        "operators": [
          "CFR Călători"
        ]
      },
      "type": "Feature"
    },
    {
      "geometry": {
        "coordinates": [
          20.828187,
          45.998686
        ],
        "type": "Point"
      },
      "properties": {
        "calls": 6,
        "id": "25933",
        "name": "Pesac h.",
        "operator_count": 1,
        "operators": [
          "CFR Călători"
        ]
      },
      "type": "Feature"
    },
    {
      "geometry": {
        "coordinates": [
          21.110793,
          45.825415
        ],
        "type": "Point"
      },
      "properties": {
        "calls": 8,
        "id": "26042",
        "name": "Dudeştii Noi Hm.",
        "operator_count": 1,
        "operators": [
          "Regio Călători"
        ]
      },
      "type": "Feature"
    },
    {
      "geometry": {
        "coordinates": [
          21.051068,
          45.827216
        ],
        "type": "Point"
      },
      "properties": {
        "calls": 8,
        "id": "26066",
        "name": "Pescăreţu Mic h.",
        "operator_count": 1,
        "operators": [
          "Regio Călători"
        ]
      },
      "type": "Feature"
    },
    {
      "geometry": {
        "coordinates": [
          20.94932,
          45.88336
        ],
        "type": "Point"
      },
      "properties": {
        "calls": 8,
        "id": "26080",
        "name": "Biled Hm.",
        "operator_count": 1,
        "operators": [
          "Regio Călători"
        ]
      },
      "type": "Feature"
    },
    {
      "geometry": {
        "coordinates": [
          20.896888,
          45.919245
        ],
        "type": "Point"
      },
      "properties": {
        "calls": 8,
        "id": "26107",
        "name": "Şandra h.",
        "operator_count": 1,
        "operators": [
          "Regio Călători"
        ]
      },
      "type": "Feature"
    },
    {
      "geometry": {
        "coordinates": [
          20.817116,
          45.962929
        ],
        "type": "Point"
      },
      "properties": {
        "calls": 8,
        "id": "26121",
        "name": "Satu Nou Hm.",
        "operator_count": 1,
        "operators": [
          "Regio Călători"
        ]
      },
      "type": "Feature"
    },
    {
      "geometry": {
        "coordinates": [
          20.755514,
          45.965441
        ],
        "type": "Point"
      },
      "properties": {
        "calls": 14,
        "id": "26145",
        "name": "Lovrin Hm.",
        "operator_count": 2,
        "operators": [
          "Regio Călători",
          "CFR Călători"
        ]
      },
      "type": "Feature"
    },
    {
      "geometry": {
        "coordinates": [
          20.671949,
          45.99204
        ],
        "type": "Point"
      },
      "properties": {
        "calls": 8,
        "id": "26171",
        "name": "Tomnaticu h.",
        "operator_count": 1,
        "operators": [
          "Regio Călători"
        ]
      },
      "type": "Feature"
    },
    {
      "geometry": {
        "coordinates": [
          20.64158,
          46.054234
        ],
        "type": "Point"
      },
      "properties": {
        "calls": 26,
        "id": "26195",
        "name": "Sânnicolau Mare Hm.",
        "operator_count": 1,
        "operators": [
          "Regio Călători"
        ]
      },
      "type": "Feature"
    },
    {
      "geometry": {
        "coordinates": [
          20.623368,
          46.081861
        ],
        "type": "Point"
      },
      "properties": {
        "calls": 4,
        "id": "26212",
        "name": "Sânnicolau Nord h.",
        "operator_count": 1,
        "operators": [
          "Regio Călători"
        ]
      },
      "type": "Feature"
    },
    {
      "geometry": {
        "coordinates": [
          20.595336,
          46.134992
        ],
        "type": "Point"
      },
      "properties": {
        "calls": 4,
        "id": "26236",
        "name": "Cenad h.",
        "operator_count": 1,
        "operators": [
          "Regio Călători"
        ]
      },
      "type": "Feature"
    },
    {
      "geometry": {
        "coordinates": [
          23.521603,
          46.122379
        ],
        "type": "Point"
      },
      "properties": {
        "calls": 8,
        "id": "27034",
        "name": "Şard Ighiu h.",
        "operator_count": 1,
        "operators": [
          "Regio Călători"
        ]
      },
      "type": "Feature"
    },
    {
      "geometry": {
        "coordinates": [
          23.468086,
          46.096692
        ],
        "type": "Point"
      },
      "properties": {
        "calls": 8,
        "id": "27046",
        "name": "Tăutu Ampoiului h.",
        "operator_count": 1,
        "operators": [
          "Regio Călători"
        ]
      },
      "type": "Feature"
    },
    {
      "geometry": {
        "coordinates": [
          23.420703,
          46.092061
        ],
        "type": "Point"
      },
      "properties": {
        "calls": 8,
        "id": "27058",
        "name": "Văleni Meteş h.",
        "operator_count": 1,
        "operators": [
          "Regio Călători"
        ]
      },
      "type": "Feature"
    },
    {
      "geometry": {
        "coordinates": [
          23.393411,
          46.0889
        ],
        "type": "Point"
      },
      "properties": {
        "calls": 8,
        "id": "27060",
        "name": "Poiana Ampoiului h.",
        "operator_count": 1,
        "operators": [
          "Regio Călători"
        ]
      },
      "type": "Feature"
    },
    {
      "geometry": {
        "coordinates": [
          23.330059,
          46.09953
        ],
        "type": "Point"
      },
      "properties": {
        "calls": 8,
        "id": "27072",
        "name": "Prisaca h.",
        "operator_count": 1,
        "operators": [
          "Regio Călători"
        ]
      },
      "type": "Feature"
    },
    {
      "geometry": {
        "coordinates": [
          23.300898,
          46.092818
        ],
        "type": "Point"
      },
      "properties": {
        "calls": 8,
        "id": "27084",
        "name": "Feneş h.",
        "operator_count": 1,
        "operators": [
          "Regio Călători"
        ]
      },
      "type": "Feature"
    },
    {
      "geometry": {
        "coordinates": [
          23.262225,
          46.089348
        ],
        "type": "Point"
      },
      "properties": {
        "calls": 8,
        "id": "27096",
        "name": "Zlatna Tehnică Hm.",
        "operator_count": 1,
        "operators": [
          "Regio Călători"
        ]
      },
      "type": "Feature"
    },
    {
      "geometry": {
        "coordinates": [
          23.22955,
          46.108413
        ],
        "type": "Point"
      },
      "properties": {
        "calls": 8,
        "id": "27101",
        "name": "Zlatna hcv.",
        "operator_count": 1,
        "operators": [
          "Regio Călători"
        ]
      },
      "type": "Feature"
    },
    {
      "geometry": {
        "coordinates": [
          23.239153,
          46.104691
        ],
        "type": "Point"
      },
      "properties": {
        "calls": 8,
        "id": "27113",
        "name": "Zlatna h.",
        "operator_count": 1,
        "operators": [
          "Regio Călători"
        ]
      },
      "type": "Feature"
    },
    {
      "geometry": {
        "coordinates": [
          23.491851,
          46.111389
        ],
        "type": "Point"
      },
      "properties": {
        "calls": 8,
        "id": "27137",
        "name": "Ampoiţa h.",
        "operator_count": 1,
        "operators": [
          "Regio Călători"
        ]
      },
      "type": "Feature"
    },
    {
      "geometry": {
        "coordinates": [
          24.013019,
          46.131084
        ],
        "type": "Point"
      },
      "properties": {
        "calls": 8,
        "id": "27175",
        "name": "Glogoveţ h.",
        "operator_count": 1,
        "operators": [
          "CFR Călători"
        ]
      },
      "type": "Feature"
    },
    {
      "geometry": {
        "coordinates": [
          24.898011,
          44.841862
        ],
        "type": "Point"
      },
      "properties": {
        "calls": 1,
        "id": "27735",
        "name": "Km. 106+800 h.",
        "operator_count": 1,
        "operators": [
          "CFR Călători"
        ]
      },
      "type": "Feature"
    },
    {
      "geometry": {
        "coordinates": [
          24.897066,
          44.839611
        ],
        "type": "Point"
      },
      "properties": {
        "calls": 5,
        "id": "27747",
        "name": "Km. 109+300 h.",
        "operator_count": 1,
        "operators": [
          "CFR Călători"
        ]
      },
      "type": "Feature"
    },
    {
      "geometry": {
        "coordinates": [
          24.93399,
          44.828074
        ],
        "type": "Point"
      },
      "properties": {
        "calls": 3,
        "id": "27917",
        "name": "Ram. Goleşti",
        "operator_count": 1,
        "operators": [
          "CFR Călători"
        ]
      },
      "type": "Feature"
    },
    {
      "geometry": {
        "coordinates": [
          23.8428,
          44.302322
        ],
        "type": "Point"
      },
      "properties": {
        "calls": 3,
        "id": "27955",
        "name": "Ram. Jiu",
        "operator_count": 1,
        "operators": [
          "CFR Călători"
        ]
      },
      "type": "Feature"
    },
    {
      "geometry": {
        "coordinates": [
          23.389485,
          45.284474
        ],
        "type": "Point"
      },
      "properties": {
        "calls": 7,
        "id": "28014",
        "name": "Km. 105+600 h.",
        "operator_count": 1,
        "operators": [
          "CFR Călători"
        ]
      },
      "type": "Feature"
    },
    {
      "geometry": {
        "coordinates": [
          26.072553,
          44.584855
        ],
        "type": "Point"
      },
      "properties": {
        "calls": 12,
        "id": "30081",
        "name": "Otopeni Nord PO",
        "operator_count": 1,
        "operators": [
          "CFR Călători"
        ]
      },
      "type": "Feature"
    },
    {
      "geometry": {
        "coordinates": [
          26.02998,
          44.475469
        ],
        "type": "Point"
      },
      "properties": {
        "calls": 30,
        "id": "30108",
        "name": "Depoul Buc.Triaj h. (IIIK)",
        "operator_count": 1,
        "operators": [
          "CFR Călători"
        ]
      },
      "type": "Feature"
    },
    {
      "geometry": {
        "coordinates": [
          25.984516,
          44.502041
        ],
        "type": "Point"
      },
      "properties": {
        "calls": 102,
        "id": "30110",
        "name": "Chitila",
        "operator_count": 4,
        "operators": [
          "Regio Călători",
          "Transferoviar Calatori",
          "Astra Trans Carpatic",
          "CFR Călători"
        ]
      },
      "type": "Feature"
    },
    {
      "geometry": {
        "coordinates": [
          25.957236,
          44.564175
        ],
        "type": "Point"
      },
      "properties": {
        "calls": 99,
        "id": "30146",
        "name": "Buftea Hm.",
        "operator_count": 5,
        "operators": [
          "Regio Călători",
          "Transferoviar Calatori",
          "Softrans",
          "Astra Trans Carpatic",
          "CFR Călători"
        ]
      },
      "type": "Feature"
    },
    {
      "geometry": {
        "coordinates": [
          25.957138,
          44.599892
        ],
        "type": "Point"
      },
      "properties": {
        "calls": 41,
        "id": "30158",
        "name": "Dârza h.",
        "operator_count": 2,
        "operators": [
          "Regio Călători",
          "CFR Călători"
        ]
      },
      "type": "Feature"
    },
    {
      "geometry": {
        "coordinates": [
          25.996638,
          44.678193
        ],
        "type": "Point"
      },
      "properties": {
        "calls": 84,
        "id": "30172",
        "name": "Periş",
        "operator_count": 5,
        "operators": [
          "Regio Călători",
          "Transferoviar Calatori",
          "Softrans",
          "Astra Trans Carpatic",
          "CFR Călători"
        ]
      },
      "type": "Feature"
    },
    {
      "geometry": {
        "coordinates": [
          26.023599,
          44.72163
        ],
        "type": "Point"
      },
      "properties": {
        "calls": 52,
        "id": "30184",
        "name": "Scroviştea h.",
        "operator_count": 2,
        "operators": [
          "Transferoviar Calatori",
          "CFR Călători"
        ]
      },
      "type": "Feature"
    },
    {
      "geometry": {
        "coordinates": [
          26.025904,
          44.760166
        ],
        "type": "Point"
      },
      "properties": {
        "calls": 76,
        "id": "30196",
        "name": "Crivina Hm.",
        "operator_count": 3,
        "operators": [
          "Regio Călători",
          "Transferoviar Calatori",
          "CFR Călători"
        ]
      },
      "type": "Feature"
    },
    {
      "geometry": {
        "coordinates": [
          26.02797,
          44.80352
        ],
        "type": "Point"
      },
      "properties": {
        "calls": 24,
        "id": "30201",
        "name": "Prahova h.",
        "operator_count": 1,
        "operators": [
          "CFR Călători"
        ]
      },
      "type": "Feature"
    },
    {
      "geometry": {
        "coordinates": [
          26.026414,
          44.862838
        ],
        "type": "Point"
      },
      "properties": {
        "calls": 45,
        "id": "30225",
        "name": "Brazi",
        "operator_count": 3,
        "operators": [
          "Transferoviar Calatori",
          "Astra Trans Carpatic",
          "CFR Călători"
        ]
      },
      "type": "Feature"
    },
    {
      "geometry": {
        "coordinates": [
          25.994612,
          44.924547
        ],
        "type": "Point"
      },
      "properties": {
        "calls": 137,
        "id": "30304",
        "name": "Ploieşti Vest",
        "operator_count": 6,
        "operators": [
          "Regio Călători",
          "Transferoviar Calatori",
          "Softrans",
          "InterRegional Călători",
          "Astra Trans Carpatic",
          "CFR Călători"
        ]
      },
      "type": "Feature"
    },
    {
      "geometry": {
        "coordinates": [
          25.926047,
          44.963488
        ],
        "type": "Point"
      },
      "properties": {
        "calls": 31,
        "id": "30378",
        "name": "Buda",
        "operator_count": 2,
        "operators": [
          "Transferoviar Calatori",
          "CFR Călători"
        ]
      },
      "type": "Feature"
    },
    {
      "geometry": {
        "coordinates": [
          25.809831,
          45.030178
        ],
        "type": "Point"
      },
      "properties": {
        "calls": 30,
        "id": "30392",
        "name": "Floreşti Prahova Hm.",
        "operator_count": 2,
        "operators": [
          "Regio Călători",
          "CFR Călători"
        ]
      },
      "type": "Feature"
    },
    {
      "geometry": {
        "coordinates": [
          25.746731,
          45.092415
        ],
        "type": "Point"
      },
      "properties": {
        "calls": 9,
        "id": "30407",
        "name": "Bobolia h.",
        "operator_count": 1,
        "operators": [
          "CFR Călători"
        ]
      },
      "type": "Feature"
    },
    {
      "geometry": {
        "coordinates": [
          25.711404,
          45.132612
        ],
        "type": "Point"
      },
      "properties": {
        "calls": 101,
        "id": "30421",
        "name": "Câmpina",
        "operator_count": 6,
        "operators": [
          "Regio Călători",
          "Transferoviar Calatori",
          "Softrans",
          "InterRegional Călători",
          "Astra Trans Carpatic",
          "CFR Călători"
        ]
      },
      "type": "Feature"
    },
    {
      "geometry": {
        "coordinates": [
          25.68554,
          45.173523
        ],
        "type": "Point"
      },
      "properties": {
        "calls": 22,
        "id": "30457",
        "name": "Breaza hc.",
        "operator_count": 2,
        "operators": [
          "Softrans",
          "CFR Călători"
        ]
      },
      "type": "Feature"
    },
    {
      "geometry": {
        "coordinates": [
          25.672586,
          45.19493
        ],
        "type": "Point"
      },
      "properties": {
        "calls": 12,
        "id": "30469",
        "name": "Nistoreşti h.",
        "operator_count": 1,
        "operators": [
          "CFR Călători"
        ]
      },
      "type": "Feature"
    },
    {
      "geometry": {
        "coordinates": [
          25.64817,
          45.215871
        ],
        "type": "Point"
      },
      "properties": {
        "calls": 12,
        "id": "30471",
        "name": "Breaza Nord h.",
        "operator_count": 1,
        "operators": [
          "CFR Călători"
        ]
      },
      "type": "Feature"
    },
    {
      "geometry": {
        "coordinates": [
          25.63274,
          45.242355
        ],
        "type": "Point"
      },
      "properties": {
        "calls": 71,
        "id": "30483",
        "name": "Comarnic Hm.",
        "operator_count": 4,
        "operators": [
          "Regio Călători",
          "Transferoviar Calatori",
          "InterRegional Călători",
          "CFR Călători"
        ]
      },
      "type": "Feature"
    },
    {
      "geometry": {
        "coordinates": [
          25.617253,
          45.281266
        ],
        "type": "Point"
      },
      "properties": {
        "calls": 12,
        "id": "30495",
        "name": "Posada h.",
        "operator_count": 1,
        "operators": [
          "CFR Călători"
        ]
      },
      "type": "Feature"
    },
    {
      "geometry": {
        "coordinates": [
          25.567957,
          45.30936
        ],
        "type": "Point"
      },
      "properties": {
        "calls": 12,
        "id": "30500",
        "name": "Valea Largă Hm.",
        "operator_count": 1,
        "operators": [
          "CFR Călători"
        ]
      },
      "type": "Feature"
    },
    {
      "geometry": {
        "coordinates": [
          25.559526,
          45.333755
        ],
        "type": "Point"
      },
      "properties": {
        "calls": 12,
        "id": "30512",
        "name": "Sinaia Sud h.",
        "operator_count": 1,
        "operators": [
          "CFR Călători"
        ]
      },
      "type": "Feature"
    },
    {
      "geometry": {
        "coordinates": [
          25.55278,
          45.352481
        ],
        "type": "Point"
      },
      "properties": {
        "calls": 101,
        "id": "30524",
        "name": "Sinaia",
        "operator_count": 6,
        "operators": [
          "Regio Călători",
          "Transferoviar Calatori",
          "Softrans",
          "InterRegional Călători",
          "Astra Trans Carpatic",
          "CFR Călători"
        ]
      },
      "type": "Feature"
    },
    {
      "geometry": {
        "coordinates": [
          25.541353,
          45.390713
        ],
        "type": "Point"
      },
      "properties": {
        "calls": 13,
        "id": "30536",
        "name": "Poiana Ţapului h.",
        "operator_count": 1,
        "operators": [
          "CFR Călători"
        ]
      },
      "type": "Feature"
    },
    {
      "geometry": {
        "coordinates": [
          25.537607,
          45.415858
        ],
        "type": "Point"
      },
      "properties": {
        "calls": 101,
        "id": "30548",
        "name": "Buşteni Hm.",
        "operator_count": 6,
        "operators": [
          "Regio Călători",
          "Transferoviar Calatori",
          "Softrans",
          "InterRegional Călători",
          "Astra Trans Carpatic",
          "CFR Călători"
        ]
      },
      "type": "Feature"
    },
    {
      "geometry": {
        "coordinates": [
          25.552589,
          45.445017
        ],
        "type": "Point"
      },
      "properties": {
        "calls": 101,
        "id": "30550",
        "name": "Azuga Hm.",
        "operator_count": 6,
        "operators": [
          "Regio Călători",
          "Transferoviar Calatori",
          "Softrans",
          "InterRegional Călători",
          "Astra Trans Carpatic",
          "CFR Călători"
        ]
      },
      "type": "Feature"
    },
    {
      "geometry": {
        "coordinates": [
          25.575646,
          45.505624
        ],
        "type": "Point"
      },
      "properties": {
        "calls": 101,
        "id": "30615",
        "name": "Predeal",
        "operator_count": 6,
        "operators": [
          "Regio Călători",
          "Transferoviar Calatori",
          "Softrans",
          "InterRegional Călători",
          "Astra Trans Carpatic",
          "CFR Călători"
        ]
      },
      "type": "Feature"
    },
    {
      "geometry": {
        "coordinates": [
          25.587872,
          45.5475
        ],
        "type": "Point"
      },
      "properties": {
        "calls": 14,
        "id": "30641",
        "name": "Timişu de Sus Hm.",
        "operator_count": 1,
        "operators": [
          "CFR Călători"
        ]
      },
      "type": "Feature"
    },
    {
      "geometry": {
        "coordinates": [
          25.623041,
          45.585381
        ],
        "type": "Point"
      },
      "properties": {
        "calls": 11,
        "id": "30653",
        "name": "Timişu de Jos h.",
        "operator_count": 1,
        "operators": [
          "CFR Călători"
        ]
      },
      "type": "Feature"
    },
    {
      "geometry": {
        "coordinates": [
          25.653796,
          45.619076
        ],
        "type": "Point"
      },
      "properties": {
        "calls": 13,
        "id": "30665",
        "name": "Dârste Hm.",
        "operator_count": 1,
        "operators": [
          "CFR Călători"
        ]
      },
      "type": "Feature"
    },
    {
      "geometry": {
        "coordinates": [
          25.613558,
          45.661677
        ],
        "type": "Point"
      },
      "properties": {
        "calls": 216,
        "id": "30691",
        "name": "Braşov",
        "operator_count": 6,
        "operators": [
          "Regio Călători",
          "Transferoviar Calatori",
          "Softrans",
          "InterRegional Călători",
          "Astra Trans Carpatic",
          "CFR Călători"
        ]
      },
      "type": "Feature"
    },
    {
      "geometry": {
        "coordinates": [
          25.64694,
          45.674246
        ],
        "type": "Point"
      },
      "properties": {
        "calls": 4,
        "id": "30756",
        "name": "Braşov Triaj",
        "operator_count": 2,
        "operators": [
          "Regio Călători",
          "CFR Călători"
        ]
      },
      "type": "Feature"
    },
    {
      "geometry": {
        "coordinates": [
          25.595301,
          45.699716
        ],
        "type": "Point"
      },
      "properties": {
        "calls": 11,
        "id": "30835",
        "name": "Stupini Hm.",
        "operator_count": 2,
        "operators": [
          "InterRegional Călători",
          "CFR Călători"
        ]
      },
      "type": "Feature"
    },
    {
      "geometry": {
        "coordinates": [
          25.603841,
          45.759193
        ],
        "type": "Point"
      },
      "properties": {
        "calls": 10,
        "id": "30859",
        "name": "Bod Hm.",
        "operator_count": 1,
        "operators": [
          "CFR Călători"
        ]
      },
      "type": "Feature"
    },
    {
      "geometry": {
        "coordinates": [
          25.586369,
          45.825358
        ],
        "type": "Point"
      },
      "properties": {
        "calls": 12,
        "id": "30885",
        "name": "Feldioara Hm.",
        "operator_count": 2,
        "operators": [
          "InterRegional Călători",
          "CFR Călători"
        ]
      },
      "type": "Feature"
    },
    {
      "geometry": {
        "coordinates": [
          25.563313,
          45.841379
        ],
        "type": "Point"
      },
      "properties": {
        "calls": 9,
        "id": "30897",
        "name": "Rotbav h.",
        "operator_count": 1,
        "operators": [
          "CFR Călători"
        ]
      },
      "type": "Feature"
    },
    {
      "geometry": {
        "coordinates": [
          25.544585,
          45.873818
        ],
        "type": "Point"
      },
      "properties": {
        "calls": 9,
        "id": "30902",
        "name": "Vadu Roşu h.",
        "operator_count": 1,
        "operators": [
          "CFR Călători"
        ]
      },
      "type": "Feature"
    },
    {
      "geometry": {
        "coordinates": [
          25.54626,
          45.898991
        ],
        "type": "Point"
      },
      "properties": {
        "calls": 9,
        "id": "30914",
        "name": "Măieruş h.",
        "operator_count": 1,
        "operators": [
          "CFR Călători"
        ]
      },
      "type": "Feature"
    },
    {
      "geometry": {
        "coordinates": [
          25.536259,
          45.952637
        ],
        "type": "Point"
      },
      "properties": {
        "calls": 15,
        "id": "30938",
        "name": "Apaţa",
        "operator_count": 3,
        "operators": [
          "Transferoviar Calatori",
          "InterRegional Călători",
          "CFR Călători"
        ]
      },
      "type": "Feature"
    },
    {
      "geometry": {
        "coordinates": [
          25.557418,
          46.001545
        ],
        "type": "Point"
      },
      "properties": {
        "calls": 9,
        "id": "30952",
        "name": "Ormeniş h.",
        "operator_count": 1,
        "operators": [
          "CFR Călători"
        ]
      },
      "type": "Feature"
    },
    {
      "geometry": {
        "coordinates": [
          25.545931,
          46.047972
        ],
        "type": "Point"
      },
      "properties": {
        "calls": 17,
        "id": "30988",
        "name": "Augustin Hm.",
        "operator_count": 2,
        "operators": [
          "InterRegional Călători",
          "CFR Călători"
        ]
      },
      "type": "Feature"
    },
    {
      "geometry": {
        "coordinates": [
          25.42232,
          46.021589
        ],
        "type": "Point"
      },
      "properties": {
        "calls": 20,
        "id": "31011",
        "name": "Racoş Hm.",
        "operator_count": 2,
        "operators": [
          "InterRegional Călători",
          "CFR Călători"
        ]
      },
      "type": "Feature"
    },
    {
      "geometry": {
        "coordinates": [
          25.383408,
          46.028385
        ],
        "type": "Point"
      },
      "properties": {
        "calls": 9,
        "id": "31023",
        "name": "Mateiaş h.",
        "operator_count": 1,
        "operators": [
          "CFR Călători"
        ]
      },
      "type": "Feature"
    },
    {
      "geometry": {
        "coordinates": [
          25.278581,
          46.017881
        ],
        "type": "Point"
      },
      "properties": {
        "calls": 18,
        "id": "31047",
        "name": "Rupea",
        "operator_count": 3,
        "operators": [
          "Transferoviar Calatori",
          "InterRegional Călători",
          "CFR Călători"
        ]
      },
      "type": "Feature"
    },
    {
      "geometry": {
        "coordinates": [
          25.271194,
          46.092239
        ],
        "type": "Point"
      },
      "properties": {
        "calls": 12,
        "id": "31073",
        "name": "Caţa Hm.",
        "operator_count": 3,
        "operators": [
          "Transferoviar Calatori",
          "InterRegional Călători",
          "CFR Călători"
        ]
      },
      "type": "Feature"
    },
    {
      "geometry": {
        "coordinates": [
          25.220017,
          46.122099
        ],
        "type": "Point"
      },
      "properties": {
        "calls": 8,
        "id": "31097",
        "name": "Paloş Ardeal h.",
        "operator_count": 1,
        "operators": [
          "CFR Călători"
        ]
      },
      "type": "Feature"
    },
    {
      "geometry": {
        "coordinates": [
          25.184612,
          46.153828
        ],
        "type": "Point"
      },
      "properties": {
        "calls": 14,
        "id": "31102",
        "name": "Beia Hm.",
        "operator_count": 2,
        "operators": [
          "Transferoviar Calatori",
          "CFR Călători"
        ]
      },
      "type": "Feature"
    },
    {
      "geometry": {
        "coordinates": [
          25.096238,
          46.182786
        ],
        "type": "Point"
      },
      "properties": {
        "calls": 10,
        "id": "31126",
        "name": "Archita h.",
        "operator_count": 1,
        "operators": [
          "CFR Călători"
        ]
      },
      "type": "Feature"
    },
    {
      "geometry": {
        "coordinates": [
          24.996208,
          46.226019
        ],
        "type": "Point"
      },
      "properties": {
        "calls": 13,
        "id": "31140",
        "name": "Mureni Hm.",
        "operator_count": 3,
        "operators": [
          "Transferoviar Calatori",
          "InterRegional Călători",
          "CFR Călători"
        ]
      },
      "type": "Feature"
    },
    {
      "geometry": {
        "coordinates": [
          24.919052,
          46.243574
        ],
        "type": "Point"
      },
      "properties": {
        "calls": 19,
        "id": "31164",
        "name": "Vânători Hm.",
        "operator_count": 2,
        "operators": [
          "InterRegional Călători",
          "CFR Călători"
        ]
      },
      "type": "Feature"
    },
    {
      "geometry": {
        "coordinates": [
          24.855996,
          46.237663
        ],
        "type": "Point"
      },
      "properties": {
        "calls": 16,
        "id": "31190",
        "name": "Albeşti Târnava Hm.",
        "operator_count": 2,
        "operators": [
          "InterRegional Călători",
          "CFR Călători"
        ]
      },
      "type": "Feature"
    },
    {
      "geometry": {
        "coordinates": [
          24.795775,
          46.226584
        ],
        "type": "Point"
      },
      "properties": {
        "calls": 37,
        "id": "31217",
        "name": "Sighişoara",
        "operator_count": 3,
        "operators": [
          "Transferoviar Calatori",
          "InterRegional Călători",
          "CFR Călători"
        ]
      },
      "type": "Feature"
    },
    {
      "geometry": {
        "coordinates": [
          24.702883,
          46.225436
        ],
        "type": "Point"
      },
      "properties": {
        "calls": 13,
        "id": "31243",
        "name": "Daneş Hm.",
        "operator_count": 1,
        "operators": [
          "CFR Călători"
        ]
      },
      "type": "Feature"
    },
    {
      "geometry": {
        "coordinates": [
          24.628056,
          46.220385
        ],
        "type": "Point"
      },
      "properties": {
        "calls": 13,
        "id": "31255",
        "name": "Luna h.",
        "operator_count": 1,
        "operators": [
          "CFR Călători"
        ]
      },
      "type": "Feature"
    },
    {
      "geometry": {
        "coordinates": [
          24.561404,
          46.21592
        ],
        "type": "Point"
      },
      "properties": {
        "calls": 19,
        "id": "31279",
        "name": "Dumbrăveni Hm.",
        "operator_count": 1,
        "operators": [
          "CFR Călători"
        ]
      },
      "type": "Feature"
    },
    {
      "geometry": {
        "coordinates": [
          24.475854,
          46.197455
        ],
        "type": "Point"
      },
      "properties": {
        "calls": 13,
        "id": "31293",
        "name": "Aţel h.",
        "operator_count": 1,
        "operators": [
          "CFR Călători"
        ]
      },
      "type": "Feature"
    },
    {
      "geometry": {
        "coordinates": [
          24.421907,
          46.175113
        ],
        "type": "Point"
      },
      "properties": {
        "calls": 13,
        "id": "31308",
        "name": "Bratei h.",
        "operator_count": 1,
        "operators": [
          "CFR Călători"
        ]
      },
      "type": "Feature"
    },
    {
      "geometry": {
        "coordinates": [
          24.351314,
          46.160462
        ],
        "type": "Point"
      },
      "properties": {
        "calls": 55,
        "id": "31334",
        "name": "Mediaş",
        "operator_count": 3,
        "operators": [
          "Transferoviar Calatori",
          "InterRegional Călători",
          "CFR Călători"
        ]
      },
      "type": "Feature"
    },
    {
      "geometry": {
        "coordinates": [
          24.299242,
          46.133861
        ],
        "type": "Point"
      },
      "properties": {
        "calls": 29,
        "id": "31372",
        "name": "Târnava h.",
        "operator_count": 2,
        "operators": [
          "InterRegional Călători",
          "CFR Călători"
        ]
      },
      "type": "Feature"
    },
    {
      "geometry": {
        "coordinates": [
          24.229754,
          46.114624
        ],
        "type": "Point"
      },
      "properties": {
        "calls": 43,
        "id": "31401",
        "name": "Copşa Mică",
        "operator_count": 3,
        "operators": [
          "Transferoviar Calatori",
          "InterRegional Călători",
          "CFR Călători"
        ]
      },
      "type": "Feature"
    },
    {
      "geometry": {
        "coordinates": [
          24.111868,
          46.090039
        ],
        "type": "Point"
      },
      "properties": {
        "calls": 8,
        "id": "31437",
        "name": "Micăsasa h.",
        "operator_count": 1,
        "operators": [
          "CFR Călători"
        ]
      },
      "type": "Feature"
    },
    {
      "geometry": {
        "coordinates": [
          24.066199,
          46.091529
        ],
        "type": "Point"
      },
      "properties": {
        "calls": 8,
        "id": "31449",
        "name": "Lunca h.",
        "operator_count": 1,
        "operators": [
          "CFR Călători"
        ]
      },
      "type": "Feature"
    },
    {
      "geometry": {
        "coordinates": [
          24.036306,
          46.118396
        ],
        "type": "Point"
      },
      "properties": {
        "calls": 13,
        "id": "31451",
        "name": "Valea Lungă Hm.",
        "operator_count": 2,
        "operators": [
          "InterRegional Călători",
          "CFR Călători"
        ]
      },
      "type": "Feature"
    },
    {
      "geometry": {
        "coordinates": [
          23.984634,
          46.142363
        ],
        "type": "Point"
      },
      "properties": {
        "calls": 8,
        "id": "31463",
        "name": "Mănărade h.",
        "operator_count": 1,
        "operators": [
          "CFR Călători"
        ]
      },
      "type": "Feature"
    },
    {
      "geometry": {
        "coordinates": [
          23.940233,
          46.172504
        ],
        "type": "Point"
      },
      "properties": {
        "calls": 8,
        "id": "31504",
        "name": "Câmpu Libertăţii h.",
        "operator_count": 1,
        "operators": [
          "CFR Călători"
        ]
      },
      "type": "Feature"
    },
    {
      "geometry": {
        "coordinates": [
          23.909433,
          46.176291
        ],
        "type": "Point"
      },
      "properties": {
        "calls": 44,
        "id": "31530",
        "name": "Blaj",
        "operator_count": 4,
        "operators": [
          "Regio Călători",
          "Transferoviar Calatori",
          "InterRegional Călători",
          "CFR Călători"
        ]
      },
      "type": "Feature"
    },
    {
      "geometry": {
        "coordinates": [
          23.844036,
          46.172716
        ],
        "type": "Point"
      },
      "properties": {
        "calls": 13,
        "id": "31566",
        "name": "Crăciunel Hm.",
        "operator_count": 2,
        "operators": [
          "InterRegional Călători",
          "CFR Călători"
        ]
      },
      "type": "Feature"
    },
    {
      "geometry": {
        "coordinates": [
          23.755482,
          46.182046
        ],
        "type": "Point"
      },
      "properties": {
        "calls": 8,
        "id": "31580",
        "name": "Cistei h.",
        "operator_count": 1,
        "operators": [
          "CFR Călători"
        ]
      },
      "type": "Feature"
    },
    {
      "geometry": {
        "coordinates": [
          23.691895,
          46.175461
        ],
        "type": "Point"
      },
      "properties": {
        "calls": 7,
        "id": "31619",
        "name": "Podu Mureş Hm.",
        "operator_count": 1,
        "operators": [
          "CFR Călători"
        ]
      },
      "type": "Feature"
    },
    {
      "geometry": {
        "coordinates": [
          23.691358,
          46.203605
        ],
        "type": "Point"
      },
      "properties": {
        "calls": 57,
        "id": "31645",
        "name": "Teiuş",
        "operator_count": 3,
        "operators": [
          "Transferoviar Calatori",
          "InterRegional Călători",
          "CFR Călători"
        ]
      },
      "type": "Feature"
    },
    {
      "geometry": {
        "coordinates": [
          23.73535,
          46.31254
        ],
        "type": "Point"
      },
      "properties": {
        "calls": 44,
        "id": "31695",
        "name": "Aiud Hm.",
        "operator_count": 3,
        "operators": [
          "Transferoviar Calatori",
          "InterRegional Călători",
          "CFR Călători"
        ]
      },
      "type": "Feature"
    },
    {
      "geometry": {
        "coordinates": [
          23.720778,
          46.361268
        ],
        "type": "Point"
      },
      "properties": {
        "calls": 14,
        "id": "31712",
        "name": "Mirăslău h.",
        "operator_count": 1,
        "operators": [
          "CFR Călători"
        ]
      },
      "type": "Feature"
    },
    {
      "geometry": {
        "coordinates": [
          23.766787,
          46.378257
        ],
        "type": "Point"
      },
      "properties": {
        "calls": 14,
        "id": "31724",
        "name": "Decea h.",
        "operator_count": 1,
        "operators": [
          "CFR Călători"
        ]
      },
      "type": "Feature"
    },
    {
      "geometry": {
        "coordinates": [
          23.804838,
          46.391106
        ],
        "type": "Point"
      },
      "properties": {
        "calls": 22,
        "id": "31748",
        "name": "Unirea Hm.",
        "operator_count": 2,
        "operators": [
          "InterRegional Călători",
          "CFR Călători"
        ]
      },
      "type": "Feature"
    },
    {
      "geometry": {
        "coordinates": [
          23.839146,
          46.399674
        ],
        "type": "Point"
      },
      "properties": {
        "calls": 19,
        "id": "31750",
        "name": "Unirea hc.",
        "operator_count": 2,
        "operators": [
          "InterRegional Călători",
          "CFR Călători"
        ]
      },
      "type": "Feature"
    },
    {
      "geometry": {
        "coordinates": [
          23.885692,
          46.414713
        ],
        "type": "Point"
      },
      "properties": {
        "calls": 64,
        "id": "31774",
        "name": "Războieni",
        "operator_count": 3,
        "operators": [
          "Transferoviar Calatori",
          "InterRegional Călători",
          "CFR Călători"
        ]
      },
      "type": "Feature"
    },
    {
      "geometry": {
        "coordinates": [
          23.89652,
          46.436567
        ],
        "type": "Point"
      },
      "properties": {
        "calls": 20,
        "id": "31786",
        "name": "Grindeni h.",
        "operator_count": 2,
        "operators": [
          "InterRegional Călători",
          "CFR Călători"
        ]
      },
      "type": "Feature"
    },
    {
      "geometry": {
        "coordinates": [
          23.885655,
          46.487043
        ],
        "type": "Point"
      },
      "properties": {
        "calls": 22,
        "id": "31798",
        "name": "Călăraşi Turda Hm.",
        "operator_count": 2,
        "operators": [
          "InterRegional Călători",
          "CFR Călători"
        ]
      },
      "type": "Feature"
    },
    {
      "geometry": {
        "coordinates": [
          23.879582,
          46.547004
        ],
        "type": "Point"
      },
      "properties": {
        "calls": 58,
        "id": "31827",
        "name": "Câmpia Turzii",
        "operator_count": 3,
        "operators": [
          "Transferoviar Calatori",
          "InterRegional Călători",
          "CFR Călători"
        ]
      },
      "type": "Feature"
    },
    {
      "geometry": {
        "coordinates": [
          23.847135,
          46.607565
        ],
        "type": "Point"
      },
      "properties": {
        "calls": 12,
        "id": "31853",
        "name": "Cânepişti h.",
        "operator_count": 2,
        "operators": [
          "InterRegional Călători",
          "CFR Călători"
        ]
      },
      "type": "Feature"
    },
    {
      "geometry": {
        "coordinates": [
          23.851051,
          46.636732
        ],
        "type": "Point"
      },
      "properties": {
        "calls": 20,
        "id": "31865",
        "name": "Ploscoş h.",
        "operator_count": 2,
        "operators": [
          "InterRegional Călători",
          "CFR Călători"
        ]
      },
      "type": "Feature"
    },
    {
      "geometry": {
        "coordinates": [
          23.860772,
          46.664839
        ],
        "type": "Point"
      },
      "properties": {
        "calls": 20,
        "id": "31877",
        "name": "Valea Florilor Hm.",
        "operator_count": 2,
        "operators": [
          "InterRegional Călători",
          "CFR Călători"
        ]
      },
      "type": "Feature"
    },
    {
      "geometry": {
        "coordinates": [
          23.836687,
          46.702003
        ],
        "type": "Point"
      },
      "properties": {
        "calls": 20,
        "id": "31891",
        "name": "Boju Hm.",
        "operator_count": 2,
        "operators": [
          "InterRegional Călători",
          "CFR Călători"
        ]
      },
      "type": "Feature"
    },
    {
      "geometry": {
        "coordinates": [
          23.813951,
          46.732257
        ],
        "type": "Point"
      },
      "properties": {
        "calls": 19,
        "id": "31918",
        "name": "Tunel Hm.",
        "operator_count": 2,
        "operators": [
          "InterRegional Călători",
          "CFR Călători"
        ]
      },
      "type": "Feature"
    },
    {
      "geometry": {
        "coordinates": [
          23.79015,
          46.766822
        ],
        "type": "Point"
      },
      "properties": {
        "calls": 24,
        "id": "31920",
        "name": "Cojocna Hm.",
        "operator_count": 2,
        "operators": [
          "InterRegional Călători",
          "CFR Călători"
        ]
      },
      "type": "Feature"
    },
    {
      "geometry": {
        "coordinates": [
          23.743049,
          46.791719
        ],
        "type": "Point"
      },
      "properties": {
        "calls": 79,
        "id": "31944",
        "name": "Apahida Hm.",
        "operator_count": 3,
        "operators": [
          "Transferoviar Calatori",
          "InterRegional Călători",
          "CFR Călători"
        ]
      },
      "type": "Feature"
    },
    {
      "geometry": {
        "coordinates": [
          23.69887,
          46.780587
        ],
        "type": "Point"
      },
      "properties": {
        "calls": 44,
        "id": "31968",
        "name": "Dezmir h.",
        "operator_count": 3,
        "operators": [
          "Transferoviar Calatori",
          "InterRegional Călători",
          "CFR Călători"
        ]
      },
      "type": "Feature"
    },
    {
      "geometry": {
        "coordinates": [
          23.670483,
          46.778838
        ],
        "type": "Point"
      },
      "properties": {
        "calls": 64,
        "id": "31982",
        "name": "Cluj Napoca Est",
        "operator_count": 3,
        "operators": [
          "Transferoviar Calatori",
          "InterRegional Călători",
          "CFR Călători"
        ]
      },
      "type": "Feature"
    },
    {
      "geometry": {
        "coordinates": [
          23.586925,
          46.784618
        ],
        "type": "Point"
      },
      "properties": {
        "calls": 196,
        "id": "32015",
        "name": "Cluj Napoca",
        "operator_count": 3,
        "operators": [
          "Transferoviar Calatori",
          "InterRegional Călători",
          "CFR Călători"
        ]
      },
      "type": "Feature"
    },
    {
      "geometry": {
        "coordinates": [
          23.527602,
          46.787068
        ],
        "type": "Point"
      },
      "properties": {
        "calls": 70,
        "id": "32053",
        "name": "Baciu Triaj Hm.",
        "operator_count": 3,
        "operators": [
          "Transferoviar Calatori",
          "InterRegional Călători",
          "CFR Călători"
        ]
      },
      "type": "Feature"
    },
    {
      "geometry": {
        "coordinates": [
          23.515832,
          46.795223
        ],
        "type": "Point"
      },
      "properties": {
        "calls": 70,
        "id": "32065",
        "name": "Baciu h.",
        "operator_count": 3,
        "operators": [
          "Transferoviar Calatori",
          "InterRegional Călători",
          "CFR Călători"
        ]
      },
      "type": "Feature"
    },
    {
      "geometry": {
        "coordinates": [
          23.454062,
          46.804696
        ],
        "type": "Point"
      },
      "properties": {
        "calls": 70,
        "id": "32091",
        "name": "Rădaia h.",
        "operator_count": 3,
        "operators": [
          "Transferoviar Calatori",
          "InterRegional Călători",
          "CFR Călători"
        ]
      },
      "type": "Feature"
    },
    {
      "geometry": {
        "coordinates": [
          23.478304,
          46.800061
        ],
        "type": "Point"
      },
      "properties": {
        "calls": 70,
        "id": "32106",
        "name": "Suceag h.",
        "operator_count": 3,
        "operators": [
          "Transferoviar Calatori",
          "InterRegional Călători",
          "CFR Călători"
        ]
      },
      "type": "Feature"
    },
    {
      "geometry": {
        "coordinates": [
          23.445782,
          46.806915
        ],
        "type": "Point"
      },
      "properties": {
        "calls": 70,
        "id": "32118",
        "name": "Mera Hm.",
        "operator_count": 3,
        "operators": [
          "Transferoviar Calatori",
          "InterRegional Călători",
          "CFR Călători"
        ]
      },
      "type": "Feature"
    },
    {
      "geometry": {
        "coordinates": [
          23.425776,
          46.815795
        ],
        "type": "Point"
      },
      "properties": {
        "calls": 70,
        "id": "32120",
        "name": "Nădăşel h.",
        "operator_count": 3,
        "operators": [
          "Transferoviar Calatori",
          "InterRegional Călători",
          "CFR Călători"
        ]
      },
      "type": "Feature"
    },
    {
      "geometry": {
        "coordinates": [
          23.359502,
          46.830644
        ],
        "type": "Point"
      },
      "properties": {
        "calls": 70,
        "id": "32144",
        "name": "Gârbău h.",
        "operator_count": 3,
        "operators": [
          "Transferoviar Calatori",
          "InterRegional Călători",
          "CFR Călători"
        ]
      },
      "type": "Feature"
    },
    {
      "geometry": {
        "coordinates": [
          23.314371,
          46.847215
        ],
        "type": "Point"
      },
      "properties": {
        "calls": 70,
        "id": "32156",
        "name": "Macău h.",
        "operator_count": 3,
        "operators": [
          "Transferoviar Calatori",
          "InterRegional Călători",
          "CFR Călători"
        ]
      },
      "type": "Feature"
    },
    {
      "geometry": {
        "coordinates": [
          23.301184,
          46.860411
        ],
        "type": "Point"
      },
      "properties": {
        "calls": 70,
        "id": "32168",
        "name": "Dorolţu h.",
        "operator_count": 3,
        "operators": [
          "Transferoviar Calatori",
          "InterRegional Călători",
          "CFR Călători"
        ]
      },
      "type": "Feature"
    },
    {
      "geometry": {
        "coordinates": [
          23.278835,
          46.866036
        ],
        "type": "Point"
      },
      "properties": {
        "calls": 77,
        "id": "32182",
        "name": "Aghireş Hm.",
        "operator_count": 3,
        "operators": [
          "Transferoviar Calatori",
          "InterRegional Călători",
          "CFR Călători"
        ]
      },
      "type": "Feature"
    },
    {
      "geometry": {
        "coordinates": [
          23.172644,
          46.880464
        ],
        "type": "Point"
      },
      "properties": {
        "calls": 62,
        "id": "32194",
        "name": "Gălăşeni h.",
        "operator_count": 3,
        "operators": [
          "Transferoviar Calatori",
          "InterRegional Călători",
          "CFR Călători"
        ]
      },
      "type": "Feature"
    },
    {
      "geometry": {
        "coordinates": [
          23.247463,
          46.873446
        ],
        "type": "Point"
      },
      "properties": {
        "calls": 65,
        "id": "32209",
        "name": "Aghireş h.",
        "operator_count": 3,
        "operators": [
          "Transferoviar Calatori",
          "InterRegional Călători",
          "CFR Călători"
        ]
      },
      "type": "Feature"
    },
    {
      "geometry": {
        "coordinates": [
          23.146982,
          46.872954
        ],
        "type": "Point"
      },
      "properties": {
        "calls": 62,
        "id": "32223",
        "name": "Stana Hm.",
        "operator_count": 3,
        "operators": [
          "Transferoviar Calatori",
          "InterRegional Călători",
          "CFR Călători"
        ]
      },
      "type": "Feature"
    },
    {
      "geometry": {
        "coordinates": [
          23.093809,
          46.864493
        ],
        "type": "Point"
      },
      "properties": {
        "calls": 60,
        "id": "32235",
        "name": "Jebuc h.",
        "operator_count": 3,
        "operators": [
          "Transferoviar Calatori",
          "InterRegional Călători",
          "CFR Călători"
        ]
      },
      "type": "Feature"
    },
    {
      "geometry": {
        "coordinates": [
          23.032371,
          46.866961
        ],
        "type": "Point"
      },
      "properties": {
        "calls": 69,
        "id": "32261",
        "name": "Huedin",
        "operator_count": 3,
        "operators": [
          "Transferoviar Calatori",
          "InterRegional Călători",
          "CFR Călători"
        ]
      },
      "type": "Feature"
    },
    {
      "geometry": {
        "coordinates": [
          22.920568,
          46.880395
        ],
        "type": "Point"
      },
      "properties": {
        "calls": 22,
        "id": "32285",
        "name": "Brăişoru Hm.",
        "operator_count": 2,
        "operators": [
          "Transferoviar Calatori",
          "CFR Călători"
        ]
      },
      "type": "Feature"
    },
    {
      "geometry": {
        "coordinates": [
          22.880354,
          46.893196
        ],
        "type": "Point"
      },
      "properties": {
        "calls": 22,
        "id": "32297",
        "name": "Bologa h.",
        "operator_count": 2,
        "operators": [
          "Transferoviar Calatori",
          "CFR Călători"
        ]
      },
      "type": "Feature"
    },
    {
      "geometry": {
        "coordinates": [
          22.861362,
          46.91474
        ],
        "type": "Point"
      },
      "properties": {
        "calls": 25,
        "id": "32302",
        "name": "Poieni Hm.",
        "operator_count": 2,
        "operators": [
          "Transferoviar Calatori",
          "CFR Călători"
        ]
      },
      "type": "Feature"
    },
    {
      "geometry": {
        "coordinates": [
          22.844676,
          46.934748
        ],
        "type": "Point"
      },
      "properties": {
        "calls": 22,
        "id": "32314",
        "name": "Valea Drăganului h.",
        "operator_count": 2,
        "operators": [
          "Transferoviar Calatori",
          "CFR Călători"
        ]
      },
      "type": "Feature"
    },
    {
      "geometry": {
        "coordinates": [
          22.811515,
          46.954605
        ],
        "type": "Point"
      },
      "properties": {
        "calls": 29,
        "id": "32326",
        "name": "Ciucea Hm.",
        "operator_count": 2,
        "operators": [
          "Transferoviar Calatori",
          "CFR Călători"
        ]
      },
      "type": "Feature"
    },
    {
      "geometry": {
        "coordinates": [
          22.781422,
          46.951797
        ],
        "type": "Point"
      },
      "properties": {
        "calls": 20,
        "id": "32338",
        "name": "Negreni h.",
        "operator_count": 2,
        "operators": [
          "Transferoviar Calatori",
          "CFR Călători"
        ]
      },
      "type": "Feature"
    },
    {
      "geometry": {
        "coordinates": [
          22.73599,
          46.959554
        ],
        "type": "Point"
      },
      "properties": {
        "calls": 20,
        "id": "32340",
        "name": "Lacu Crişului h.",
        "operator_count": 2,
        "operators": [
          "Transferoviar Calatori",
          "CFR Călători"
        ]
      },
      "type": "Feature"
    },
    {
      "geometry": {
        "coordinates": [
          22.702509,
          46.946672
        ],
        "type": "Point"
      },
      "properties": {
        "calls": 27,
        "id": "32352",
        "name": "Piatra Craiului Hm.",
        "operator_count": 2,
        "operators": [
          "Transferoviar Calatori",
          "CFR Călători"
        ]
      },
      "type": "Feature"
    },
    {
      "geometry": {
        "coordinates": [
          22.662783,
          46.934238
        ],
        "type": "Point"
      },
      "properties": {
        "calls": 20,
        "id": "32364",
        "name": "Bulz Hm.",
        "operator_count": 2,
        "operators": [
          "Transferoviar Calatori",
          "CFR Călători"
        ]
      },
      "type": "Feature"
    },
    {
      "geometry": {
        "coordinates": [
          22.648376,
          46.928087
        ],
        "type": "Point"
      },
      "properties": {
        "calls": 20,
        "id": "32376",
        "name": "Stâna de Vale h.",
        "operator_count": 2,
        "operators": [
          "Transferoviar Calatori",
          "CFR Călători"
        ]
      },
      "type": "Feature"
    },
    {
      "geometry": {
        "coordinates": [
          22.60318,
          46.928839
        ],
        "type": "Point"
      },
      "properties": {
        "calls": 40,
        "id": "32388",
        "name": "Bratca Hm.",
        "operator_count": 3,
        "operators": [
          "Transferoviar Calatori",
          "InterRegional Călători",
          "CFR Călători"
        ]
      },
      "type": "Feature"
    },
    {
      "geometry": {
        "coordinates": [
          22.579216,
          46.934206
        ],
        "type": "Point"
      },
      "properties": {
        "calls": 30,
        "id": "32390",
        "name": "Bălnaca h.",
        "operator_count": 3,
        "operators": [
          "Transferoviar Calatori",
          "InterRegional Călători",
          "CFR Călători"
        ]
      },
      "type": "Feature"
    },
    {
      "geometry": {
        "coordinates": [
          22.537628,
          46.949056
        ],
        "type": "Point"
      },
      "properties": {
        "calls": 37,
        "id": "32405",
        "name": "Şuncuiuş Hm.",
        "operator_count": 3,
        "operators": [
          "Transferoviar Calatori",
          "InterRegional Călători",
          "CFR Călători"
        ]
      },
      "type": "Feature"
    },
    {
      "geometry": {
        "coordinates": [
          22.495839,
          46.994728
        ],
        "type": "Point"
      },
      "properties": {
        "calls": 32,
        "id": "32431",
        "name": "Vadu Crişului Hm.",
        "operator_count": 3,
        "operators": [
          "Transferoviar Calatori",
          "InterRegional Călători",
          "CFR Călători"
        ]
      },
      "type": "Feature"
    },
    {
      "geometry": {
        "coordinates": [
          22.50845,
          46.977965
        ],
        "type": "Point"
      },
      "properties": {
        "calls": 35,
        "id": "32455",
        "name": "Vadu Crişului h.",
        "operator_count": 3,
        "operators": [
          "Transferoviar Calatori",
          "InterRegional Călători",
          "CFR Călători"
        ]
      },
      "type": "Feature"
    },
    {
      "geometry": {
        "coordinates": [
          22.44317,
          47.019284
        ],
        "type": "Point"
      },
      "properties": {
        "calls": 30,
        "id": "32479",
        "name": "Butan h.",
        "operator_count": 3,
        "operators": [
          "Transferoviar Calatori",
          "InterRegional Călători",
          "CFR Călători"
        ]
      },
      "type": "Feature"
    },
    {
      "geometry": {
        "coordinates": [
          22.390266,
          47.037349
        ],
        "type": "Point"
      },
      "properties": {
        "calls": 30,
        "id": "32481",
        "name": "Aleşd h.",
        "operator_count": 3,
        "operators": [
          "Transferoviar Calatori",
          "InterRegional Călători",
          "CFR Călători"
        ]
      },
      "type": "Feature"
    },
    {
      "geometry": {
        "coordinates": [
          22.356859,
          47.04
        ],
        "type": "Point"
      },
      "properties": {
        "calls": 38,
        "id": "32508",
        "name": "Aleşd",
        "operator_count": 3,
        "operators": [
          "Transferoviar Calatori",
          "InterRegional Călători",
          "CFR Călători"
        ]
      },
      "type": "Feature"
    },
    {
      "geometry": {
        "coordinates": [
          22.318121,
          47.042814
        ],
        "type": "Point"
      },
      "properties": {
        "calls": 30,
        "id": "32522",
        "name": "Ţeţchea h.",
        "operator_count": 3,
        "operators": [
          "Transferoviar Calatori",
          "InterRegional Călători",
          "CFR Călători"
        ]
      },
      "type": "Feature"
    },
    {
      "geometry": {
        "coordinates": [
          22.26746,
          47.046765
        ],
        "type": "Point"
      },
      "properties": {
        "calls": 30,
        "id": "32534",
        "name": "Telechiu PO",
        "operator_count": 3,
        "operators": [
          "Transferoviar Calatori",
          "InterRegional Călători",
          "CFR Călători"
        ]
      },
      "type": "Feature"
    },
    {
      "geometry": {
        "coordinates": [
          22.210289,
          47.053695
        ],
        "type": "Point"
      },
      "properties": {
        "calls": 33,
        "id": "32558",
        "name": "Tileagd",
        "operator_count": 3,
        "operators": [
          "Transferoviar Calatori",
          "InterRegional Călători",
          "CFR Călători"
        ]
      },
      "type": "Feature"
    },
    {
      "geometry": {
        "coordinates": [
          22.140328,
          47.054899
        ],
        "type": "Point"
      },
      "properties": {
        "calls": 15,
        "id": "32572",
        "name": "Săbolciu h.",
        "operator_count": 2,
        "operators": [
          "InterRegional Călători",
          "CFR Călători"
        ]
      },
      "type": "Feature"
    },
    {
      "geometry": {
        "coordinates": [
          22.110809,
          47.05088
        ],
        "type": "Point"
      },
      "properties": {
        "calls": 15,
        "id": "32584",
        "name": "Săcădat h.",
        "operator_count": 2,
        "operators": [
          "InterRegional Călători",
          "CFR Călători"
        ]
      },
      "type": "Feature"
    },
    {
      "geometry": {
        "coordinates": [
          22.034163,
          47.039567
        ],
        "type": "Point"
      },
      "properties": {
        "calls": 30,
        "id": "32601",
        "name": "Oşorhei Hm.",
        "operator_count": 3,
        "operators": [
          "Transferoviar Calatori",
          "InterRegional Călători",
          "CFR Călători"
        ]
      },
      "type": "Feature"
    },
    {
      "geometry": {
        "coordinates": [
          21.963065,
          47.043631
        ],
        "type": "Point"
      },
      "properties": {
        "calls": 30,
        "id": "32637",
        "name": "Oradea Est Hm.",
        "operator_count": 3,
        "operators": [
          "Transferoviar Calatori",
          "InterRegional Călători",
          "CFR Călători"
        ]
      },
      "type": "Feature"
    },
    {
      "geometry": {
        "coordinates": [
          21.936531,
          47.07012
        ],
        "type": "Point"
      },
      "properties": {
        "calls": 93,
        "id": "32663",
        "name": "Oradea",
        "operator_count": 3,
        "operators": [
          "Transferoviar Calatori",
          "InterRegional Călători",
          "CFR Călători"
        ]
      },
      "type": "Feature"
    },
    {
      "geometry": {
        "coordinates": [
          21.891385,
          47.057405
        ],
        "type": "Point"
      },
      "properties": {
        "calls": 6,
        "id": "32704",
        "name": "Oradea Vest Hm.",
        "operator_count": 1,
        "operators": [
          "CFR Călători"
        ]
      },
      "type": "Feature"
    },
    {
      "geometry": {
        "coordinates": [
          21.877082,
          47.099659
        ],
        "type": "Point"
      },
      "properties": {
        "calls": 33,
        "id": "32742",
        "name": "Episcopia Bihor",
        "operator_count": 2,
        "operators": [
          "InterRegional Călători",
          "CFR Călători"
        ]
      },
      "type": "Feature"
    },
    {
      "geometry": {
        "coordinates": [
          25.91813,
          44.923672
        ],
        "type": "Point"
      },
      "properties": {
        "calls": 2,
        "id": "32883",
        "name": "Crângu Lui Bot Hm.",
        "operator_count": 1,
        "operators": [
          "Transferoviar Calatori"
        ]
      },
      "type": "Feature"
    },
    {
      "geometry": {
        "coordinates": [
          25.884779,
          44.921544
        ],
        "type": "Point"
      },
      "properties": {
        "calls": 2,
        "id": "32895",
        "name": "Crângu Lui Tei h.",
        "operator_count": 1,
        "operators": [
          "Transferoviar Calatori"
        ]
      },
      "type": "Feature"
    },
    {
      "geometry": {
        "coordinates": [
          25.857316,
          44.91911
        ],
        "type": "Point"
      },
      "properties": {
        "calls": 2,
        "id": "32900",
        "name": "Târgşoru Nou PO.",
        "operator_count": 1,
        "operators": [
          "Transferoviar Calatori"
        ]
      },
      "type": "Feature"
    },
    {
      "geometry": {
        "coordinates": [
          25.821867,
          44.913397
        ],
        "type": "Point"
      },
      "properties": {
        "calls": 2,
        "id": "32912",
        "name": "Brătăşanca h.",
        "operator_count": 1,
        "operators": [
          "Transferoviar Calatori"
        ]
      },
      "type": "Feature"
    },
    {
      "geometry": {
        "coordinates": [
          25.786517,
          44.90796
        ],
        "type": "Point"
      },
      "properties": {
        "calls": 2,
        "id": "32924",
        "name": "P. mac. Zalhanaua",
        "operator_count": 1,
        "operators": [
          "Transferoviar Calatori"
        ]
      },
      "type": "Feature"
    },
    {
      "geometry": {
        "coordinates": [
          25.723473,
          44.908048
        ],
        "type": "Point"
      },
      "properties": {
        "calls": 2,
        "id": "32948",
        "name": "I. L. Caragiale Hm.",
        "operator_count": 1,
        "operators": [
          "Transferoviar Calatori"
        ]
      },
      "type": "Feature"
    },
    {
      "geometry": {
        "coordinates": [
          25.68379,
          44.910086
        ],
        "type": "Point"
      },
      "properties": {
        "calls": 2,
        "id": "32950",
        "name": "I. L. Caragiale Vest h.",
        "operator_count": 1,
        "operators": [
          "Transferoviar Calatori"
        ]
      },
      "type": "Feature"
    },
    {
      "geometry": {
        "coordinates": [
          25.658723,
          44.912525
        ],
        "type": "Point"
      },
      "properties": {
        "calls": 2,
        "id": "32974",
        "name": "Mija",
        "operator_count": 1,
        "operators": [
          "Transferoviar Calatori"
        ]
      },
      "type": "Feature"
    },
    {
      "geometry": {
        "coordinates": [
          25.622708,
          44.912301
        ],
        "type": "Point"
      },
      "properties": {
        "calls": 2,
        "id": "32986",
        "name": "Bucşani h.",
        "operator_count": 1,
        "operators": [
          "Transferoviar Calatori"
        ]
      },
      "type": "Feature"
    },
    {
      "geometry": {
        "coordinates": [
          25.596419,
          44.921307
        ],
        "type": "Point"
      },
      "properties": {
        "calls": 2,
        "id": "32998",
        "name": "Adânca PM.",
        "operator_count": 1,
        "operators": [
          "Transferoviar Calatori"
        ]
      },
      "type": "Feature"
    },
    {
      "geometry": {
        "coordinates": [
          25.571877,
          44.92415
        ],
        "type": "Point"
      },
      "properties": {
        "calls": 2,
        "id": "33007",
        "name": "Săcuieni h.",
        "operator_count": 1,
        "operators": [
          "Transferoviar Calatori"
        ]
      },
      "type": "Feature"
    },
    {
      "geometry": {
        "coordinates": [
          25.521873,
          44.93024
        ],
        "type": "Point"
      },
      "properties": {
        "calls": 2,
        "id": "33019",
        "name": "Răzvad h.",
        "operator_count": 1,
        "operators": [
          "Transferoviar Calatori"
        ]
      },
      "type": "Feature"
    },
    {
      "geometry": {
        "coordinates": [
          25.462595,
          44.947749
        ],
        "type": "Point"
      },
      "properties": {
        "calls": 2,
        "id": "33033",
        "name": "Târgovişte Nord Hm.",
        "operator_count": 1,
        "operators": [
          "Transferoviar Calatori"
        ]
      },
      "type": "Feature"
    },
    {
      "geometry": {
        "coordinates": [
          25.937255,
          45.024515
        ],
        "type": "Point"
      },
      "properties": {
        "calls": 18,
        "id": "33277",
        "name": "Găgeni h.",
        "operator_count": 1,
        "operators": [
          "Transferoviar Calatori"
        ]
      },
      "type": "Feature"
    },
    {
      "geometry": {
        "coordinates": [
          25.955336,
          45.049259
        ],
        "type": "Point"
      },
      "properties": {
        "calls": 18,
        "id": "33289",
        "name": "Plopeni",
        "operator_count": 1,
        "operators": [
          "Transferoviar Calatori"
        ]
      },
      "type": "Feature"
    },
    {
      "geometry": {
        "coordinates": [
          25.968976,
          45.060663
        ],
        "type": "Point"
      },
      "properties": {
        "calls": 18,
        "id": "33291",
        "name": "Plopeni Sat Hm.",
        "operator_count": 1,
        "operators": [
          "Transferoviar Calatori"
        ]
      },
      "type": "Feature"
    },
    {
      "geometry": {
        "coordinates": [
          25.995313,
          45.080937
        ],
        "type": "Point"
      },
      "properties": {
        "calls": 18,
        "id": "33306",
        "name": "Găvănel h.",
        "operator_count": 1,
        "operators": [
          "Transferoviar Calatori"
        ]
      },
      "type": "Feature"
    },
    {
      "geometry": {
        "coordinates": [
          26.009227,
          45.10119
        ],
        "type": "Point"
      },
      "properties": {
        "calls": 18,
        "id": "33318",
        "name": "Mălăeşti h.",
        "operator_count": 1,
        "operators": [
          "Transferoviar Calatori"
        ]
      },
      "type": "Feature"
    },
    {
      "geometry": {
        "coordinates": [
          26.000397,
          45.129448
        ],
        "type": "Point"
      },
      "properties": {
        "calls": 18,
        "id": "33320",
        "name": "Coţofeneşti h.",
        "operator_count": 1,
        "operators": [
          "Transferoviar Calatori"
        ]
      },
      "type": "Feature"
    },
    {
      "geometry": {
        "coordinates": [
          25.985552,
          45.15396
        ],
        "type": "Point"
      },
      "properties": {
        "calls": 18,
        "id": "33332",
        "name": "Poiana Slănic h.",
        "operator_count": 1,
        "operators": [
          "Transferoviar Calatori"
        ]
      },
      "type": "Feature"
    },
    {
      "geometry": {
        "coordinates": [
          25.955385,
          45.185532
        ],
        "type": "Point"
      },
      "properties": {
        "calls": 18,
        "id": "33344",
        "name": "Vărbilău h.",
        "operator_count": 1,
        "operators": [
          "Transferoviar Calatori"
        ]
      },
      "type": "Feature"
    },
    {
      "geometry": {
        "coordinates": [
          25.949974,
          45.204723
        ],
        "type": "Point"
      },
      "properties": {
        "calls": 18,
        "id": "33356",
        "name": "Prăjani h.",
        "operator_count": 1,
        "operators": [
          "Transferoviar Calatori"
        ]
      },
      "type": "Feature"
    },
    {
      "geometry": {
        "coordinates": [
          25.938724,
          45.231791
        ],
        "type": "Point"
      },
      "properties": {
        "calls": 18,
        "id": "33368",
        "name": "Slănic Hm.",
        "operator_count": 1,
        "operators": [
          "Transferoviar Calatori"
        ]
      },
      "type": "Feature"
    },
    {
      "geometry": {
        "coordinates": [
          25.975924,
          45.174082
        ],
        "type": "Point"
      },
      "properties": {
        "calls": 18,
        "id": "33370",
        "name": "Vlădeşti h.",
        "operator_count": 1,
        "operators": [
          "Transferoviar Calatori"
        ]
      },
      "type": "Feature"
    },
    {
      "geometry": {
        "coordinates": [
          24.971402,
          46.258069
        ],
        "type": "Point"
      },
      "properties": {
        "calls": 5,
        "id": "33473",
        "name": "Săcuienii Noi h.",
        "operator_count": 1,
        "operators": [
          "CFR Călători"
        ]
      },
      "type": "Feature"
    },
    {
      "geometry": {
        "coordinates": [
          25.006353,
          46.280298
        ],
        "type": "Point"
      },
      "properties": {
        "calls": 5,
        "id": "33485",
        "name": "Sântămaria h.",
        "operator_count": 1,
        "operators": [
          "CFR Călători"
        ]
      },
      "type": "Feature"
    },
    {
      "geometry": {
        "coordinates": [
          25.03886,
          46.293762
        ],
        "type": "Point"
      },
      "properties": {
        "calls": 9,
        "id": "33502",
        "name": "Cristur Hm.",
        "operator_count": 1,
        "operators": [
          "CFR Călători"
        ]
      },
      "type": "Feature"
    },
    {
      "geometry": {
        "coordinates": [
          25.093739,
          46.289901
        ],
        "type": "Point"
      },
      "properties": {
        "calls": 6,
        "id": "33514",
        "name": "Beteşti Est h.",
        "operator_count": 1,
        "operators": [
          "CFR Călători"
        ]
      },
      "type": "Feature"
    },
    {
      "geometry": {
        "coordinates": [
          25.068523,
          46.294864
        ],
        "type": "Point"
      },
      "properties": {
        "calls": 9,
        "id": "33526",
        "name": "Beteşti h.",
        "operator_count": 1,
        "operators": [
          "CFR Călători"
        ]
      },
      "type": "Feature"
    },
    {
      "geometry": {
        "coordinates": [
          25.103319,
          46.277021
        ],
        "type": "Point"
      },
      "properties": {
        "calls": 9,
        "id": "33538",
        "name": "Porumbenii Mici h.",
        "operator_count": 1,
        "operators": [
          "CFR Călători"
        ]
      },
      "type": "Feature"
    },
    {
      "geometry": {
        "coordinates": [
          25.139142,
          46.268678
        ],
        "type": "Point"
      },
      "properties": {
        "calls": 9,
        "id": "33540",
        "name": "Porumbenii Mari h.",
        "operator_count": 1,
        "operators": [
          "CFR Călători"
        ]
      },
      "type": "Feature"
    },
    {
      "geometry": {
        "coordinates": [
          25.187276,
          46.25575
        ],
        "type": "Point"
      },
      "properties": {
        "calls": 9,
        "id": "33552",
        "name": "Lutiţa h.",
        "operator_count": 1,
        "operators": [
          "CFR Călători"
        ]
      },
      "type": "Feature"
    },
    {
      "geometry": {
        "coordinates": [
          25.207436,
          46.256695
        ],
        "type": "Point"
      },
      "properties": {
        "calls": 9,
        "id": "33564",
        "name": "Dobeni h.",
        "operator_count": 1,
        "operators": [
          "CFR Călători"
        ]
      },
      "type": "Feature"
    },
    {
      "geometry": {
        "coordinates": [
          25.260064,
          46.266794
        ],
        "type": "Point"
      },
      "properties": {
        "calls": 9,
        "id": "33576",
        "name": "Feliceni h.",
        "operator_count": 1,
        "operators": [
          "CFR Călători"
        ]
      },
      "type": "Feature"
    },
    {
      "geometry": {
        "coordinates": [
          25.289965,
          46.307602
        ],
        "type": "Point"
      },
      "properties": {
        "calls": 9,
        "id": "33590",
        "name": "Odorhei Sud h.",
        "operator_count": 1,
        "operators": [
          "CFR Călători"
        ]
      },
      "type": "Feature"
    },
    {
      "geometry": {
        "coordinates": [
          25.302406,
          46.310296
        ],
        "type": "Point"
      },
      "properties": {
        "calls": 9,
        "id": "33605",
        "name": "Odorhei Hm.",
        "operator_count": 1,
        "operators": [
          "CFR Călători"
        ]
      },
      "type": "Feature"
    },
    {
      "geometry": {
        "coordinates": [
          24.067551,
          45.857086
        ],
        "type": "Point"
      },
      "properties": {
        "calls": 29,
        "id": "33710",
        "name": "Ocna Sibiului Hm.",
        "operator_count": 2,
        "operators": [
          "InterRegional Călători",
          "CFR Călători"
        ]
      },
      "type": "Feature"
    },
    {
      "geometry": {
        "coordinates": [
          24.070535,
          45.875385
        ],
        "type": "Point"
      },
      "properties": {
        "calls": 29,
        "id": "33746",
        "name": "Băile Ocna Sibiului h.",
        "operator_count": 2,
        "operators": [
          "InterRegional Călători",
          "CFR Călători"
        ]
      },
      "type": "Feature"
    },
    {
      "geometry": {
        "coordinates": [
          24.075887,
          45.924127
        ],
        "type": "Point"
      },
      "properties": {
        "calls": 24,
        "id": "33758",
        "name": "Mândra h.",
        "operator_count": 2,
        "operators": [
          "InterRegional Călători",
          "CFR Călători"
        ]
      },
      "type": "Feature"
    },
    {
      "geometry": {
        "coordinates": [
          24.087853,
          45.938931
        ],
        "type": "Point"
      },
      "properties": {
        "calls": 29,
        "id": "33760",
        "name": "Loamneş Hm.",
        "operator_count": 2,
        "operators": [
          "InterRegional Călători",
          "CFR Călători"
        ]
      },
      "type": "Feature"
    },
    {
      "geometry": {
        "coordinates": [
          24.10739,
          45.971386
        ],
        "type": "Point"
      },
      "properties": {
        "calls": 22,
        "id": "33772",
        "name": "Haşag h.",
        "operator_count": 2,
        "operators": [
          "InterRegional Călători",
          "CFR Călători"
        ]
      },
      "type": "Feature"
    },
    {
      "geometry": {
        "coordinates": [
          24.146627,
          45.99062
        ],
        "type": "Point"
      },
      "properties": {
        "calls": 12,
        "id": "33784",
        "name": "Veşeud h.",
        "operator_count": 1,
        "operators": [
          "CFR Călători"
        ]
      },
      "type": "Feature"
    },
    {
      "geometry": {
        "coordinates": [
          24.157624,
          46.022289
        ],
        "type": "Point"
      },
      "properties": {
        "calls": 27,
        "id": "33796",
        "name": "Şeica Mare h.",
        "operator_count": 2,
        "operators": [
          "InterRegional Călători",
          "CFR Călători"
        ]
      },
      "type": "Feature"
    },
    {
      "geometry": {
        "coordinates": [
          24.163027,
          46.034037
        ],
        "type": "Point"
      },
      "properties": {
        "calls": 27,
        "id": "33801",
        "name": "Şeica Mare Hm.",
        "operator_count": 2,
        "operators": [
          "InterRegional Călători",
          "CFR Călători"
        ]
      },
      "type": "Feature"
    },
    {
      "geometry": {
        "coordinates": [
          24.189874,
          46.068706
        ],
        "type": "Point"
      },
      "properties": {
        "calls": 22,
        "id": "33825",
        "name": "Agârbiciu h.",
        "operator_count": 2,
        "operators": [
          "InterRegional Călători",
          "CFR Călători"
        ]
      },
      "type": "Feature"
    },
    {
      "geometry": {
        "coordinates": [
          24.21371,
          46.095464
        ],
        "type": "Point"
      },
      "properties": {
        "calls": 27,
        "id": "33837",
        "name": "Axente Sever h.",
        "operator_count": 2,
        "operators": [
          "InterRegional Călători",
          "CFR Călători"
        ]
      },
      "type": "Feature"
    },
    {
      "geometry": {
        "coordinates": [
          23.935801,
          46.200144
        ],
        "type": "Point"
      },
      "properties": {
        "calls": 13,
        "id": "33875",
        "name": "Sâncel h.",
        "operator_count": 1,
        "operators": [
          "Regio Călători"
        ]
      },
      "type": "Feature"
    },
    {
      "geometry": {
        "coordinates": [
          23.966579,
          46.218235
        ],
        "type": "Point"
      },
      "properties": {
        "calls": 13,
        "id": "33887",
        "name": "Pănade h.",
        "operator_count": 1,
        "operators": [
          "Regio Călători"
        ]
      },
      "type": "Feature"
    },
    {
      "geometry": {
        "coordinates": [
          24.010222,
          46.222238
        ],
        "type": "Point"
      },
      "properties": {
        "calls": 13,
        "id": "33899",
        "name": "Şona h.",
        "operator_count": 1,
        "operators": [
          "Regio Călători"
        ]
      },
      "type": "Feature"
    },
    {
      "geometry": {
        "coordinates": [
          24.046191,
          46.232541
        ],
        "type": "Point"
      },
      "properties": {
        "calls": 13,
        "id": "33904",
        "name": "Sfântu Nicolae h.",
        "operator_count": 1,
        "operators": [
          "Regio Călători"
        ]
      },
      "type": "Feature"
    },
    {
      "geometry": {
        "coordinates": [
          24.108343,
          46.230153
        ],
        "type": "Point"
      },
      "properties": {
        "calls": 13,
        "id": "33928",
        "name": "Jidvei  hcv.",
        "operator_count": 1,
        "operators": [
          "Regio Călători"
        ]
      },
      "type": "Feature"
    },
    {
      "geometry": {
        "coordinates": [
          24.164259,
          46.245323
        ],
        "type": "Point"
      },
      "properties": {
        "calls": 13,
        "id": "33930",
        "name": "Cetatea de Baltă h.",
        "operator_count": 1,
        "operators": [
          "Regio Călători"
        ]
      },
      "type": "Feature"
    },
    {
      "geometry": {
        "coordinates": [
          24.212054,
          46.300725
        ],
        "type": "Point"
      },
      "properties": {
        "calls": 13,
        "id": "33942",
        "name": "Corneşti Târnava h.",
        "operator_count": 1,
        "operators": [
          "Regio Călători"
        ]
      },
      "type": "Feature"
    },
    {
      "geometry": {
        "coordinates": [
          24.237388,
          46.314484
        ],
        "type": "Point"
      },
      "properties": {
        "calls": 13,
        "id": "33954",
        "name": "Adămuş h.",
        "operator_count": 1,
        "operators": [
          "Regio Călători"
        ]
      },
      "type": "Feature"
    },
    {
      "geometry": {
        "coordinates": [
          24.202868,
          46.291303
        ],
        "type": "Point"
      },
      "properties": {
        "calls": 13,
        "id": "33966",
        "name": "Crăieşti h.",
        "operator_count": 1,
        "operators": [
          "Regio Călători"
        ]
      },
      "type": "Feature"
    },
    {
      "geometry": {
        "coordinates": [
          24.269102,
          46.324221
        ],
        "type": "Point"
      },
      "properties": {
        "calls": 13,
        "id": "33978",
        "name": "Târnăveni Vest h.",
        "operator_count": 1,
        "operators": [
          "Regio Călători"
        ]
      },
      "type": "Feature"
    },
    {
      "geometry": {
        "coordinates": [
          24.298922,
          46.328438
        ],
        "type": "Point"
      },
      "properties": {
        "calls": 14,
        "id": "34001",
        "name": "Târnăveni Hm.",
        "operator_count": 1,
        "operators": [
          "Regio Călători"
        ]
      },
      "type": "Feature"
    },
    {
      "geometry": {
        "coordinates": [
          24.365601,
          46.343962
        ],
        "type": "Point"
      },
      "properties": {
        "calls": 8,
        "id": "34037",
        "name": "Găneşti h.",
        "operator_count": 1,
        "operators": [
          "Regio Călători"
        ]
      },
      "type": "Feature"
    },
    {
      "geometry": {
        "coordinates": [
          24.39511,
          46.352157
        ],
        "type": "Point"
      },
      "properties": {
        "calls": 8,
        "id": "34049",
        "name": "Deaj h.",
        "operator_count": 1,
        "operators": [
          "Regio Călători"
        ]
      },
      "type": "Feature"
    },
    {
      "geometry": {
        "coordinates": [
          24.420288,
          46.360161
        ],
        "type": "Point"
      },
      "properties": {
        "calls": 8,
        "id": "34051",
        "name": "Mica h.",
        "operator_count": 1,
        "operators": [
          "Regio Călători"
        ]
      },
      "type": "Feature"
    },
    {
      "geometry": {
        "coordinates": [
          24.449121,
          46.373926
        ],
        "type": "Point"
      },
      "properties": {
        "calls": 8,
        "id": "34063",
        "name": "Bernadea h.",
        "operator_count": 1,
        "operators": [
          "Regio Călători"
        ]
      },
      "type": "Feature"
    },
    {
      "geometry": {
        "coordinates": [
          24.488713,
          46.383027
        ],
        "type": "Point"
      },
      "properties": {
        "calls": 8,
        "id": "34075",
        "name": "Bahnea h.",
        "operator_count": 1,
        "operators": [
          "Regio Călători"
        ]
      },
      "type": "Feature"
    },
    {
      "geometry": {
        "coordinates": [
          24.542843,
          46.392362
        ],
        "type": "Point"
      },
      "properties": {
        "calls": 8,
        "id": "34087",
        "name": "Laslău h.",
        "operator_count": 1,
        "operators": [
          "Regio Călători"
        ]
      },
      "type": "Feature"
    },
    {
      "geometry": {
        "coordinates": [
          24.591863,
          46.396848
        ],
        "type": "Point"
      },
      "properties": {
        "calls": 8,
        "id": "34099",
        "name": "Şoimuş h.",
        "operator_count": 1,
        "operators": [
          "Regio Călători"
        ]
      },
      "type": "Feature"
    },
    {
      "geometry": {
        "coordinates": [
          24.612466,
          46.402111
        ],
        "type": "Point"
      },
      "properties": {
        "calls": 8,
        "id": "34104",
        "name": "Coroiu h.",
        "operator_count": 1,
        "operators": [
          "Regio Călători"
        ]
      },
      "type": "Feature"
    },
    {
      "geometry": {
        "coordinates": [
          24.700144,
          46.407224
        ],
        "type": "Point"
      },
      "properties": {
        "calls": 8,
        "id": "34128",
        "name": "Bălăuşeri hcv.",
        "operator_count": 1,
        "operators": [
          "Regio Călători"
        ]
      },
      "type": "Feature"
    },
    {
      "geometry": {
        "coordinates": [
          24.137323,
          46.231824
        ],
        "type": "Point"
      },
      "properties": {
        "calls": 13,
        "id": "34257",
        "name": "Feisa h.",
        "operator_count": 1,
        "operators": [
          "Regio Călători"
        ]
      },
      "type": "Feature"
    },
    {
      "geometry": {
        "coordinates": [
          21.35459,
          46.238891
        ],
        "type": "Point"
      },
      "properties": {
        "calls": 12,
        "id": "35110",
        "name": "Utvinişu Nou Hm.",
        "operator_count": 1,
        "operators": [
          "CFR Călători"
        ]
      },
      "type": "Feature"
    },
    {
      "geometry": {
        "coordinates": [
          21.363797,
          46.266699
        ],
        "type": "Point"
      },
      "properties": {
        "calls": 10,
        "id": "35122",
        "name": "Utviniş h.",
        "operator_count": 1,
        "operators": [
          "CFR Călători"
        ]
      },
      "type": "Feature"
    },
    {
      "geometry": {
        "coordinates": [
          21.396211,
          46.282804
        ],
        "type": "Point"
      },
      "properties": {
        "calls": 18,
        "id": "35146",
        "name": "Zimandu Nou h.",
        "operator_count": 2,
        "operators": [
          "InterRegional Călători",
          "CFR Călători"
        ]
      },
      "type": "Feature"
    },
    {
      "geometry": {
        "coordinates": [
          21.495986,
          46.3335
        ],
        "type": "Point"
      },
      "properties": {
        "calls": 28,
        "id": "35184",
        "name": "Sântana",
        "operator_count": 2,
        "operators": [
          "InterRegional Călători",
          "CFR Călători"
        ]
      },
      "type": "Feature"
    },
    {
      "geometry": {
        "coordinates": [
          21.520189,
          46.360355
        ],
        "type": "Point"
      },
      "properties": {
        "calls": 6,
        "id": "35201",
        "name": "Comlăuş h.",
        "operator_count": 1,
        "operators": [
          "CFR Călători"
        ]
      },
      "type": "Feature"
    },
    {
      "geometry": {
        "coordinates": [
          21.471559,
          46.423438
        ],
        "type": "Point"
      },
      "properties": {
        "calls": 12,
        "id": "35213",
        "name": "Şimand Hm.",
        "operator_count": 2,
        "operators": [
          "InterRegional Călători",
          "CFR Călători"
        ]
      },
      "type": "Feature"
    },
    {
      "geometry": {
        "coordinates": [
          21.501621,
          46.486055
        ],
        "type": "Point"
      },
      "properties": {
        "calls": 12,
        "id": "35249",
        "name": "Nădab Hm.",
        "operator_count": 2,
        "operators": [
          "InterRegional Călători",
          "CFR Călători"
        ]
      },
      "type": "Feature"
    },
    {
      "geometry": {
        "coordinates": [
          21.531311,
          46.52411
        ],
        "type": "Point"
      },
      "properties": {
        "calls": 20,
        "id": "35263",
        "name": "Chişineu Criş",
        "operator_count": 2,
        "operators": [
          "InterRegional Călători",
          "CFR Călători"
        ]
      },
      "type": "Feature"
    },
    {
      "geometry": {
        "coordinates": [
          21.545234,
          46.59357
        ],
        "type": "Point"
      },
      "properties": {
        "calls": 6,
        "id": "35287",
        "name": "Zerind Hm.",
        "operator_count": 1,
        "operators": [
          "CFR Călători"
        ]
      },
      "type": "Feature"
    },
    {
      "geometry": {
        "coordinates": [
          21.554154,
          46.656863
        ],
        "type": "Point"
      },
      "properties": {
        "calls": 6,
        "id": "35299",
        "name": "Tămaşda h.",
        "operator_count": 1,
        "operators": [
          "CFR Călători"
        ]
      },
      "type": "Feature"
    },
    {
      "geometry": {
        "coordinates": [
          21.586094,
          46.692754
        ],
        "type": "Point"
      },
      "properties": {
        "calls": 6,
        "id": "35316",
        "name": "Boiu Bihor h.",
        "operator_count": 1,
        "operators": [
          "CFR Călători"
        ]
      },
      "type": "Feature"
    },
    {
      "geometry": {
        "coordinates": [
          21.59513,
          46.725249
        ],
        "type": "Point"
      },
      "properties": {
        "calls": 12,
        "id": "35330",
        "name": "Ciumeghiu Hm.",
        "operator_count": 2,
        "operators": [
          "InterRegional Călători",
          "CFR Călători"
        ]
      },
      "type": "Feature"
    },
    {
      "geometry": {
        "coordinates": [
          21.642319,
          46.809452
        ],
        "type": "Point"
      },
      "properties": {
        "calls": 34,
        "id": "35407",
        "name": "Salonta",
        "operator_count": 2,
        "operators": [
          "InterRegional Călători",
          "CFR Călători"
        ]
      },
      "type": "Feature"
    },
    {
      "geometry": {
        "coordinates": [
          21.664971,
          46.833388
        ],
        "type": "Point"
      },
      "properties": {
        "calls": 6,
        "id": "35421",
        "name": "Mădăraş Bihor h.",
        "operator_count": 1,
        "operators": [
          "CFR Călători"
        ]
      },
      "type": "Feature"
    },
    {
      "geometry": {
        "coordinates": [
          21.731983,
          46.903889
        ],
        "type": "Point"
      },
      "properties": {
        "calls": 7,
        "id": "35433",
        "name": "Cefa Hm.",
        "operator_count": 2,
        "operators": [
          "InterRegional Călători",
          "CFR Călători"
        ]
      },
      "type": "Feature"
    },
    {
      "geometry": {
        "coordinates": [
          21.807991,
          46.980601
        ],
        "type": "Point"
      },
      "properties": {
        "calls": 6,
        "id": "35469",
        "name": "Leş Bihor Hm.",
        "operator_count": 1,
        "operators": [
          "CFR Călători"
        ]
      },
      "type": "Feature"
    },
    {
      "geometry": {
        "coordinates": [
          21.63646,
          46.283343
        ],
        "type": "Point"
      },
      "properties": {
        "calls": 8,
        "id": "35536",
        "name": "Şiria Hm.",
        "operator_count": 1,
        "operators": [
          "CFR Călători"
        ]
      },
      "type": "Feature"
    },
    {
      "geometry": {
        "coordinates": [
          21.665608,
          46.299256
        ],
        "type": "Point"
      },
      "properties": {
        "calls": 8,
        "id": "35548",
        "name": "Mâsca Măderat h.",
        "operator_count": 1,
        "operators": [
          "CFR Călători"
        ]
      },
      "type": "Feature"
    },
    {
      "geometry": {
        "coordinates": [
          21.678549,
          46.321779
        ],
        "type": "Point"
      },
      "properties": {
        "calls": 8,
        "id": "35562",
        "name": "Pâncota h.",
        "operator_count": 1,
        "operators": [
          "CFR Călători"
        ]
      },
      "type": "Feature"
    },
    {
      "geometry": {
        "coordinates": [
          21.70002,
          46.344221
        ],
        "type": "Point"
      },
      "properties": {
        "calls": 8,
        "id": "35574",
        "name": "Seleuş h.",
        "operator_count": 1,
        "operators": [
          "CFR Călători"
        ]
      },
      "type": "Feature"
    },
    {
      "geometry": {
        "coordinates": [
          21.791439,
          46.339823
        ],
        "type": "Point"
      },
      "properties": {
        "calls": 8,
        "id": "35598",
        "name": "Târnova Zarand Hm.",
        "operator_count": 1,
        "operators": [
          "CFR Călători"
        ]
      },
      "type": "Feature"
    },
    {
      "geometry": {
        "coordinates": [
          21.810066,
          46.389071
        ],
        "type": "Point"
      },
      "properties": {
        "calls": 8,
        "id": "35615",
        "name": "Mocrea h.",
        "operator_count": 1,
        "operators": [
          "CFR Călători"
        ]
      },
      "type": "Feature"
    },
    {
      "geometry": {
        "coordinates": [
          21.82841,
          46.421258
        ],
        "type": "Point"
      },
      "properties": {
        "calls": 8,
        "id": "35639",
        "name": "Ineu",
        "operator_count": 1,
        "operators": [
          "CFR Călători"
        ]
      },
      "type": "Feature"
    },
    {
      "geometry": {
        "coordinates": [
          21.917876,
          46.443943
        ],
        "type": "Point"
      },
      "properties": {
        "calls": 8,
        "id": "35665",
        "name": "Tămand h.",
        "operator_count": 1,
        "operators": [
          "CFR Călători"
        ]
      },
      "type": "Feature"
    },
    {
      "geometry": {
        "coordinates": [
          21.965489,
          46.43892
        ],
        "type": "Point"
      },
      "properties": {
        "calls": 8,
        "id": "35689",
        "name": "Bocsig h.",
        "operator_count": 1,
        "operators": [
          "CFR Călători"
        ]
      },
      "type": "Feature"
    },
    {
      "geometry": {
        "coordinates": [
          22.02566,
          46.422546
        ],
        "type": "Point"
      },
      "properties": {
        "calls": 8,
        "id": "35691",
        "name": "Răpsig h.",
        "operator_count": 1,
        "operators": [
          "CFR Călători"
        ]
      },
      "type": "Feature"
    },
    {
      "geometry": {
        "coordinates": [
          22.12603,
          46.36539
        ],
        "type": "Point"
      },
      "properties": {
        "calls": 8,
        "id": "35720",
        "name": "Sebis Hm.",
        "operator_count": 1,
        "operators": [
          "CFR Călători"
        ]
      },
      "type": "Feature"
    },
    {
      "geometry": {
        "coordinates": [
          22.15683,
          46.329009
        ],
        "type": "Point"
      },
      "properties": {
        "calls": 8,
        "id": "35744",
        "name": "Paulian h.",
        "operator_count": 1,
        "operators": [
          "CFR Călători"
        ]
      },
      "type": "Feature"
    },
    {
      "geometry": {
        "coordinates": [
          22.180821,
          46.30257
        ],
        "type": "Point"
      },
      "properties": {
        "calls": 8,
        "id": "35768",
        "name": "Joia Mare h.",
        "operator_count": 1,
        "operators": [
          "CFR Călători"
        ]
      },
      "type": "Feature"
    },
    {
      "geometry": {
        "coordinates": [
          22.247879,
          46.296019
        ],
        "type": "Point"
      },
      "properties": {
        "calls": 8,
        "id": "35782",
        "name": "Almaş h.",
        "operator_count": 1,
        "operators": [
          "CFR Călători"
        ]
      },
      "type": "Feature"
    },
    {
      "geometry": {
        "coordinates": [
          22.309449,
          46.28001
        ],
        "type": "Point"
      },
      "properties": {
        "calls": 8,
        "id": "35809",
        "name": "Bonţeşti h.",
        "operator_count": 1,
        "operators": [
          "CFR Călători"
        ]
      },
      "type": "Feature"
    },
    {
      "geometry": {
        "coordinates": [
          22.343455,
          46.273954
        ],
        "type": "Point"
      },
      "properties": {
        "calls": 8,
        "id": "35823",
        "name": "Gurahonţ Hm.",
        "operator_count": 1,
        "operators": [
          "CFR Călători"
        ]
      },
      "type": "Feature"
    },
    {
      "geometry": {
        "coordinates": [
          22.402839,
          46.291607
        ],
        "type": "Point"
      },
      "properties": {
        "calls": 4,
        "id": "35847",
        "name": "Romaniţa h.",
        "operator_count": 1,
        "operators": [
          "CFR Călători"
        ]
      },
      "type": "Feature"
    },
    {
      "geometry": {
        "coordinates": [
          22.433708,
          46.294283
        ],
        "type": "Point"
      },
      "properties": {
        "calls": 4,
        "id": "35859",
        "name": "Aciuţa h.",
        "operator_count": 1,
        "operators": [
          "CFR Călători"
        ]
      },
      "type": "Feature"
    },
    {
      "geometry": {
        "coordinates": [
          22.480028,
          46.277489
        ],
        "type": "Point"
      },
      "properties": {
        "calls": 4,
        "id": "35885",
        "name": "Tălagiu h.",
        "operator_count": 1,
        "operators": [
          "CFR Călători"
        ]
      },
      "type": "Feature"
    },
    {
      "geometry": {
        "coordinates": [
          22.520528,
          46.291613
        ],
        "type": "Point"
      },
      "properties": {
        "calls": 4,
        "id": "35897",
        "name": "Vârfurile Hm.",
        "operator_count": 1,
        "operators": [
          "CFR Călători"
        ]
      },
      "type": "Feature"
    },
    {
      "geometry": {
        "coordinates": [
          22.539382,
          46.266602
        ],
        "type": "Point"
      },
      "properties": {
        "calls": 4,
        "id": "35914",
        "name": "Cariera Leasa h.",
        "operator_count": 1,
        "operators": [
          "CFR Călători"
        ]
      },
      "type": "Feature"
    },
    {
      "geometry": {
        "coordinates": [
          22.568491,
          46.254289
        ],
        "type": "Point"
      },
      "properties": {
        "calls": 4,
        "id": "35926",
        "name": "Hălmagiu Hm.",
        "operator_count": 1,
        "operators": [
          "CFR Călători"
        ]
      },
      "type": "Feature"
    },
    {
      "geometry": {
        "coordinates": [
          22.559772,
          46.222322
        ],
        "type": "Point"
      },
      "properties": {
        "calls": 4,
        "id": "35938",
        "name": "Ocişor h.",
        "operator_count": 1,
        "operators": [
          "CFR Călători"
        ]
      },
      "type": "Feature"
    },
    {
      "geometry": {
        "coordinates": [
          22.571908,
          46.209691
        ],
        "type": "Point"
      },
      "properties": {
        "calls": 4,
        "id": "35940",
        "name": "Ociu h.",
        "operator_count": 1,
        "operators": [
          "CFR Călători"
        ]
      },
      "type": "Feature"
    },
    {
      "geometry": {
        "coordinates": [
          22.599742,
          46.184094
        ],
        "type": "Point"
      },
      "properties": {
        "calls": 4,
        "id": "35952",
        "name": "Vaţa h.",
        "operator_count": 1,
        "operators": [
          "CFR Călători"
        ]
      },
      "type": "Feature"
    },
    {
      "geometry": {
        "coordinates": [
          22.638054,
          46.176683
        ],
        "type": "Point"
      },
      "properties": {
        "calls": 4,
        "id": "35964",
        "name": "Birtin h.",
        "operator_count": 1,
        "operators": [
          "CFR Călători"
        ]
      },
      "type": "Feature"
    },
    {
      "geometry": {
        "coordinates": [
          22.681359,
          46.180287
        ],
        "type": "Point"
      },
      "properties": {
        "calls": 4,
        "id": "35976",
        "name": "Lunca Moţilor h.",
        "operator_count": 1,
        "operators": [
          "CFR Călători"
        ]
      },
      "type": "Feature"
    },
    {
      "geometry": {
        "coordinates": [
          22.711846,
          46.179721
        ],
        "type": "Point"
      },
      "properties": {
        "calls": 4,
        "id": "35988",
        "name": "Baia de Criş h.",
        "operator_count": 1,
        "operators": [
          "CFR Călători"
        ]
      },
      "type": "Feature"
    },
    {
      "geometry": {
        "coordinates": [
          22.736589,
          46.171302
        ],
        "type": "Point"
      },
      "properties": {
        "calls": 4,
        "id": "36009",
        "name": "Ţebea h.",
        "operator_count": 1,
        "operators": [
          "CFR Călători"
        ]
      },
      "type": "Feature"
    },
    {
      "geometry": {
        "coordinates": [
          22.763414,
          46.163765
        ],
        "type": "Point"
      },
      "properties": {
        "calls": 4,
        "id": "36114",
        "name": "Ribiţa h.",
        "operator_count": 1,
        "operators": [
          "CFR Călători"
        ]
      },
      "type": "Feature"
    },
    {
      "geometry": {
        "coordinates": [
          22.782697,
          46.13677
        ],
        "type": "Point"
      },
      "properties": {
        "calls": 4,
        "id": "36126",
        "name": "Brad Hm.",
        "operator_count": 1,
        "operators": [
          "CFR Călători"
        ]
      },
      "type": "Feature"
    },
    {
      "geometry": {
        "coordinates": [
          21.771662,
          45.101547
        ],
        "type": "Point"
      },
      "properties": {
        "calls": 2,
        "id": "36504",
        "name": "Dobrei hcv.",
        "operator_count": 1,
        "operators": [
          "CFR Călători"
        ]
      },
      "type": "Feature"
    },
    {
      "geometry": {
        "coordinates": [
          23.360238,
          45.432461
        ],
        "type": "Point"
      },
      "properties": {
        "calls": 4,
        "id": "36798",
        "name": "Dep Petroşani h.",
        "operator_count": 1,
        "operators": [
          "CFR Călători"
        ]
      },
      "type": "Feature"
    },
    {
      "geometry": {
        "coordinates": [
          21.175557,
          45.770943
        ],
        "type": "Point"
      },
      "properties": {
        "calls": 11,
        "id": "36815",
        "name": "Ronaţ Triaj Cab.1 h.",
        "operator_count": 1,
        "operators": [
          "CFR Călători"
        ]
      },
      "type": "Feature"
    },
    {
      "geometry": {
        "coordinates": [
          20.990558,
          46.169914
        ],
        "type": "Point"
      },
      "properties": {
        "calls": 4,
        "id": "36853",
        "name": "Canton Nr. 9 h.",
        "operator_count": 1,
        "operators": [
          "Regio Călători"
        ]
      },
      "type": "Feature"
    },
    {
      "geometry": {
        "coordinates": [
          25.686208,
          45.69781
        ],
        "type": "Point"
      },
      "properties": {
        "calls": 36,
        "id": "40024",
        "name": "Hărman Hm.",
        "operator_count": 2,
        "operators": [
          "Regio Călători",
          "CFR Călători"
        ]
      },
      "type": "Feature"
    },
    {
      "geometry": {
        "coordinates": [
          25.762695,
          45.726572
        ],
        "type": "Point"
      },
      "properties": {
        "calls": 16,
        "id": "40036",
        "name": "Ilieni h.",
        "operator_count": 2,
        "operators": [
          "Regio Călători",
          "CFR Călători"
        ]
      },
      "type": "Feature"
    },
    {
      "geometry": {
        "coordinates": [
          25.777618,
          45.738918
        ],
        "type": "Point"
      },
      "properties": {
        "calls": 21,
        "id": "40050",
        "name": "Prejmer Hm.",
        "operator_count": 3,
        "operators": [
          "Regio Călători",
          "InterRegional Călători",
          "CFR Călători"
        ]
      },
      "type": "Feature"
    },
    {
      "geometry": {
        "coordinates": [
          25.804935,
          45.771441
        ],
        "type": "Point"
      },
      "properties": {
        "calls": 16,
        "id": "40074",
        "name": "Chichiş h.",
        "operator_count": 2,
        "operators": [
          "Regio Călători",
          "CFR Călători"
        ]
      },
      "type": "Feature"
    },
    {
      "geometry": {
        "coordinates": [
          25.840072,
          45.799914
        ],
        "type": "Point"
      },
      "properties": {
        "calls": 20,
        "id": "40103",
        "name": "Ozun Hm.",
        "operator_count": 3,
        "operators": [
          "Regio Călători",
          "InterRegional Călători",
          "CFR Călători"
        ]
      },
      "type": "Feature"
    },
    {
      "geometry": {
        "coordinates": [
          25.811067,
          45.866855
        ],
        "type": "Point"
      },
      "properties": {
        "calls": 49,
        "id": "40139",
        "name": "Sfântu Gheorghe",
        "operator_count": 3,
        "operators": [
          "Regio Călători",
          "InterRegional Călători",
          "CFR Călători"
        ]
      },
      "type": "Feature"
    },
    {
      "geometry": {
        "coordinates": [
          25.825162,
          45.906126
        ],
        "type": "Point"
      },
      "properties": {
        "calls": 9,
        "id": "40165",
        "name": "Arcuş h.",
        "operator_count": 1,
        "operators": [
          "CFR Călători"
        ]
      },
      "type": "Feature"
    },
    {
      "geometry": {
        "coordinates": [
          25.84329,
          45.944646
        ],
        "type": "Point"
      },
      "properties": {
        "calls": 18,
        "id": "40177",
        "name": "Bodoc Hm.",
        "operator_count": 2,
        "operators": [
          "InterRegional Călători",
          "CFR Călători"
        ]
      },
      "type": "Feature"
    },
    {
      "geometry": {
        "coordinates": [
          25.840984,
          46.001925
        ],
        "type": "Point"
      },
      "properties": {
        "calls": 11,
        "id": "40191",
        "name": "Malnaş h.",
        "operator_count": 1,
        "operators": [
          "CFR Călători"
        ]
      },
      "type": "Feature"
    },
    {
      "geometry": {
        "coordinates": [
          25.825465,
          46.035137
        ],
        "type": "Point"
      },
      "properties": {
        "calls": 17,
        "id": "40206",
        "name": "Malnaş Băi Hm.",
        "operator_count": 2,
        "operators": [
          "InterRegional Călători",
          "CFR Călători"
        ]
      },
      "type": "Feature"
    },
    {
      "geometry": {
        "coordinates": [
          25.84686,
          46.100152
        ],
        "type": "Point"
      },
      "properties": {
        "calls": 13,
        "id": "40220",
        "name": "Bicsadu Oltului Hm.",
        "operator_count": 1,
        "operators": [
          "CFR Călători"
        ]
      },
      "type": "Feature"
    },
    {
      "geometry": {
        "coordinates": [
          25.86006,
          46.151249
        ],
        "type": "Point"
      },
      "properties": {
        "calls": 42,
        "id": "40256",
        "name": "Băile Tuşnad Hm.",
        "operator_count": 2,
        "operators": [
          "InterRegional Călători",
          "CFR Călători"
        ]
      },
      "type": "Feature"
    },
    {
      "geometry": {
        "coordinates": [
          25.893347,
          46.190302
        ],
        "type": "Point"
      },
      "properties": {
        "calls": 17,
        "id": "40270",
        "name": "Tuşnad Sat Hm.",
        "operator_count": 2,
        "operators": [
          "InterRegional Călători",
          "CFR Călători"
        ]
      },
      "type": "Feature"
    },
    {
      "geometry": {
        "coordinates": [
          25.88902,
          46.216891
        ],
        "type": "Point"
      },
      "properties": {
        "calls": 11,
        "id": "40294",
        "name": "Vrabia h.",
        "operator_count": 1,
        "operators": [
          "CFR Călători"
        ]
      },
      "type": "Feature"
    },
    {
      "geometry": {
        "coordinates": [
          25.885063,
          46.266037
        ],
        "type": "Point"
      },
      "properties": {
        "calls": 13,
        "id": "40311",
        "name": "Sânsimion Hm.",
        "operator_count": 1,
        "operators": [
          "CFR Călători"
        ]
      },
      "type": "Feature"
    },
    {
      "geometry": {
        "coordinates": [
          25.874484,
          46.287859
        ],
        "type": "Point"
      },
      "properties": {
        "calls": 11,
        "id": "40335",
        "name": "Sântimbru Ciuc h.",
        "operator_count": 1,
        "operators": [
          "CFR Călători"
        ]
      },
      "type": "Feature"
    },
    {
      "geometry": {
        "coordinates": [
          25.857277,
          46.310657
        ],
        "type": "Point"
      },
      "properties": {
        "calls": 14,
        "id": "40347",
        "name": "Sâncrăieni Hm.",
        "operator_count": 1,
        "operators": [
          "CFR Călători"
        ]
      },
      "type": "Feature"
    },
    {
      "geometry": {
        "coordinates": [
          25.7942,
          46.359767
        ],
        "type": "Point"
      },
      "properties": {
        "calls": 58,
        "id": "40373",
        "name": "Miercurea Ciuc",
        "operator_count": 2,
        "operators": [
          "InterRegional Călători",
          "CFR Călători"
        ]
      },
      "type": "Feature"
    },
    {
      "geometry": {
        "coordinates": [
          25.774125,
          46.431235
        ],
        "type": "Point"
      },
      "properties": {
        "calls": 55,
        "id": "40402",
        "name": "Siculeni",
        "operator_count": 1,
        "operators": [
          "CFR Călători"
        ]
      },
      "type": "Feature"
    },
    {
      "geometry": {
        "coordinates": [
          25.756593,
          46.446562
        ],
        "type": "Point"
      },
      "properties": {
        "calls": 12,
        "id": "40414",
        "name": "Racu h.",
        "operator_count": 1,
        "operators": [
          "CFR Călători"
        ]
      },
      "type": "Feature"
    },
    {
      "geometry": {
        "coordinates": [
          25.742015,
          46.48864
        ],
        "type": "Point"
      },
      "properties": {
        "calls": 17,
        "id": "40464",
        "name": "Mădăraş Ciuc Hm.",
        "operator_count": 2,
        "operators": [
          "InterRegional Călători",
          "CFR Călători"
        ]
      },
      "type": "Feature"
    },
    {
      "geometry": {
        "coordinates": [
          25.750842,
          46.511015
        ],
        "type": "Point"
      },
      "properties": {
        "calls": 12,
        "id": "40476",
        "name": "Dăneşti h.",
        "operator_count": 1,
        "operators": [
          "CFR Călători"
        ]
      },
      "type": "Feature"
    },
    {
      "geometry": {
        "coordinates": [
          25.767644,
          46.53259
        ],
        "type": "Point"
      },
      "properties": {
        "calls": 12,
        "id": "40488",
        "name": "Cârţani h.",
        "operator_count": 1,
        "operators": [
          "CFR Călători"
        ]
      },
      "type": "Feature"
    },
    {
      "geometry": {
        "coordinates": [
          25.796064,
          46.568191
        ],
        "type": "Point"
      },
      "properties": {
        "calls": 35,
        "id": "40490",
        "name": "Izvoru Oltului",
        "operator_count": 2,
        "operators": [
          "InterRegional Călători",
          "CFR Călători"
        ]
      },
      "type": "Feature"
    },
    {
      "geometry": {
        "coordinates": [
          25.780762,
          46.548194
        ],
        "type": "Point"
      },
      "properties": {
        "calls": 12,
        "id": "40505",
        "name": "Tomeşti h.",
        "operator_count": 1,
        "operators": [
          "CFR Călători"
        ]
      },
      "type": "Feature"
    },
    {
      "geometry": {
        "coordinates": [
          25.715969,
          46.626862
        ],
        "type": "Point"
      },
      "properties": {
        "calls": 31,
        "id": "40517",
        "name": "Izvoru Mureşului Hm.",
        "operator_count": 1,
        "operators": [
          "CFR Călători"
        ]
      },
      "type": "Feature"
    },
    {
      "geometry": {
        "coordinates": [
          25.751924,
          46.601178
        ],
        "type": "Point"
      },
      "properties": {
        "calls": 12,
        "id": "40529",
        "name": "Sândominic h.",
        "operator_count": 1,
        "operators": [
          "CFR Călători"
        ]
      },
      "type": "Feature"
    },
    {
      "geometry": {
        "coordinates": [
          25.641762,
          46.627138
        ],
        "type": "Point"
      },
      "properties": {
        "calls": 15,
        "id": "40531",
        "name": "Voşlăbeni Hm.",
        "operator_count": 1,
        "operators": [
          "CFR Călători"
        ]
      },
      "type": "Feature"
    },
    {
      "geometry": {
        "coordinates": [
          25.586125,
          46.689277
        ],
        "type": "Point"
      },
      "properties": {
        "calls": 11,
        "id": "40555",
        "name": "Valea Strâmbă h.",
        "operator_count": 1,
        "operators": [
          "CFR Călători"
        ]
      },
      "type": "Feature"
    },
    {
      "geometry": {
        "coordinates": [
          25.617766,
          46.645396
        ],
        "type": "Point"
      },
      "properties": {
        "calls": 11,
        "id": "40567",
        "name": "Şugău h.",
        "operator_count": 1,
        "operators": [
          "CFR Călători"
        ]
      },
      "type": "Feature"
    },
    {
      "geometry": {
        "coordinates": [
          25.573648,
          46.718807
        ],
        "type": "Point"
      },
      "properties": {
        "calls": 38,
        "id": "40579",
        "name": "Gheorgheni",
        "operator_count": 2,
        "operators": [
          "InterRegional Călători",
          "CFR Călători"
        ]
      },
      "type": "Feature"
    },
    {
      "geometry": {
        "coordinates": [
          25.52895,
          46.742289
        ],
        "type": "Point"
      },
      "properties": {
        "calls": 7,
        "id": "40593",
        "name": "Lăzarea Hm.",
        "operator_count": 1,
        "operators": [
          "CFR Călători"
        ]
      },
      "type": "Feature"
    },
    {
      "geometry": {
        "coordinates": [
          25.475901,
          46.797314
        ],
        "type": "Point"
      },
      "properties": {
        "calls": 8,
        "id": "40610",
        "name": "Ditrău Hm.",
        "operator_count": 2,
        "operators": [
          "InterRegional Călători",
          "CFR Călători"
        ]
      },
      "type": "Feature"
    },
    {
      "geometry": {
        "coordinates": [
          25.440376,
          46.862766
        ],
        "type": "Point"
      },
      "properties": {
        "calls": 8,
        "id": "40634",
        "name": "Subcetate Mureş Hm.",
        "operator_count": 2,
        "operators": [
          "InterRegional Călători",
          "CFR Călători"
        ]
      },
      "type": "Feature"
    },
    {
      "geometry": {
        "coordinates": [
          25.439816,
          46.88581
        ],
        "type": "Point"
      },
      "properties": {
        "calls": 6,
        "id": "40646",
        "name": "Sărmaş Runc h.",
        "operator_count": 1,
        "operators": [
          "CFR Călători"
        ]
      },
      "type": "Feature"
    },
    {
      "geometry": {
        "coordinates": [
          25.405862,
          46.911477
        ],
        "type": "Point"
      },
      "properties": {
        "calls": 6,
        "id": "40658",
        "name": "Gălăuţaş Hm.",
        "operator_count": 1,
        "operators": [
          "CFR Călători"
        ]
      },
      "type": "Feature"
    },
    {
      "geometry": {
        "coordinates": [
          25.342975,
          46.924016
        ],
        "type": "Point"
      },
      "properties": {
        "calls": 27,
        "id": "40684",
        "name": "Topliţa",
        "operator_count": 2,
        "operators": [
          "InterRegional Călători",
          "CFR Călători"
        ]
      },
      "type": "Feature"
    },
    {
      "geometry": {
        "coordinates": [
          25.266204,
          46.950535
        ],
        "type": "Point"
      },
      "properties": {
        "calls": 10,
        "id": "40696",
        "name": "Ciobotani h.",
        "operator_count": 2,
        "operators": [
          "InterRegional Călători",
          "CFR Călători"
        ]
      },
      "type": "Feature"
    },
    {
      "geometry": {
        "coordinates": [
          25.240405,
          46.954568
        ],
        "type": "Point"
      },
      "properties": {
        "calls": 12,
        "id": "40701",
        "name": "Stânceni Hm.",
        "operator_count": 2,
        "operators": [
          "InterRegional Călători",
          "CFR Călători"
        ]
      },
      "type": "Feature"
    },
    {
      "geometry": {
        "coordinates": [
          25.19195,
          46.966472
        ],
        "type": "Point"
      },
      "properties": {
        "calls": 10,
        "id": "40713",
        "name": "Stânceni h.",
        "operator_count": 2,
        "operators": [
          "InterRegional Călători",
          "CFR Călători"
        ]
      },
      "type": "Feature"
    },
    {
      "geometry": {
        "coordinates": [
          25.154218,
          46.96651
        ],
        "type": "Point"
      },
      "properties": {
        "calls": 10,
        "id": "40725",
        "name": "Stânceni Neagra h.",
        "operator_count": 2,
        "operators": [
          "InterRegional Călători",
          "CFR Călători"
        ]
      },
      "type": "Feature"
    },
    {
      "geometry": {
        "coordinates": [
          25.103073,
          46.955222
        ],
        "type": "Point"
      },
      "properties": {
        "calls": 12,
        "id": "40749",
        "name": "Lunca Bradului Hm.",
        "operator_count": 2,
        "operators": [
          "InterRegional Călători",
          "CFR Călători"
        ]
      },
      "type": "Feature"
    },
    {
      "geometry": {
        "coordinates": [
          25.031229,
          46.960113
        ],
        "type": "Point"
      },
      "properties": {
        "calls": 3,
        "id": "40763",
        "name": "Andreneasa h.",
        "operator_count": 1,
        "operators": [
          "CFR Călători"
        ]
      },
      "type": "Feature"
    },
    {
      "geometry": {
        "coordinates": [
          24.969027,
          46.971845
        ],
        "type": "Point"
      },
      "properties": {
        "calls": 13,
        "id": "40787",
        "name": "Răstoliţa Hm.",
        "operator_count": 2,
        "operators": [
          "InterRegional Călători",
          "CFR Călători"
        ]
      },
      "type": "Feature"
    },
    {
      "geometry": {
        "coordinates": [
          24.933016,
          46.970471
        ],
        "type": "Point"
      },
      "properties": {
        "calls": 5,
        "id": "40799",
        "name": "Borzia h.",
        "operator_count": 2,
        "operators": [
          "InterRegional Călători",
          "CFR Călători"
        ]
      },
      "type": "Feature"
    },
    {
      "geometry": {
        "coordinates": [
          24.908192,
          46.96054
        ],
        "type": "Point"
      },
      "properties": {
        "calls": 11,
        "id": "40804",
        "name": "Deda Bistra Hm.",
        "operator_count": 2,
        "operators": [
          "InterRegional Călători",
          "CFR Călători"
        ]
      },
      "type": "Feature"
    },
    {
      "geometry": {
        "coordinates": [
          24.865755,
          46.941425
        ],
        "type": "Point"
      },
      "properties": {
        "calls": 50,
        "id": "40830",
        "name": "Deda",
        "operator_count": 2,
        "operators": [
          "InterRegional Călători",
          "CFR Călători"
        ]
      },
      "type": "Feature"
    },
    {
      "geometry": {
        "coordinates": [
          24.82334,
          46.924922
        ],
        "type": "Point"
      },
      "properties": {
        "calls": 6,
        "id": "40866",
        "name": "Morăreni h.",
        "operator_count": 1,
        "operators": [
          "CFR Călători"
        ]
      },
      "type": "Feature"
    },
    {
      "geometry": {
        "coordinates": [
          24.781639,
          46.923168
        ],
        "type": "Point"
      },
      "properties": {
        "calls": 7,
        "id": "40878",
        "name": "Râpa de Jos Hm.",
        "operator_count": 2,
        "operators": [
          "InterRegional Călători",
          "CFR Călători"
        ]
      },
      "type": "Feature"
    },
    {
      "geometry": {
        "coordinates": [
          24.703941,
          46.961069
        ],
        "type": "Point"
      },
      "properties": {
        "calls": 9,
        "id": "40892",
        "name": "Monor Gledin Hm.",
        "operator_count": 2,
        "operators": [
          "InterRegional Călători",
          "CFR Călători"
        ]
      },
      "type": "Feature"
    },
    {
      "geometry": {
        "coordinates": [
          24.645979,
          46.978639
        ],
        "type": "Point"
      },
      "properties": {
        "calls": 6,
        "id": "40907",
        "name": "Şieuţ h.",
        "operator_count": 1,
        "operators": [
          "CFR Călători"
        ]
      },
      "type": "Feature"
    },
    {
      "geometry": {
        "coordinates": [
          24.604803,
          47.004515
        ],
        "type": "Point"
      },
      "properties": {
        "calls": 6,
        "id": "40921",
        "name": "Şieu Hm.",
        "operator_count": 1,
        "operators": [
          "CFR Călători"
        ]
      },
      "type": "Feature"
    },
    {
      "geometry": {
        "coordinates": [
          24.529681,
          47.015002
        ],
        "type": "Point"
      },
      "properties": {
        "calls": 6,
        "id": "40933",
        "name": "Bârla pe Şieu h.",
        "operator_count": 1,
        "operators": [
          "CFR Călători"
        ]
      },
      "type": "Feature"
    },
    {
      "geometry": {
        "coordinates": [
          24.499429,
          47.019005
        ],
        "type": "Point"
      },
      "properties": {
        "calls": 6,
        "id": "40945",
        "name": "Mărişelu Hm.",
        "operator_count": 1,
        "operators": [
          "CFR Călători"
        ]
      },
      "type": "Feature"
    },
    {
      "geometry": {
        "coordinates": [
          24.480282,
          47.037426
        ],
        "type": "Point"
      },
      "properties": {
        "calls": 6,
        "id": "40957",
        "name": "Domneşti pe Şieu h.",
        "operator_count": 1,
        "operators": [
          "CFR Călători"
        ]
      },
      "type": "Feature"
    },
    {
      "geometry": {
        "coordinates": [
          24.403619,
          47.060744
        ],
        "type": "Point"
      },
      "properties": {
        "calls": 51,
        "id": "40971",
        "name": "Sărăţel Hm.",
        "operator_count": 3,
        "operators": [
          "Regio Călători",
          "InterRegional Călători",
          "CFR Călători"
        ]
      },
      "type": "Feature"
    },
    {
      "geometry": {
        "coordinates": [
          24.370461,
          47.089564
        ],
        "type": "Point"
      },
      "properties": {
        "calls": 32,
        "id": "40983",
        "name": "Arcalia hc.",
        "operator_count": 3,
        "operators": [
          "Regio Călători",
          "InterRegional Călători",
          "CFR Călători"
        ]
      },
      "type": "Feature"
    },
    {
      "geometry": {
        "coordinates": [
          24.352833,
          47.101882
        ],
        "type": "Point"
      },
      "properties": {
        "calls": 40,
        "id": "40995",
        "name": "Măgheruş Şieu Hm.",
        "operator_count": 3,
        "operators": [
          "Regio Călători",
          "InterRegional Călători",
          "CFR Călători"
        ]
      },
      "type": "Feature"
    },
    {
      "geometry": {
        "coordinates": [
          24.303535,
          47.131122
        ],
        "type": "Point"
      },
      "properties": {
        "calls": 21,
        "id": "41016",
        "name": "Sfântu h.",
        "operator_count": 2,
        "operators": [
          "InterRegional Călători",
          "CFR Călători"
        ]
      },
      "type": "Feature"
    },
    {
      "geometry": {
        "coordinates": [
          24.288742,
          47.149196
        ],
        "type": "Point"
      },
      "properties": {
        "calls": 21,
        "id": "41028",
        "name": "Caila hc.",
        "operator_count": 2,
        "operators": [
          "InterRegional Călători",
          "CFR Călători"
        ]
      },
      "type": "Feature"
    },
    {
      "geometry": {
        "coordinates": [
          24.270494,
          47.17716
        ],
        "type": "Point"
      },
      "properties": {
        "calls": 30,
        "id": "41030",
        "name": "Şintereag Hm.",
        "operator_count": 2,
        "operators": [
          "InterRegional Călători",
          "CFR Călători"
        ]
      },
      "type": "Feature"
    },
    {
      "geometry": {
        "coordinates": [
          24.18259,
          47.177535
        ],
        "type": "Point"
      },
      "properties": {
        "calls": 68,
        "id": "41054",
        "name": "Beclean pe Someş",
        "operator_count": 2,
        "operators": [
          "InterRegional Călători",
          "CFR Călători"
        ]
      },
      "type": "Feature"
    },
    {
      "geometry": {
        "coordinates": [
          24.119655,
          47.181481
        ],
        "type": "Point"
      },
      "properties": {
        "calls": 15,
        "id": "41078",
        "name": "Coldău Hm.",
        "operator_count": 1,
        "operators": [
          "CFR Călători"
        ]
      },
      "type": "Feature"
    },
    {
      "geometry": {
        "coordinates": [
          24.089637,
          47.190758
        ],
        "type": "Point"
      },
      "properties": {
        "calls": 27,
        "id": "41080",
        "name": "Ciceu Cristur h.",
        "operator_count": 2,
        "operators": [
          "InterRegional Călători",
          "CFR Călători"
        ]
      },
      "type": "Feature"
    },
    {
      "geometry": {
        "coordinates": [
          24.063543,
          47.194814
        ],
        "type": "Point"
      },
      "properties": {
        "calls": 30,
        "id": "41092",
        "name": "Reteag h.",
        "operator_count": 2,
        "operators": [
          "InterRegional Călători",
          "CFR Călători"
        ]
      },
      "type": "Feature"
    },
    {
      "geometry": {
        "coordinates": [
          24.023358,
          47.187869
        ],
        "type": "Point"
      },
      "properties": {
        "calls": 33,
        "id": "41107",
        "name": "Reteag Hm.",
        "operator_count": 2,
        "operators": [
          "InterRegional Călători",
          "CFR Călători"
        ]
      },
      "type": "Feature"
    },
    {
      "geometry": {
        "coordinates": [
          23.970493,
          47.17334
        ],
        "type": "Point"
      },
      "properties": {
        "calls": 4,
        "id": "41119",
        "name": "Ciceu Mihăeşti h.",
        "operator_count": 1,
        "operators": [
          "CFR Călători"
        ]
      },
      "type": "Feature"
    },
    {
      "geometry": {
        "coordinates": [
          23.913041,
          47.156747
        ],
        "type": "Point"
      },
      "properties": {
        "calls": 25,
        "id": "41145",
        "name": "Dej Triaj",
        "operator_count": 2,
        "operators": [
          "InterRegional Călători",
          "CFR Călători"
        ]
      },
      "type": "Feature"
    },
    {
      "geometry": {
        "coordinates": [
          23.894787,
          47.142602
        ],
        "type": "Point"
      },
      "properties": {
        "calls": 78,
        "id": "41195",
        "name": "Dej Călători",
        "operator_count": 2,
        "operators": [
          "InterRegional Călători",
          "CFR Călători"
        ]
      },
      "type": "Feature"
    },
    {
      "geometry": {
        "coordinates": [
          23.883753,
          47.14945
        ],
        "type": "Point"
      },
      "properties": {
        "calls": 1,
        "id": "41200",
        "name": "C. C. H. Dej h.",
        "operator_count": 1,
        "operators": [
          "CFR Călători"
        ]
      },
      "type": "Feature"
    },
    {
      "geometry": {
        "coordinates": [
          23.851645,
          47.188217
        ],
        "type": "Point"
      },
      "properties": {
        "calls": 7,
        "id": "41224",
        "name": "Căşeiu Hm.",
        "operator_count": 2,
        "operators": [
          "InterRegional Călători",
          "CFR Călători"
        ]
      },
      "type": "Feature"
    },
    {
      "geometry": {
        "coordinates": [
          23.824662,
          47.200029
        ],
        "type": "Point"
      },
      "properties": {
        "calls": 2,
        "id": "41236",
        "name": "Coplean h.",
        "operator_count": 1,
        "operators": [
          "CFR Călători"
        ]
      },
      "type": "Feature"
    },
    {
      "geometry": {
        "coordinates": [
          23.776986,
          47.212661
        ],
        "type": "Point"
      },
      "properties": {
        "calls": 3,
        "id": "41248",
        "name": "Câţcău h.",
        "operator_count": 1,
        "operators": [
          "CFR Călători"
        ]
      },
      "type": "Feature"
    },
    {
      "geometry": {
        "coordinates": [
          23.743887,
          47.245881
        ],
        "type": "Point"
      },
      "properties": {
        "calls": 2,
        "id": "41262",
        "name": "Căpâlna pe Someş h.",
        "operator_count": 1,
        "operators": [
          "CFR Călători"
        ]
      },
      "type": "Feature"
    },
    {
      "geometry": {
        "coordinates": [
          23.668761,
          47.268196
        ],
        "type": "Point"
      },
      "properties": {
        "calls": 2,
        "id": "41274",
        "name": "Gâlgău h.",
        "operator_count": 1,
        "operators": [
          "CFR Călători"
        ]
      },
      "type": "Feature"
    },
    {
      "geometry": {
        "coordinates": [
          23.696672,
          47.280041
        ],
        "type": "Point"
      },
      "properties": {
        "calls": 11,
        "id": "41286",
        "name": "Gâlgău Hm.",
        "operator_count": 2,
        "operators": [
          "InterRegional Călători",
          "CFR Călători"
        ]
      },
      "type": "Feature"
    },
    {
      "geometry": {
        "coordinates": [
          23.645939,
          47.280862
        ],
        "type": "Point"
      },
      "properties": {
        "calls": 2,
        "id": "41298",
        "name": "Glodu Someşului h.",
        "operator_count": 1,
        "operators": [
          "CFR Călători"
        ]
      },
      "type": "Feature"
    },
    {
      "geometry": {
        "coordinates": [
          23.592721,
          47.284609
        ],
        "type": "Point"
      },
      "properties": {
        "calls": 2,
        "id": "41315",
        "name": "Rus h.",
        "operator_count": 1,
        "operators": [
          "CFR Călători"
        ]
      },
      "type": "Feature"
    },
    {
      "geometry": {
        "coordinates": [
          23.608916,
          47.326449
        ],
        "type": "Point"
      },
      "properties": {
        "calls": 12,
        "id": "41327",
        "name": "Ileanda",
        "operator_count": 2,
        "operators": [
          "InterRegional Călători",
          "CFR Călători"
        ]
      },
      "type": "Feature"
    },
    {
      "geometry": {
        "coordinates": [
          23.603225,
          47.342214
        ],
        "type": "Point"
      },
      "properties": {
        "calls": 2,
        "id": "41341",
        "name": "Bizuşa h.",
        "operator_count": 1,
        "operators": [
          "CFR Călători"
        ]
      },
      "type": "Feature"
    },
    {
      "geometry": {
        "coordinates": [
          23.54175,
          47.354691
        ],
        "type": "Point"
      },
      "properties": {
        "calls": 5,
        "id": "41365",
        "name": "Răstoci Hm.",
        "operator_count": 2,
        "operators": [
          "InterRegional Călători",
          "CFR Călători"
        ]
      },
      "type": "Feature"
    },
    {
      "geometry": {
        "coordinates": [
          23.465509,
          47.338043
        ],
        "type": "Point"
      },
      "properties": {
        "calls": 12,
        "id": "41377",
        "name": "Letca Hm.",
        "operator_count": 2,
        "operators": [
          "InterRegional Călători",
          "CFR Călători"
        ]
      },
      "type": "Feature"
    },
    {
      "geometry": {
        "coordinates": [
          23.413467,
          47.318944
        ],
        "type": "Point"
      },
      "properties": {
        "calls": 9,
        "id": "41389",
        "name": "Cuciulat Hm.",
        "operator_count": 2,
        "operators": [
          "InterRegional Călători",
          "CFR Călători"
        ]
      },
      "type": "Feature"
    },
    {
      "geometry": {
        "coordinates": [
          23.393673,
          47.296926
        ],
        "type": "Point"
      },
      "properties": {
        "calls": 10,
        "id": "41391",
        "name": "Băbuţeni Hm.",
        "operator_count": 2,
        "operators": [
          "InterRegional Călători",
          "CFR Călători"
        ]
      },
      "type": "Feature"
    },
    {
      "geometry": {
        "coordinates": [
          23.359263,
          47.285665
        ],
        "type": "Point"
      },
      "properties": {
        "calls": 9,
        "id": "41406",
        "name": "Ciocmani h.",
        "operator_count": 2,
        "operators": [
          "InterRegional Călători",
          "CFR Călători"
        ]
      },
      "type": "Feature"
    },
    {
      "geometry": {
        "coordinates": [
          23.339492,
          47.248658
        ],
        "type": "Point"
      },
      "properties": {
        "calls": 14,
        "id": "41418",
        "name": "Surduc Sălaj Hm.",
        "operator_count": 2,
        "operators": [
          "InterRegional Călători",
          "CFR Călători"
        ]
      },
      "type": "Feature"
    },
    {
      "geometry": {
        "coordinates": [
          23.299642,
          47.237814
        ],
        "type": "Point"
      },
      "properties": {
        "calls": 6,
        "id": "41420",
        "name": "Var h.",
        "operator_count": 2,
        "operators": [
          "InterRegional Călători",
          "CFR Călători"
        ]
      },
      "type": "Feature"
    },
    {
      "geometry": {
        "coordinates": [
          23.265278,
          47.250196
        ],
        "type": "Point"
      },
      "properties": {
        "calls": 65,
        "id": "41444",
        "name": "Jibou",
        "operator_count": 2,
        "operators": [
          "InterRegional Călători",
          "CFR Călători"
        ]
      },
      "type": "Feature"
    },
    {
      "geometry": {
        "coordinates": [
          23.270021,
          47.331753
        ],
        "type": "Point"
      },
      "properties": {
        "calls": 31,
        "id": "41468",
        "name": "Someş Odorhei Hm.",
        "operator_count": 2,
        "operators": [
          "InterRegional Călători",
          "CFR Călători"
        ]
      },
      "type": "Feature"
    },
    {
      "geometry": {
        "coordinates": [
          23.271142,
          47.362593
        ],
        "type": "Point"
      },
      "properties": {
        "calls": 26,
        "id": "41470",
        "name": "Inău h.",
        "operator_count": 2,
        "operators": [
          "InterRegional Călători",
          "CFR Călători"
        ]
      },
      "type": "Feature"
    },
    {
      "geometry": {
        "coordinates": [
          23.279231,
          47.384458
        ],
        "type": "Point"
      },
      "properties": {
        "calls": 26,
        "id": "41482",
        "name": "Aluniş Sălaj h.",
        "operator_count": 2,
        "operators": [
          "InterRegional Călători",
          "CFR Călători"
        ]
      },
      "type": "Feature"
    },
    {
      "geometry": {
        "coordinates": [
          23.291533,
          47.406979
        ],
        "type": "Point"
      },
      "properties": {
        "calls": 31,
        "id": "41494",
        "name": "Benesat Hm.",
        "operator_count": 2,
        "operators": [
          "InterRegional Călători",
          "CFR Călători"
        ]
      },
      "type": "Feature"
    },
    {
      "geometry": {
        "coordinates": [
          23.303303,
          47.444433
        ],
        "type": "Point"
      },
      "properties": {
        "calls": 26,
        "id": "41511",
        "name": "Ţicău h.",
        "operator_count": 2,
        "operators": [
          "InterRegional Călători",
          "CFR Călători"
        ]
      },
      "type": "Feature"
    },
    {
      "geometry": {
        "coordinates": [
          23.299233,
          47.462303
        ],
        "type": "Point"
      },
      "properties": {
        "calls": 33,
        "id": "41523",
        "name": "Ulmeni Sălaj Hm.",
        "operator_count": 2,
        "operators": [
          "InterRegional Călători",
          "CFR Călători"
        ]
      },
      "type": "Feature"
    },
    {
      "geometry": {
        "coordinates": [
          23.341525,
          47.499386
        ],
        "type": "Point"
      },
      "properties": {
        "calls": 25,
        "id": "41547",
        "name": "Mireşu Mare PM.",
        "operator_count": 2,
        "operators": [
          "InterRegional Călători",
          "CFR Călători"
        ]
      },
      "type": "Feature"
    },
    {
      "geometry": {
        "coordinates": [
          23.380549,
          47.54803
        ],
        "type": "Point"
      },
      "properties": {
        "calls": 25,
        "id": "41561",
        "name": "Fersig h.",
        "operator_count": 2,
        "operators": [
          "InterRegional Călători",
          "CFR Călători"
        ]
      },
      "type": "Feature"
    },
    {
      "geometry": {
        "coordinates": [
          23.416031,
          47.577306
        ],
        "type": "Point"
      },
      "properties": {
        "calls": 28,
        "id": "41573",
        "name": "Satulung pe Someş Hm.",
        "operator_count": 2,
        "operators": [
          "InterRegional Călători",
          "CFR Călători"
        ]
      },
      "type": "Feature"
    },
    {
      "geometry": {
        "coordinates": [
          23.552134,
          47.646988
        ],
        "type": "Point"
      },
      "properties": {
        "calls": 48,
        "id": "41638",
        "name": "Baia Mare",
        "operator_count": 2,
        "operators": [
          "InterRegional Călători",
          "CFR Călători"
        ]
      },
      "type": "Feature"
    },
    {
      "geometry": {
        "coordinates": [
          23.428244,
          47.664666
        ],
        "type": "Point"
      },
      "properties": {
        "calls": 11,
        "id": "41767",
        "name": "Buşag Hm.",
        "operator_count": 1,
        "operators": [
          "InterRegional Călători"
        ]
      },
      "type": "Feature"
    },
    {
      "geometry": {
        "coordinates": [
          23.398557,
          47.687784
        ],
        "type": "Point"
      },
      "properties": {
        "calls": 11,
        "id": "41779",
        "name": "Cicârlău h.",
        "operator_count": 1,
        "operators": [
          "InterRegional Călători"
        ]
      },
      "type": "Feature"
    },
    {
      "geometry": {
        "coordinates": [
          23.346813,
          47.714721
        ],
        "type": "Point"
      },
      "properties": {
        "calls": 11,
        "id": "41793",
        "name": "Ilba h.",
        "operator_count": 1,
        "operators": [
          "InterRegional Călători"
        ]
      },
      "type": "Feature"
    },
    {
      "geometry": {
        "coordinates": [
          23.325284,
          47.726215
        ],
        "type": "Point"
      },
      "properties": {
        "calls": 11,
        "id": "41808",
        "name": "Săbişa h.",
        "operator_count": 1,
        "operators": [
          "InterRegional Călători"
        ]
      },
      "type": "Feature"
    },
    {
      "geometry": {
        "coordinates": [
          23.284423,
          47.738114
        ],
        "type": "Point"
      },
      "properties": {
        "calls": 21,
        "id": "41822",
        "name": "Seini Hm.",
        "operator_count": 2,
        "operators": [
          "InterRegional Călători",
          "CFR Călători"
        ]
      },
      "type": "Feature"
    },
    {
      "geometry": {
        "coordinates": [
          23.187795,
          47.768169
        ],
        "type": "Point"
      },
      "properties": {
        "calls": 16,
        "id": "41846",
        "name": "Apa Hm.",
        "operator_count": 2,
        "operators": [
          "InterRegional Călători",
          "CFR Călători"
        ]
      },
      "type": "Feature"
    },
    {
      "geometry": {
        "coordinates": [
          23.120285,
          47.775185
        ],
        "type": "Point"
      },
      "properties": {
        "calls": 20,
        "id": "41860",
        "name": "Medieşu Aurit Hm.",
        "operator_count": 2,
        "operators": [
          "InterRegional Călători",
          "CFR Călători"
        ]
      },
      "type": "Feature"
    },
    {
      "geometry": {
        "coordinates": [
          22.993894,
          47.800934
        ],
        "type": "Point"
      },
      "properties": {
        "calls": 13,
        "id": "41884",
        "name": "Odoreu h.",
        "operator_count": 2,
        "operators": [
          "InterRegional Călători",
          "CFR Călători"
        ]
      },
      "type": "Feature"
    },
    {
      "geometry": {
        "coordinates": [
          25.815066,
          45.682219
        ],
        "type": "Point"
      },
      "properties": {
        "calls": 15,
        "id": "42010",
        "name": "Budila h.",
        "operator_count": 1,
        "operators": [
          "Regio Călători"
        ]
      },
      "type": "Feature"
    },
    {
      "geometry": {
        "coordinates": [
          25.853792,
          45.694184
        ],
        "type": "Point"
      },
      "properties": {
        "calls": 15,
        "id": "42022",
        "name": "Teliu h.",
        "operator_count": 1,
        "operators": [
          "Regio Călători"
        ]
      },
      "type": "Feature"
    },
    {
      "geometry": {
        "coordinates": [
          25.887856,
          45.686481
        ],
        "type": "Point"
      },
      "properties": {
        "calls": 15,
        "id": "42034",
        "name": "Valea Teliului h.",
        "operator_count": 1,
        "operators": [
          "Regio Călători"
        ]
      },
      "type": "Feature"
    },
    {
      "geometry": {
        "coordinates": [
          25.934967,
          45.681065
        ],
        "type": "Point"
      },
      "properties": {
        "calls": 15,
        "id": "42046",
        "name": "Poiana Florilor h.",
        "operator_count": 1,
        "operators": [
          "Regio Călători"
        ]
      },
      "type": "Feature"
    },
    {
      "geometry": {
        "coordinates": [
          26.02796,
          45.675341
        ],
        "type": "Point"
      },
      "properties": {
        "calls": 15,
        "id": "42058",
        "name": "Întorsura Buzăului Hm",
        "operator_count": 1,
        "operators": [
          "Regio Călători"
        ]
      },
      "type": "Feature"
    },
    {
      "geometry": {
        "coordinates": [
          25.887669,
          45.864791
        ],
        "type": "Point"
      },
      "properties": {
        "calls": 8,
        "id": "42125",
        "name": "Angheluş h.",
        "operator_count": 1,
        "operators": [
          "Regio Călători"
        ]
      },
      "type": "Feature"
    },
    {
      "geometry": {
        "coordinates": [
          25.939165,
          45.857647
        ],
        "type": "Point"
      },
      "properties": {
        "calls": 8,
        "id": "42137",
        "name": "Moacşa hcv.",
        "operator_count": 1,
        "operators": [
          "Regio Călători"
        ]
      },
      "type": "Feature"
    },
    {
      "geometry": {
        "coordinates": [
          25.972703,
          45.841365
        ],
        "type": "Point"
      },
      "properties": {
        "calls": 8,
        "id": "42149",
        "name": "Biţa h.",
        "operator_count": 1,
        "operators": [
          "Regio Călători"
        ]
      },
      "type": "Feature"
    },
    {
      "geometry": {
        "coordinates": [
          26.010904,
          45.825581
        ],
        "type": "Point"
      },
      "properties": {
        "calls": 8,
        "id": "42151",
        "name": "Boroşneu Mare h.",
        "operator_count": 1,
        "operators": [
          "Regio Călători"
        ]
      },
      "type": "Feature"
    },
    {
      "geometry": {
        "coordinates": [
          26.03543,
          45.83463
        ],
        "type": "Point"
      },
      "properties": {
        "calls": 8,
        "id": "42163",
        "name": "Ţufalău h.",
        "operator_count": 1,
        "operators": [
          "Regio Călători"
        ]
      },
      "type": "Feature"
    },
    {
      "geometry": {
        "coordinates": [
          26.071819,
          45.843051
        ],
        "type": "Point"
      },
      "properties": {
        "calls": 8,
        "id": "42175",
        "name": "Brateş h.",
        "operator_count": 1,
        "operators": [
          "Regio Călători"
        ]
      },
      "type": "Feature"
    },
    {
      "geometry": {
        "coordinates": [
          26.147624,
          45.858666
        ],
        "type": "Point"
      },
      "properties": {
        "calls": 8,
        "id": "42199",
        "name": "Covasna Hm.",
        "operator_count": 1,
        "operators": [
          "Regio Călători"
        ]
      },
      "type": "Feature"
    },
    {
      "geometry": {
        "coordinates": [
          26.163113,
          45.891664
        ],
        "type": "Point"
      },
      "properties": {
        "calls": 8,
        "id": "42216",
        "name": "Zăbala h.",
        "operator_count": 1,
        "operators": [
          "Regio Călători"
        ]
      },
      "type": "Feature"
    },
    {
      "geometry": {
        "coordinates": [
          26.157928,
          45.940423
        ],
        "type": "Point"
      },
      "properties": {
        "calls": 8,
        "id": "42230",
        "name": "Imeci Hm.",
        "operator_count": 1,
        "operators": [
          "Regio Călători"
        ]
      },
      "type": "Feature"
    },
    {
      "geometry": {
        "coordinates": [
          26.151311,
          45.955393
        ],
        "type": "Point"
      },
      "properties": {
        "calls": 8,
        "id": "42242",
        "name": "Cătălina h.",
        "operator_count": 1,
        "operators": [
          "Regio Călători"
        ]
      },
      "type": "Feature"
    },
    {
      "geometry": {
        "coordinates": [
          26.137619,
          45.991834
        ],
        "type": "Point"
      },
      "properties": {
        "calls": 8,
        "id": "42266",
        "name": "Târgu Secuiesc",
        "operator_count": 1,
        "operators": [
          "Regio Călători"
        ]
      },
      "type": "Feature"
    },
    {
      "geometry": {
        "coordinates": [
          26.144657,
          46.045733
        ],
        "type": "Point"
      },
      "properties": {
        "calls": 8,
        "id": "42280",
        "name": "Sânzieni h.",
        "operator_count": 1,
        "operators": [
          "Regio Călători"
        ]
      },
      "type": "Feature"
    },
    {
      "geometry": {
        "coordinates": [
          26.167538,
          46.061997
        ],
        "type": "Point"
      },
      "properties": {
        "calls": 8,
        "id": "42292",
        "name": "Poieniţa h.",
        "operator_count": 1,
        "operators": [
          "Regio Călători"
        ]
      },
      "type": "Feature"
    },
    {
      "geometry": {
        "coordinates": [
          26.18932,
          46.0788
        ],
        "type": "Point"
      },
      "properties": {
        "calls": 8,
        "id": "42307",
        "name": "Bălani h.",
        "operator_count": 1,
        "operators": [
          "Regio Călători"
        ]
      },
      "type": "Feature"
    },
    {
      "geometry": {
        "coordinates": [
          26.230636,
          46.072918
        ],
        "type": "Point"
      },
      "properties": {
        "calls": 8,
        "id": "42319",
        "name": "Mereni Lutoasa h.",
        "operator_count": 1,
        "operators": [
          "Regio Călători"
        ]
      },
      "type": "Feature"
    },
    {
      "geometry": {
        "coordinates": [
          26.257184,
          46.056511
        ],
        "type": "Point"
      },
      "properties": {
        "calls": 8,
        "id": "42321",
        "name": "Lemnia h.",
        "operator_count": 1,
        "operators": [
          "Regio Călători"
        ]
      },
      "type": "Feature"
    },
    {
      "geometry": {
        "coordinates": [
          26.295434,
          46.046014
        ],
        "type": "Point"
      },
      "properties": {
        "calls": 8,
        "id": "42333",
        "name": "Breţcu Hm.",
        "operator_count": 1,
        "operators": [
          "Regio Călători"
        ]
      },
      "type": "Feature"
    },
    {
      "geometry": {
        "coordinates": [
          24.845637,
          46.916173
        ],
        "type": "Point"
      },
      "properties": {
        "calls": 21,
        "id": "42400",
        "name": "Ruşii Munţi h.",
        "operator_count": 1,
        "operators": [
          "InterRegional Călători"
        ]
      },
      "type": "Feature"
    },
    {
      "geometry": {
        "coordinates": [
          24.824548,
          46.900371
        ],
        "type": "Point"
      },
      "properties": {
        "calls": 21,
        "id": "42412",
        "name": "Aluniş Mureş Hm.",
        "operator_count": 1,
        "operators": [
          "InterRegional Călători"
        ]
      },
      "type": "Feature"
    },
    {
      "geometry": {
        "coordinates": [
          24.791477,
          46.871444
        ],
        "type": "Point"
      },
      "properties": {
        "calls": 21,
        "id": "42424",
        "name": "Halta Aluniş h.",
        "operator_count": 1,
        "operators": [
          "InterRegional Călători"
        ]
      },
      "type": "Feature"
    },
    {
      "geometry": {
        "coordinates": [
          24.769618,
          46.853463
        ],
        "type": "Point"
      },
      "properties": {
        "calls": 21,
        "id": "42436",
        "name": "Brâncoveneşti h.",
        "operator_count": 1,
        "operators": [
          "InterRegional Călători"
        ]
      },
      "type": "Feature"
    },
    {
      "geometry": {
        "coordinates": [
          24.75968,
          46.817202
        ],
        "type": "Point"
      },
      "properties": {
        "calls": 21,
        "id": "42448",
        "name": "Ideciu de Jos h.",
        "operator_count": 1,
        "operators": [
          "InterRegional Călători"
        ]
      },
      "type": "Feature"
    },
    {
      "geometry": {
        "coordinates": [
          24.719148,
          46.780608
        ],
        "type": "Point"
      },
      "properties": {
        "calls": 27,
        "id": "42474",
        "name": "Reghin Hm.",
        "operator_count": 2,
        "operators": [
          "InterRegional Călători",
          "CFR Călători"
        ]
      },
      "type": "Feature"
    },
    {
      "geometry": {
        "coordinates": [
          24.713822,
          46.739981
        ],
        "type": "Point"
      },
      "properties": {
        "calls": 21,
        "id": "42503",
        "name": "Petelea h.",
        "operator_count": 1,
        "operators": [
          "InterRegional Călători"
        ]
      },
      "type": "Feature"
    },
    {
      "geometry": {
        "coordinates": [
          24.672172,
          46.701738
        ],
        "type": "Point"
      },
      "properties": {
        "calls": 21,
        "id": "42527",
        "name": "Periş Mureş h.",
        "operator_count": 1,
        "operators": [
          "InterRegional Călători"
        ]
      },
      "type": "Feature"
    },
    {
      "geometry": {
        "coordinates": [
          24.65621,
          46.67173
        ],
        "type": "Point"
      },
      "properties": {
        "calls": 21,
        "id": "42539",
        "name": "Gorneşti Mureş h.",
        "operator_count": 1,
        "operators": [
          "InterRegional Călători"
        ]
      },
      "type": "Feature"
    },
    {
      "geometry": {
        "coordinates": [
          24.64025,
          46.641962
        ],
        "type": "Point"
      },
      "properties": {
        "calls": 22,
        "id": "42541",
        "name": "Dumbrăvioara Hm.",
        "operator_count": 2,
        "operators": [
          "InterRegional Călători",
          "CFR Călători"
        ]
      },
      "type": "Feature"
    },
    {
      "geometry": {
        "coordinates": [
          24.562636,
          46.553955
        ],
        "type": "Point"
      },
      "properties": {
        "calls": 21,
        "id": "42577",
        "name": "Târgu Mureş Nord Hm.",
        "operator_count": 1,
        "operators": [
          "InterRegional Călători"
        ]
      },
      "type": "Feature"
    },
    {
      "geometry": {
        "coordinates": [
          24.549141,
          46.533822
        ],
        "type": "Point"
      },
      "properties": {
        "calls": 51,
        "id": "42606",
        "name": "Târgu Mureş",
        "operator_count": 2,
        "operators": [
          "InterRegional Călători",
          "CFR Călători"
        ]
      },
      "type": "Feature"
    },
    {
      "geometry": {
        "coordinates": [
          24.536203,
          46.526452
        ],
        "type": "Point"
      },
      "properties": {
        "calls": 21,
        "id": "42620",
        "name": "Azomureş h.",
        "operator_count": 2,
        "operators": [
          "InterRegional Călători",
          "CFR Călători"
        ]
      },
      "type": "Feature"
    },
    {
      "geometry": {
        "coordinates": [
          24.495542,
          46.505937
        ],
        "type": "Point"
      },
      "properties": {
        "calls": 22,
        "id": "42644",
        "name": "Târgu Mureş Sud Hm.",
        "operator_count": 2,
        "operators": [
          "InterRegional Călători",
          "CFR Călători"
        ]
      },
      "type": "Feature"
    },
    {
      "geometry": {
        "coordinates": [
          24.462393,
          46.490948
        ],
        "type": "Point"
      },
      "properties": {
        "calls": 22,
        "id": "42670",
        "name": "G-ral N. Dăscălescu Hm.",
        "operator_count": 2,
        "operators": [
          "InterRegional Călători",
          "CFR Călători"
        ]
      },
      "type": "Feature"
    },
    {
      "geometry": {
        "coordinates": [
          24.414229,
          46.472564
        ],
        "type": "Point"
      },
      "properties": {
        "calls": 22,
        "id": "42694",
        "name": "Vidrasău h.",
        "operator_count": 2,
        "operators": [
          "InterRegional Călători",
          "CFR Călători"
        ]
      },
      "type": "Feature"
    },
    {
      "geometry": {
        "coordinates": [
          24.376661,
          46.465194
        ],
        "type": "Point"
      },
      "properties": {
        "calls": 21,
        "id": "42709",
        "name": "Chirileu h.",
        "operator_count": 2,
        "operators": [
          "InterRegional Călători",
          "CFR Călători"
        ]
      },
      "type": "Feature"
    },
    {
      "geometry": {
        "coordinates": [
          24.34007,
          46.447767
        ],
        "type": "Point"
      },
      "properties": {
        "calls": 22,
        "id": "42711",
        "name": "Sânpaul Hm.",
        "operator_count": 2,
        "operators": [
          "InterRegional Călători",
          "CFR Călători"
        ]
      },
      "type": "Feature"
    },
    {
      "geometry": {
        "coordinates": [
          24.31939,
          46.443147
        ],
        "type": "Point"
      },
      "properties": {
        "calls": 21,
        "id": "42723",
        "name": "Ogra h.",
        "operator_count": 2,
        "operators": [
          "InterRegional Călători",
          "CFR Călători"
        ]
      },
      "type": "Feature"
    },
    {
      "geometry": {
        "coordinates": [
          24.272944,
          46.434431
        ],
        "type": "Point"
      },
      "properties": {
        "calls": 21,
        "id": "42735",
        "name": "Cipău h.",
        "operator_count": 2,
        "operators": [
          "InterRegional Călători",
          "CFR Călători"
        ]
      },
      "type": "Feature"
    },
    {
      "geometry": {
        "coordinates": [
          24.223466,
          46.44055
        ],
        "type": "Point"
      },
      "properties": {
        "calls": 24,
        "id": "42747",
        "name": "Iernut",
        "operator_count": 2,
        "operators": [
          "InterRegional Călători",
          "CFR Călători"
        ]
      },
      "type": "Feature"
    },
    {
      "geometry": {
        "coordinates": [
          24.163352,
          46.460455
        ],
        "type": "Point"
      },
      "properties": {
        "calls": 22,
        "id": "42761",
        "name": "Cuci h.",
        "operator_count": 2,
        "operators": [
          "InterRegional Călători",
          "CFR Călători"
        ]
      },
      "type": "Feature"
    },
    {
      "geometry": {
        "coordinates": [
          24.117958,
          46.462238
        ],
        "type": "Point"
      },
      "properties": {
        "calls": 22,
        "id": "42785",
        "name": "Bogata Mureş h.",
        "operator_count": 2,
        "operators": [
          "InterRegional Călători",
          "CFR Călători"
        ]
      },
      "type": "Feature"
    },
    {
      "geometry": {
        "coordinates": [
          24.088253,
          46.46709
        ],
        "type": "Point"
      },
      "properties": {
        "calls": 32,
        "id": "42814",
        "name": "Luduş Hm.",
        "operator_count": 3,
        "operators": [
          "Regio Călători",
          "InterRegional Călători",
          "CFR Călători"
        ]
      },
      "type": "Feature"
    },
    {
      "geometry": {
        "coordinates": [
          24.018299,
          46.464678
        ],
        "type": "Point"
      },
      "properties": {
        "calls": 22,
        "id": "42840",
        "name": "Cheţani h.",
        "operator_count": 2,
        "operators": [
          "InterRegional Călători",
          "CFR Călători"
        ]
      },
      "type": "Feature"
    },
    {
      "geometry": {
        "coordinates": [
          23.996265,
          46.441946
        ],
        "type": "Point"
      },
      "properties": {
        "calls": 22,
        "id": "42852",
        "name": "Gligoreşti Hm.",
        "operator_count": 2,
        "operators": [
          "InterRegional Călători",
          "CFR Călători"
        ]
      },
      "type": "Feature"
    },
    {
      "geometry": {
        "coordinates": [
          23.955699,
          46.427196
        ],
        "type": "Point"
      },
      "properties": {
        "calls": 22,
        "id": "42864",
        "name": "Gura Arieşului h.",
        "operator_count": 2,
        "operators": [
          "InterRegional Călători",
          "CFR Călători"
        ]
      },
      "type": "Feature"
    },
    {
      "geometry": {
        "coordinates": [
          23.918453,
          46.418671
        ],
        "type": "Point"
      },
      "properties": {
        "calls": 22,
        "id": "42876",
        "name": "Lunca Mureşului h.",
        "operator_count": 2,
        "operators": [
          "InterRegional Călători",
          "CFR Călători"
        ]
      },
      "type": "Feature"
    },
    {
      "geometry": {
        "coordinates": [
          24.428987,
          47.080773
        ],
        "type": "Point"
      },
      "properties": {
        "calls": 21,
        "id": "42929",
        "name": "Sărata h.",
        "operator_count": 2,
        "operators": [
          "Regio Călători",
          "CFR Călători"
        ]
      },
      "type": "Feature"
    },
    {
      "geometry": {
        "coordinates": [
          24.452679,
          47.101732
        ],
        "type": "Point"
      },
      "properties": {
        "calls": 15,
        "id": "42943",
        "name": "Viişoara h.",
        "operator_count": 2,
        "operators": [
          "InterRegional Călători",
          "CFR Călători"
        ]
      },
      "type": "Feature"
    },
    {
      "geometry": {
        "coordinates": [
          24.501748,
          47.145452
        ],
        "type": "Point"
      },
      "properties": {
        "calls": 12,
        "id": "42955",
        "name": "Bistriţa h.",
        "operator_count": 1,
        "operators": [
          "InterRegional Călători"
        ]
      },
      "type": "Feature"
    },
    {
      "geometry": {
        "coordinates": [
          24.484553,
          47.133052
        ],
        "type": "Point"
      },
      "properties": {
        "calls": 61,
        "id": "42967",
        "name": "Bistriţa Nord",
        "operator_count": 3,
        "operators": [
          "Regio Călători",
          "InterRegional Călători",
          "CFR Călători"
        ]
      },
      "type": "Feature"
    },
    {
      "geometry": {
        "coordinates": [
          24.562129,
          47.179252
        ],
        "type": "Point"
      },
      "properties": {
        "calls": 12,
        "id": "42981",
        "name": "Livezile Bârgăului h.",
        "operator_count": 1,
        "operators": [
          "InterRegional Călători"
        ]
      },
      "type": "Feature"
    },
    {
      "geometry": {
        "coordinates": [
          24.636196,
          47.201577
        ],
        "type": "Point"
      },
      "properties": {
        "calls": 12,
        "id": "42993",
        "name": "Rusul Bârgăului h.",
        "operator_count": 1,
        "operators": [
          "InterRegional Călători"
        ]
      },
      "type": "Feature"
    },
    {
      "geometry": {
        "coordinates": [
          24.715508,
          47.217587
        ],
        "type": "Point"
      },
      "properties": {
        "calls": 13,
        "id": "43026",
        "name": "Susenii Bârgăului Hm.",
        "operator_count": 1,
        "operators": [
          "InterRegional Călători"
        ]
      },
      "type": "Feature"
    },
    {
      "geometry": {
        "coordinates": [
          24.66951,
          47.214775
        ],
        "type": "Point"
      },
      "properties": {
        "calls": 12,
        "id": "43040",
        "name": "Josenii Bârgăului h.",
        "operator_count": 1,
        "operators": [
          "InterRegional Călători"
        ]
      },
      "type": "Feature"
    },
    {
      "geometry": {
        "coordinates": [
          24.805745,
          47.182741
        ],
        "type": "Point"
      },
      "properties": {
        "calls": 13,
        "id": "43052",
        "name": "Bistriţa Bârgăului hcv.",
        "operator_count": 1,
        "operators": [
          "InterRegional Călători"
        ]
      },
      "type": "Feature"
    },
    {
      "geometry": {
        "coordinates": [
          24.690792,
          47.217353
        ],
        "type": "Point"
      },
      "properties": {
        "calls": 12,
        "id": "43064",
        "name": "Mijlocenii Bârgăului h.",
        "operator_count": 1,
        "operators": [
          "InterRegional Călători"
        ]
      },
      "type": "Feature"
    },
    {
      "geometry": {
        "coordinates": [
          24.760441,
          47.209624
        ],
        "type": "Point"
      },
      "properties": {
        "calls": 12,
        "id": "43076",
        "name": "Bistriţa Bârgăului Sat h.",
        "operator_count": 1,
        "operators": [
          "InterRegional Călători"
        ]
      },
      "type": "Feature"
    },
    {
      "geometry": {
        "coordinates": [
          24.741444,
          47.218064
        ],
        "type": "Point"
      },
      "properties": {
        "calls": 12,
        "id": "43088",
        "name": "Prundul Bârgaului h.",
        "operator_count": 1,
        "operators": [
          "InterRegional Călători"
        ]
      },
      "type": "Feature"
    },
    {
      "geometry": {
        "coordinates": [
          24.783657,
          47.199931
        ],
        "type": "Point"
      },
      "properties": {
        "calls": 12,
        "id": "43090",
        "name": "Bistriţa Bârgăului h.",
        "operator_count": 1,
        "operators": [
          "InterRegional Călători"
        ]
      },
      "type": "Feature"
    },
    {
      "geometry": {
        "coordinates": [
          24.750304,
          47.215583
        ],
        "type": "Point"
      },
      "properties": {
        "calls": 12,
        "id": "43105",
        "name": "Bârgău h.",
        "operator_count": 1,
        "operators": [
          "InterRegional Călători"
        ]
      },
      "type": "Feature"
    },
    {
      "geometry": {
        "coordinates": [
          24.327614,
          47.104061
        ],
        "type": "Point"
      },
      "properties": {
        "calls": 11,
        "id": "43117",
        "name": "Chintelnic h.",
        "operator_count": 1,
        "operators": [
          "Regio Călători"
        ]
      },
      "type": "Feature"
    },
    {
      "geometry": {
        "coordinates": [
          24.314665,
          47.085252
        ],
        "type": "Point"
      },
      "properties": {
        "calls": 11,
        "id": "43129",
        "name": "Chiraleş h.",
        "operator_count": 1,
        "operators": [
          "Regio Călători"
        ]
      },
      "type": "Feature"
    },
    {
      "geometry": {
        "coordinates": [
          24.324105,
          47.058237
        ],
        "type": "Point"
      },
      "properties": {
        "calls": 11,
        "id": "43131",
        "name": "Ţigău h.",
        "operator_count": 1,
        "operators": [
          "Regio Călători"
        ]
      },
      "type": "Feature"
    },
    {
      "geometry": {
        "coordinates": [
          24.335932,
          47.018234
        ],
        "type": "Point"
      },
      "properties": {
        "calls": 11,
        "id": "43143",
        "name": "Lechinţa",
        "operator_count": 1,
        "operators": [
          "Regio Călători"
        ]
      },
      "type": "Feature"
    },
    {
      "geometry": {
        "coordinates": [
          24.319745,
          47.002054
        ],
        "type": "Point"
      },
      "properties": {
        "calls": 11,
        "id": "43155",
        "name": "Vermeş h.",
        "operator_count": 1,
        "operators": [
          "Regio Călători"
        ]
      },
      "type": "Feature"
    },
    {
      "geometry": {
        "coordinates": [
          24.371945,
          46.929294
        ],
        "type": "Point"
      },
      "properties": {
        "calls": 11,
        "id": "43167",
        "name": "Brăteni h.",
        "operator_count": 1,
        "operators": [
          "Regio Călători"
        ]
      },
      "type": "Feature"
    },
    {
      "geometry": {
        "coordinates": [
          24.36398,
          46.964483
        ],
        "type": "Point"
      },
      "properties": {
        "calls": 11,
        "id": "43179",
        "name": "Sângiorgiu Nou h.",
        "operator_count": 1,
        "operators": [
          "Regio Călători"
        ]
      },
      "type": "Feature"
    },
    {
      "geometry": {
        "coordinates": [
          24.339452,
          46.893889
        ],
        "type": "Point"
      },
      "properties": {
        "calls": 11,
        "id": "43181",
        "name": "Sânmihaiu de Câmpie h.",
        "operator_count": 1,
        "operators": [
          "Regio Călători"
        ]
      },
      "type": "Feature"
    },
    {
      "geometry": {
        "coordinates": [
          24.310214,
          46.869803
        ],
        "type": "Point"
      },
      "properties": {
        "calls": 11,
        "id": "43193",
        "name": "Miceştii de Câmpie h.",
        "operator_count": 1,
        "operators": [
          "Regio Călători"
        ]
      },
      "type": "Feature"
    },
    {
      "geometry": {
        "coordinates": [
          24.262696,
          46.865991
        ],
        "type": "Point"
      },
      "properties": {
        "calls": 8,
        "id": "43208",
        "name": "Budeşti Cluj h.",
        "operator_count": 1,
        "operators": [
          "Regio Călători"
        ]
      },
      "type": "Feature"
    },
    {
      "geometry": {
        "coordinates": [
          24.237068,
          46.841379
        ],
        "type": "Point"
      },
      "properties": {
        "calls": 8,
        "id": "43210",
        "name": "Ţagu h.",
        "operator_count": 1,
        "operators": [
          "Regio Călători"
        ]
      },
      "type": "Feature"
    },
    {
      "geometry": {
        "coordinates": [
          24.226908,
          46.820059
        ],
        "type": "Point"
      },
      "properties": {
        "calls": 8,
        "id": "43222",
        "name": "Ţagu Sat h.",
        "operator_count": 1,
        "operators": [
          "Regio Călători"
        ]
      },
      "type": "Feature"
    },
    {
      "geometry": {
        "coordinates": [
          24.204273,
          46.78064
        ],
        "type": "Point"
      },
      "properties": {
        "calls": 12,
        "id": "43246",
        "name": "Sărmaşel hcv.",
        "operator_count": 1,
        "operators": [
          "Regio Călători"
        ]
      },
      "type": "Feature"
    },
    {
      "geometry": {
        "coordinates": [
          24.157911,
          46.7533
        ],
        "type": "Point"
      },
      "properties": {
        "calls": 9,
        "id": "43258",
        "name": "Sărmăşel Gaz Metan h.",
        "operator_count": 1,
        "operators": [
          "Regio Călători"
        ]
      },
      "type": "Feature"
    },
    {
      "geometry": {
        "coordinates": [
          24.15124,
          46.748788
        ],
        "type": "Point"
      },
      "properties": {
        "calls": 9,
        "id": "43260",
        "name": "Sărmaşu h.",
        "operator_count": 1,
        "operators": [
          "Regio Călători"
        ]
      },
      "type": "Feature"
    },
    {
      "geometry": {
        "coordinates": [
          24.147061,
          46.730654
        ],
        "type": "Point"
      },
      "properties": {
        "calls": 8,
        "id": "43272",
        "name": "Balda h.",
        "operator_count": 1,
        "operators": [
          "Regio Călători"
        ]
      },
      "type": "Feature"
    },
    {
      "geometry": {
        "coordinates": [
          24.134506,
          46.632988
        ],
        "type": "Point"
      },
      "properties": {
        "calls": 8,
        "id": "43296",
        "name": "Bota Sat h.",
        "operator_count": 1,
        "operators": [
          "Regio Călători"
        ]
      },
      "type": "Feature"
    },
    {
      "geometry": {
        "coordinates": [
          24.161978,
          46.680493
        ],
        "type": "Point"
      },
      "properties": {
        "calls": 8,
        "id": "43301",
        "name": "Miheşu de Câmpie Sat h.",
        "operator_count": 1,
        "operators": [
          "Regio Călători"
        ]
      },
      "type": "Feature"
    },
    {
      "geometry": {
        "coordinates": [
          24.144162,
          46.63952
        ],
        "type": "Point"
      },
      "properties": {
        "calls": 8,
        "id": "43313",
        "name": "Miheşu de Câmpie h.",
        "operator_count": 1,
        "operators": [
          "Regio Călători"
        ]
      },
      "type": "Feature"
    },
    {
      "geometry": {
        "coordinates": [
          24.125026,
          46.613282
        ],
        "type": "Point"
      },
      "properties": {
        "calls": 8,
        "id": "43325",
        "name": "Zau de Câmpie h.",
        "operator_count": 1,
        "operators": [
          "Regio Călători"
        ]
      },
      "type": "Feature"
    },
    {
      "geometry": {
        "coordinates": [
          24.092468,
          46.582949
        ],
        "type": "Point"
      },
      "properties": {
        "calls": 8,
        "id": "43337",
        "name": "Tăureni h.",
        "operator_count": 1,
        "operators": [
          "Regio Călători"
        ]
      },
      "type": "Feature"
    },
    {
      "geometry": {
        "coordinates": [
          24.120996,
          46.601581
        ],
        "type": "Point"
      },
      "properties": {
        "calls": 8,
        "id": "43349",
        "name": "Melini Valea Largă h.",
        "operator_count": 1,
        "operators": [
          "Regio Călători"
        ]
      },
      "type": "Feature"
    },
    {
      "geometry": {
        "coordinates": [
          24.122191,
          46.549158
        ],
        "type": "Point"
      },
      "properties": {
        "calls": 8,
        "id": "43351",
        "name": "Sânger Tăureni h.",
        "operator_count": 1,
        "operators": [
          "Regio Călători"
        ]
      },
      "type": "Feature"
    },
    {
      "geometry": {
        "coordinates": [
          24.100793,
          46.48461
        ],
        "type": "Point"
      },
      "properties": {
        "calls": 8,
        "id": "43375",
        "name": "Luduş Sat h.",
        "operator_count": 1,
        "operators": [
          "Regio Călători"
        ]
      },
      "type": "Feature"
    },
    {
      "geometry": {
        "coordinates": [
          24.231785,
          47.197331
        ],
        "type": "Point"
      },
      "properties": {
        "calls": 18,
        "id": "43416",
        "name": "Cociu h.",
        "operator_count": 2,
        "operators": [
          "InterRegional Călători",
          "CFR Călători"
        ]
      },
      "type": "Feature"
    },
    {
      "geometry": {
        "coordinates": [
          24.250942,
          47.208351
        ],
        "type": "Point"
      },
      "properties": {
        "calls": 18,
        "id": "43428",
        "name": "Mogoşeni Hm.",
        "operator_count": 2,
        "operators": [
          "InterRegional Călători",
          "CFR Călători"
        ]
      },
      "type": "Feature"
    },
    {
      "geometry": {
        "coordinates": [
          24.282798,
          47.236027
        ],
        "type": "Point"
      },
      "properties": {
        "calls": 17,
        "id": "43430",
        "name": "Nimigea h.",
        "operator_count": 2,
        "operators": [
          "InterRegional Călători",
          "CFR Călători"
        ]
      },
      "type": "Feature"
    },
    {
      "geometry": {
        "coordinates": [
          24.299971,
          47.247962
        ],
        "type": "Point"
      },
      "properties": {
        "calls": 18,
        "id": "43442",
        "name": "Nimigea Hm.",
        "operator_count": 2,
        "operators": [
          "InterRegional Călători",
          "CFR Călători"
        ]
      },
      "type": "Feature"
    },
    {
      "geometry": {
        "coordinates": [
          24.318871,
          47.281774
        ],
        "type": "Point"
      },
      "properties": {
        "calls": 17,
        "id": "43454",
        "name": "Mititei h.",
        "operator_count": 2,
        "operators": [
          "InterRegional Călători",
          "CFR Călători"
        ]
      },
      "type": "Feature"
    },
    {
      "geometry": {
        "coordinates": [
          24.340671,
          47.302105
        ],
        "type": "Point"
      },
      "properties": {
        "calls": 27,
        "id": "43466",
        "name": "Salva",
        "operator_count": 2,
        "operators": [
          "InterRegional Călători",
          "CFR Călători"
        ]
      },
      "type": "Feature"
    },
    {
      "geometry": {
        "coordinates": [
          24.391339,
          47.373881
        ],
        "type": "Point"
      },
      "properties": {
        "calls": 4,
        "id": "43480",
        "name": "Coşbuc Hm.",
        "operator_count": 1,
        "operators": [
          "CFR Călători"
        ]
      },
      "type": "Feature"
    },
    {
      "geometry": {
        "coordinates": [
          24.383923,
          47.399245
        ],
        "type": "Point"
      },
      "properties": {
        "calls": 2,
        "id": "43492",
        "name": "Bichigiu h",
        "operator_count": 1,
        "operators": [
          "CFR Călători"
        ]
      },
      "type": "Feature"
    },
    {
      "geometry": {
        "coordinates": [
          24.394932,
          47.421459
        ],
        "type": "Point"
      },
      "properties": {
        "calls": 4,
        "id": "43507",
        "name": "Telciu Hm.",
        "operator_count": 1,
        "operators": [
          "CFR Călători"
        ]
      },
      "type": "Feature"
    },
    {
      "geometry": {
        "coordinates": [
          24.390612,
          47.494623
        ],
        "type": "Point"
      },
      "properties": {
        "calls": 4,
        "id": "43519",
        "name": "Fiad PO",
        "operator_count": 1,
        "operators": [
          "CFR Călători"
        ]
      },
      "type": "Feature"
    },
    {
      "geometry": {
        "coordinates": [
          24.435388,
          47.540149
        ],
        "type": "Point"
      },
      "properties": {
        "calls": 4,
        "id": "43521",
        "name": "Romuli h.",
        "operator_count": 1,
        "operators": [
          "CFR Călători"
        ]
      },
      "type": "Feature"
    },
    {
      "geometry": {
        "coordinates": [
          24.38902,
          47.462141
        ],
        "type": "Point"
      },
      "properties": {
        "calls": 3,
        "id": "43533",
        "name": "Fiezel h.",
        "operator_count": 1,
        "operators": [
          "CFR Călători"
        ]
      },
      "type": "Feature"
    },
    {
      "geometry": {
        "coordinates": [
          24.415199,
          47.577414
        ],
        "type": "Point"
      },
      "properties": {
        "calls": 4,
        "id": "43545",
        "name": "Dealu Ştefăniţei Hm.",
        "operator_count": 1,
        "operators": [
          "CFR Călători"
        ]
      },
      "type": "Feature"
    },
    {
      "geometry": {
        "coordinates": [
          24.46168,
          47.633082
        ],
        "type": "Point"
      },
      "properties": {
        "calls": 4,
        "id": "43571",
        "name": "Săcel PO",
        "operator_count": 1,
        "operators": [
          "CFR Călători"
        ]
      },
      "type": "Feature"
    },
    {
      "geometry": {
        "coordinates": [
          24.378078,
          47.657535
        ],
        "type": "Point"
      },
      "properties": {
        "calls": 4,
        "id": "43595",
        "name": "Iza hc.",
        "operator_count": 1,
        "operators": [
          "CFR Călători"
        ]
      },
      "type": "Feature"
    },
    {
      "geometry": {
        "coordinates": [
          24.374476,
          47.661581
        ],
        "type": "Point"
      },
      "properties": {
        "calls": 11,
        "id": "43612",
        "name": "Vişeu de Jos",
        "operator_count": 1,
        "operators": [
          "CFR Călători"
        ]
      },
      "type": "Feature"
    },
    {
      "geometry": {
        "coordinates": [
          24.334837,
          47.731869
        ],
        "type": "Point"
      },
      "properties": {
        "calls": 9,
        "id": "43624",
        "name": "Bocicoel h.",
        "operator_count": 1,
        "operators": [
          "CFR Călători"
        ]
      },
      "type": "Feature"
    },
    {
      "geometry": {
        "coordinates": [
          24.28584,
          47.765703
        ],
        "type": "Point"
      },
      "properties": {
        "calls": 8,
        "id": "43636",
        "name": "Leordina h.",
        "operator_count": 1,
        "operators": [
          "CFR Călători"
        ]
      },
      "type": "Feature"
    },
    {
      "geometry": {
        "coordinates": [
          24.260037,
          47.78496
        ],
        "type": "Point"
      },
      "properties": {
        "calls": 9,
        "id": "43648",
        "name": "Leordina Hm.",
        "operator_count": 1,
        "operators": [
          "CFR Călători"
        ]
      },
      "type": "Feature"
    },
    {
      "geometry": {
        "coordinates": [
          24.211044,
          47.828944
        ],
        "type": "Point"
      },
      "properties": {
        "calls": 9,
        "id": "43662",
        "name": "Petrova hc.",
        "operator_count": 1,
        "operators": [
          "CFR Călători"
        ]
      },
      "type": "Feature"
    },
    {
      "geometry": {
        "coordinates": [
          24.191886,
          47.864195
        ],
        "type": "Point"
      },
      "properties": {
        "calls": 9,
        "id": "43686",
        "name": "Vişeu Bistra h.",
        "operator_count": 1,
        "operators": [
          "CFR Călători"
        ]
      },
      "type": "Feature"
    },
    {
      "geometry": {
        "coordinates": [
          24.154589,
          47.9147
        ],
        "type": "Point"
      },
      "properties": {
        "calls": 10,
        "id": "43703",
        "name": "Valea Vişeului Hm.",
        "operator_count": 1,
        "operators": [
          "CFR Călători"
        ]
      },
      "type": "Feature"
    },
    {
      "geometry": {
        "coordinates": [
          24.043702,
          47.949009
        ],
        "type": "Point"
      },
      "properties": {
        "calls": 9,
        "id": "43741",
        "name": "Lunca la Tisa h.",
        "operator_count": 1,
        "operators": [
          "CFR Călători"
        ]
      },
      "type": "Feature"
    },
    {
      "geometry": {
        "coordinates": [
          24.02352,
          47.957394
        ],
        "type": "Point"
      },
      "properties": {
        "calls": 9,
        "id": "43753",
        "name": "Bocicoi Hm.",
        "operator_count": 1,
        "operators": [
          "CFR Călători"
        ]
      },
      "type": "Feature"
    },
    {
      "geometry": {
        "coordinates": [
          23.985366,
          47.950863
        ],
        "type": "Point"
      },
      "properties": {
        "calls": 9,
        "id": "43789",
        "name": "Crăciuneşti h.",
        "operator_count": 1,
        "operators": [
          "CFR Călători"
        ]
      },
      "type": "Feature"
    },
    {
      "geometry": {
        "coordinates": [
          23.950655,
          47.939925
        ],
        "type": "Point"
      },
      "properties": {
        "calls": 9,
        "id": "43791",
        "name": "Tisa h.",
        "operator_count": 1,
        "operators": [
          "CFR Călători"
        ]
      },
      "type": "Feature"
    },
    {
      "geometry": {
        "coordinates": [
          23.909355,
          47.942883
        ],
        "type": "Point"
      },
      "properties": {
        "calls": 9,
        "id": "43806",
        "name": "Cămara Sighet h.",
        "operator_count": 1,
        "operators": [
          "CFR Călători"
        ]
      },
      "type": "Feature"
    },
    {
      "geometry": {
        "coordinates": [
          23.885952,
          47.935521
        ],
        "type": "Point"
      },
      "properties": {
        "calls": 10,
        "id": "43820",
        "name": "Sighetu Marmaţiei",
        "operator_count": 1,
        "operators": [
          "CFR Călători"
        ]
      },
      "type": "Feature"
    },
    {
      "geometry": {
        "coordinates": [
          23.773949,
          46.877942
        ],
        "type": "Point"
      },
      "properties": {
        "calls": 17,
        "id": "43997",
        "name": "Jucu de Jos h.",
        "operator_count": 3,
        "operators": [
          "Transferoviar Calatori",
          "InterRegional Călători",
          "CFR Călători"
        ]
      },
      "type": "Feature"
    },
    {
      "geometry": {
        "coordinates": [
          23.758005,
          46.814586
        ],
        "type": "Point"
      },
      "properties": {
        "calls": 33,
        "id": "44018",
        "name": "Apahida h.",
        "operator_count": 3,
        "operators": [
          "Transferoviar Calatori",
          "InterRegional Călători",
          "CFR Călători"
        ]
      },
      "type": "Feature"
    },
    {
      "geometry": {
        "coordinates": [
          23.763981,
          46.862668
        ],
        "type": "Point"
      },
      "properties": {
        "calls": 51,
        "id": "44020",
        "name": "Jucu Hm.",
        "operator_count": 3,
        "operators": [
          "Transferoviar Calatori",
          "InterRegional Călători",
          "CFR Călători"
        ]
      },
      "type": "Feature"
    },
    {
      "geometry": {
        "coordinates": [
          23.779748,
          46.900608
        ],
        "type": "Point"
      },
      "properties": {
        "calls": 46,
        "id": "44032",
        "name": "Răscruci h.",
        "operator_count": 3,
        "operators": [
          "Transferoviar Calatori",
          "InterRegional Călători",
          "CFR Călători"
        ]
      },
      "type": "Feature"
    },
    {
      "geometry": {
        "coordinates": [
          23.784959,
          46.925181
        ],
        "type": "Point"
      },
      "properties": {
        "calls": 52,
        "id": "44044",
        "name": "Bonţida Hm.",
        "operator_count": 3,
        "operators": [
          "Transferoviar Calatori",
          "InterRegional Călători",
          "CFR Călători"
        ]
      },
      "type": "Feature"
    },
    {
      "geometry": {
        "coordinates": [
          23.796928,
          46.9504
        ],
        "type": "Point"
      },
      "properties": {
        "calls": 23,
        "id": "44056",
        "name": "Fundătura h.",
        "operator_count": 2,
        "operators": [
          "InterRegional Călători",
          "CFR Călători"
        ]
      },
      "type": "Feature"
    },
    {
      "geometry": {
        "coordinates": [
          23.816052,
          46.978301
        ],
        "type": "Point"
      },
      "properties": {
        "calls": 43,
        "id": "44068",
        "name": "Iclod Hm.",
        "operator_count": 2,
        "operators": [
          "InterRegional Călători",
          "CFR Călători"
        ]
      },
      "type": "Feature"
    },
    {
      "geometry": {
        "coordinates": [
          23.843312,
          47.005533
        ],
        "type": "Point"
      },
      "properties": {
        "calls": 30,
        "id": "44070",
        "name": "Livada Someş h.",
        "operator_count": 2,
        "operators": [
          "InterRegional Călători",
          "CFR Călători"
        ]
      },
      "type": "Feature"
    },
    {
      "geometry": {
        "coordinates": [
          23.9133,
          47.027626
        ],
        "type": "Point"
      },
      "properties": {
        "calls": 62,
        "id": "44094",
        "name": "Gherla",
        "operator_count": 2,
        "operators": [
          "InterRegional Călători",
          "CFR Călători"
        ]
      },
      "type": "Feature"
    },
    {
      "geometry": {
        "coordinates": [
          23.912887,
          47.074901
        ],
        "type": "Point"
      },
      "properties": {
        "calls": 14,
        "id": "44111",
        "name": "Buneşti h.",
        "operator_count": 2,
        "operators": [
          "InterRegional Călători",
          "CFR Călători"
        ]
      },
      "type": "Feature"
    },
    {
      "geometry": {
        "coordinates": [
          23.906631,
          47.093097
        ],
        "type": "Point"
      },
      "properties": {
        "calls": 28,
        "id": "44123",
        "name": "Nima h.",
        "operator_count": 2,
        "operators": [
          "InterRegional Călători",
          "CFR Călători"
        ]
      },
      "type": "Feature"
    },
    {
      "geometry": {
        "coordinates": [
          23.201269,
          47.254231
        ],
        "type": "Point"
      },
      "properties": {
        "calls": 19,
        "id": "44173",
        "name": "Cuceu Sălaj h.",
        "operator_count": 1,
        "operators": [
          "CFR Călători"
        ]
      },
      "type": "Feature"
    },
    {
      "geometry": {
        "coordinates": [
          23.169916,
          47.25059
        ],
        "type": "Point"
      },
      "properties": {
        "calls": 21,
        "id": "44185",
        "name": "Poptelec h.",
        "operator_count": 1,
        "operators": [
          "CFR Călători"
        ]
      },
      "type": "Feature"
    },
    {
      "geometry": {
        "coordinates": [
          23.115531,
          47.231327
        ],
        "type": "Point"
      },
      "properties": {
        "calls": 23,
        "id": "44197",
        "name": "Mirşid Hm.",
        "operator_count": 2,
        "operators": [
          "InterRegional Călători",
          "CFR Călători"
        ]
      },
      "type": "Feature"
    },
    {
      "geometry": {
        "coordinates": [
          23.040904,
          47.221036
        ],
        "type": "Point"
      },
      "properties": {
        "calls": 29,
        "id": "44240",
        "name": "Zalău Nord",
        "operator_count": 2,
        "operators": [
          "InterRegional Călători",
          "CFR Călători"
        ]
      },
      "type": "Feature"
    },
    {
      "geometry": {
        "coordinates": [
          22.977625,
          47.255883
        ],
        "type": "Point"
      },
      "properties": {
        "calls": 14,
        "id": "44276",
        "name": "Guruslău h.",
        "operator_count": 1,
        "operators": [
          "CFR Călători"
        ]
      },
      "type": "Feature"
    },
    {
      "geometry": {
        "coordinates": [
          22.943422,
          47.274895
        ],
        "type": "Point"
      },
      "properties": {
        "calls": 17,
        "id": "44288",
        "name": "Borla PM.",
        "operator_count": 2,
        "operators": [
          "InterRegional Călători",
          "CFR Călători"
        ]
      },
      "type": "Feature"
    },
    {
      "geometry": {
        "coordinates": [
          22.926385,
          47.299046
        ],
        "type": "Point"
      },
      "properties": {
        "calls": 15,
        "id": "44290",
        "name": "Bocşa Sălaj h.",
        "operator_count": 1,
        "operators": [
          "CFR Călători"
        ]
      },
      "type": "Feature"
    },
    {
      "geometry": {
        "coordinates": [
          22.898034,
          47.319121
        ],
        "type": "Point"
      },
      "properties": {
        "calls": 15,
        "id": "44305",
        "name": "Câmpia Sălaj h.",
        "operator_count": 1,
        "operators": [
          "CFR Călători"
        ]
      },
      "type": "Feature"
    },
    {
      "geometry": {
        "coordinates": [
          22.829099,
          47.342602
        ],
        "type": "Point"
      },
      "properties": {
        "calls": 23,
        "id": "44329",
        "name": "Sărmăşag Hm.",
        "operator_count": 2,
        "operators": [
          "InterRegional Călători",
          "CFR Călători"
        ]
      },
      "type": "Feature"
    },
    {
      "geometry": {
        "coordinates": [
          22.80727,
          47.367177
        ],
        "type": "Point"
      },
      "properties": {
        "calls": 3,
        "id": "44343",
        "name": "Sărmăşag h.",
        "operator_count": 1,
        "operators": [
          "CFR Călători"
        ]
      },
      "type": "Feature"
    },
    {
      "geometry": {
        "coordinates": [
          22.791237,
          47.384705
        ],
        "type": "Point"
      },
      "properties": {
        "calls": 6,
        "id": "44355",
        "name": "Derşida h.",
        "operator_count": 1,
        "operators": [
          "CFR Călători"
        ]
      },
      "type": "Feature"
    },
    {
      "geometry": {
        "coordinates": [
          22.785867,
          47.452604
        ],
        "type": "Point"
      },
      "properties": {
        "calls": 3,
        "id": "44367",
        "name": "Supur h.",
        "operator_count": 1,
        "operators": [
          "CFR Călători"
        ]
      },
      "type": "Feature"
    },
    {
      "geometry": {
        "coordinates": [
          22.7944,
          47.465651
        ],
        "type": "Point"
      },
      "properties": {
        "calls": 6,
        "id": "44379",
        "name": "Supur Haltă h.",
        "operator_count": 1,
        "operators": [
          "CFR Călători"
        ]
      },
      "type": "Feature"
    },
    {
      "geometry": {
        "coordinates": [
          22.777571,
          47.433614
        ],
        "type": "Point"
      },
      "properties": {
        "calls": 6,
        "id": "44381",
        "name": "Giorocuţa h.",
        "operator_count": 1,
        "operators": [
          "CFR Călători"
        ]
      },
      "type": "Feature"
    },
    {
      "geometry": {
        "coordinates": [
          22.77624,
          47.526961
        ],
        "type": "Point"
      },
      "properties": {
        "calls": 8,
        "id": "44408",
        "name": "Acâş Hm.",
        "operator_count": 1,
        "operators": [
          "CFR Călători"
        ]
      },
      "type": "Feature"
    },
    {
      "geometry": {
        "coordinates": [
          22.646158,
          47.513401
        ],
        "type": "Point"
      },
      "properties": {
        "calls": 5,
        "id": "44434",
        "name": "Săcăşeni h.",
        "operator_count": 1,
        "operators": [
          "CFR Călători"
        ]
      },
      "type": "Feature"
    },
    {
      "geometry": {
        "coordinates": [
          22.578093,
          47.49567
        ],
        "type": "Point"
      },
      "properties": {
        "calls": 10,
        "id": "44458",
        "name": "Tăşnad",
        "operator_count": 1,
        "operators": [
          "CFR Călători"
        ]
      },
      "type": "Feature"
    },
    {
      "geometry": {
        "coordinates": [
          22.517244,
          47.515438
        ],
        "type": "Point"
      },
      "properties": {
        "calls": 6,
        "id": "44472",
        "name": "Santău h.",
        "operator_count": 1,
        "operators": [
          "CFR Călători"
        ]
      },
      "type": "Feature"
    },
    {
      "geometry": {
        "coordinates": [
          22.503036,
          47.557583
        ],
        "type": "Point"
      },
      "properties": {
        "calls": 6,
        "id": "44484",
        "name": "Hotoan h.",
        "operator_count": 1,
        "operators": [
          "CFR Călători"
        ]
      },
      "type": "Feature"
    },
    {
      "geometry": {
        "coordinates": [
          22.483907,
          47.607069
        ],
        "type": "Point"
      },
      "properties": {
        "calls": 6,
        "id": "44496",
        "name": "Tiream h.",
        "operator_count": 1,
        "operators": [
          "CFR Călători"
        ]
      },
      "type": "Feature"
    },
    {
      "geometry": {
        "coordinates": [
          22.783974,
          47.298784
        ],
        "type": "Point"
      },
      "properties": {
        "calls": 5,
        "id": "44525",
        "name": "Giurtelec h.",
        "operator_count": 1,
        "operators": [
          "CFR Călători"
        ]
      },
      "type": "Feature"
    },
    {
      "geometry": {
        "coordinates": [
          22.758925,
          47.27722
        ],
        "type": "Point"
      },
      "properties": {
        "calls": 5,
        "id": "44537",
        "name": "Uilacu Şimleului h.",
        "operator_count": 1,
        "operators": [
          "CFR Călători"
        ]
      },
      "type": "Feature"
    },
    {
      "geometry": {
        "coordinates": [
          22.770009,
          47.250413
        ],
        "type": "Point"
      },
      "properties": {
        "calls": 7,
        "id": "44563",
        "name": "Şimleu Silvaniei Hm.",
        "operator_count": 2,
        "operators": [
          "InterRegional Călători",
          "CFR Călători"
        ]
      },
      "type": "Feature"
    },
    {
      "geometry": {
        "coordinates": [
          22.784042,
          47.234118
        ],
        "type": "Point"
      },
      "properties": {
        "calls": 7,
        "id": "44575",
        "name": "Măgura Şimleului h.",
        "operator_count": 2,
        "operators": [
          "InterRegional Călători",
          "CFR Călători"
        ]
      },
      "type": "Feature"
    },
    {
      "geometry": {
        "coordinates": [
          22.692952,
          47.214512
        ],
        "type": "Point"
      },
      "properties": {
        "calls": 7,
        "id": "44587",
        "name": "Nuşfalău h.",
        "operator_count": 2,
        "operators": [
          "InterRegional Călători",
          "CFR Călători"
        ]
      },
      "type": "Feature"
    },
    {
      "geometry": {
        "coordinates": [
          22.608757,
          47.220568
        ],
        "type": "Point"
      },
      "properties": {
        "calls": 7,
        "id": "44604",
        "name": "Ipu h.",
        "operator_count": 2,
        "operators": [
          "InterRegional Călători",
          "CFR Călători"
        ]
      },
      "type": "Feature"
    },
    {
      "geometry": {
        "coordinates": [
          22.552937,
          47.229046
        ],
        "type": "Point"
      },
      "properties": {
        "calls": 5,
        "id": "44616",
        "name": "Porţi h.",
        "operator_count": 1,
        "operators": [
          "CFR Călători"
        ]
      },
      "type": "Feature"
    },
    {
      "geometry": {
        "coordinates": [
          22.54835,
          47.261811
        ],
        "type": "Point"
      },
      "properties": {
        "calls": 7,
        "id": "44628",
        "name": "Suplacu de Barcău",
        "operator_count": 2,
        "operators": [
          "InterRegional Călători",
          "CFR Călători"
        ]
      },
      "type": "Feature"
    },
    {
      "geometry": {
        "coordinates": [
          22.524861,
          47.296746
        ],
        "type": "Point"
      },
      "properties": {
        "calls": 7,
        "id": "44630",
        "name": "Balc h.",
        "operator_count": 2,
        "operators": [
          "InterRegional Călători",
          "CFR Călători"
        ]
      },
      "type": "Feature"
    },
    {
      "geometry": {
        "coordinates": [
          22.460156,
          47.304829
        ],
        "type": "Point"
      },
      "properties": {
        "calls": 5,
        "id": "44654",
        "name": "Sădălbagiu h.",
        "operator_count": 1,
        "operators": [
          "CFR Călători"
        ]
      },
      "type": "Feature"
    },
    {
      "geometry": {
        "coordinates": [
          22.418055,
          47.303043
        ],
        "type": "Point"
      },
      "properties": {
        "calls": 5,
        "id": "44666",
        "name": "Marginea Bihor h.",
        "operator_count": 1,
        "operators": [
          "CFR Călători"
        ]
      },
      "type": "Feature"
    },
    {
      "geometry": {
        "coordinates": [
          22.380114,
          47.31441
        ],
        "type": "Point"
      },
      "properties": {
        "calls": 7,
        "id": "44678",
        "name": "Abrami h.",
        "operator_count": 2,
        "operators": [
          "InterRegional Călători",
          "CFR Călători"
        ]
      },
      "type": "Feature"
    },
    {
      "geometry": {
        "coordinates": [
          22.342824,
          47.322269
        ],
        "type": "Point"
      },
      "properties": {
        "calls": 5,
        "id": "44680",
        "name": "Chiribiş h.",
        "operator_count": 1,
        "operators": [
          "CFR Călători"
        ]
      },
      "type": "Feature"
    },
    {
      "geometry": {
        "coordinates": [
          22.328199,
          47.33983
        ],
        "type": "Point"
      },
      "properties": {
        "calls": 7,
        "id": "44707",
        "name": "Marghita Hm.",
        "operator_count": 2,
        "operators": [
          "InterRegional Călători",
          "CFR Călători"
        ]
      },
      "type": "Feature"
    },
    {
      "geometry": {
        "coordinates": [
          22.295554,
          47.33373
        ],
        "type": "Point"
      },
      "properties": {
        "calls": 7,
        "id": "44721",
        "name": "Petreu h.",
        "operator_count": 2,
        "operators": [
          "InterRegional Călători",
          "CFR Călători"
        ]
      },
      "type": "Feature"
    },
    {
      "geometry": {
        "coordinates": [
          22.255913,
          47.321027
        ],
        "type": "Point"
      },
      "properties": {
        "calls": 5,
        "id": "44733",
        "name": "Abrămuţ h.",
        "operator_count": 1,
        "operators": [
          "CFR Călători"
        ]
      },
      "type": "Feature"
    },
    {
      "geometry": {
        "coordinates": [
          22.243248,
          47.323756
        ],
        "type": "Point"
      },
      "properties": {
        "calls": 5,
        "id": "44745",
        "name": "Făncica h.",
        "operator_count": 1,
        "operators": [
          "CFR Călători"
        ]
      },
      "type": "Feature"
    },
    {
      "geometry": {
        "coordinates": [
          22.232628,
          47.352904
        ],
        "type": "Point"
      },
      "properties": {
        "calls": 5,
        "id": "44757",
        "name": "Bolcaş h.",
        "operator_count": 1,
        "operators": [
          "CFR Călători"
        ]
      },
      "type": "Feature"
    },
    {
      "geometry": {
        "coordinates": [
          22.169031,
          47.375628
        ],
        "type": "Point"
      },
      "properties": {
        "calls": 5,
        "id": "44771",
        "name": "Târguşor Bihor h.",
        "operator_count": 1,
        "operators": [
          "CFR Călători"
        ]
      },
      "type": "Feature"
    },
    {
      "geometry": {
        "coordinates": [
          21.912314,
          47.155948
        ],
        "type": "Point"
      },
      "properties": {
        "calls": 23,
        "id": "44989",
        "name": "Biharia Hm.",
        "operator_count": 2,
        "operators": [
          "InterRegional Călători",
          "CFR Călători"
        ]
      },
      "type": "Feature"
    },
    {
      "geometry": {
        "coordinates": [
          21.913271,
          47.220404
        ],
        "type": "Point"
      },
      "properties": {
        "calls": 20,
        "id": "45000",
        "name": "Tămăşeu h.",
        "operator_count": 2,
        "operators": [
          "InterRegional Călători",
          "CFR Călători"
        ]
      },
      "type": "Feature"
    },
    {
      "geometry": {
        "coordinates": [
          21.944572,
          47.263894
        ],
        "type": "Point"
      },
      "properties": {
        "calls": 22,
        "id": "45024",
        "name": "Roşiori Bihor h.",
        "operator_count": 2,
        "operators": [
          "InterRegional Călători",
          "CFR Călători"
        ]
      },
      "type": "Feature"
    },
    {
      "geometry": {
        "coordinates": [
          22.012339,
          47.297368
        ],
        "type": "Point"
      },
      "properties": {
        "calls": 23,
        "id": "45048",
        "name": "Diosig Hm.",
        "operator_count": 2,
        "operators": [
          "InterRegional Călători",
          "CFR Călători"
        ]
      },
      "type": "Feature"
    },
    {
      "geometry": {
        "coordinates": [
          22.065232,
          47.326223
        ],
        "type": "Point"
      },
      "properties": {
        "calls": 20,
        "id": "45062",
        "name": "Cadia h.",
        "operator_count": 2,
        "operators": [
          "InterRegional Călători",
          "CFR Călători"
        ]
      },
      "type": "Feature"
    },
    {
      "geometry": {
        "coordinates": [
          22.077881,
          47.360253
        ],
        "type": "Point"
      },
      "properties": {
        "calls": 32,
        "id": "45086",
        "name": "Săcuieni Bihor Hm.",
        "operator_count": 2,
        "operators": [
          "InterRegional Călători",
          "CFR Călători"
        ]
      },
      "type": "Feature"
    },
    {
      "geometry": {
        "coordinates": [
          22.047895,
          47.435812
        ],
        "type": "Point"
      },
      "properties": {
        "calls": 21,
        "id": "45103",
        "name": "Şilindru Hm.",
        "operator_count": 2,
        "operators": [
          "InterRegional Călători",
          "CFR Călători"
        ]
      },
      "type": "Feature"
    },
    {
      "geometry": {
        "coordinates": [
          22.090218,
          47.484188
        ],
        "type": "Point"
      },
      "properties": {
        "calls": 21,
        "id": "45127",
        "name": "Simion h.",
        "operator_count": 2,
        "operators": [
          "InterRegional Călători",
          "CFR Călători"
        ]
      },
      "type": "Feature"
    },
    {
      "geometry": {
        "coordinates": [
          22.132773,
          47.527657
        ],
        "type": "Point"
      },
      "properties": {
        "calls": 48,
        "id": "45153",
        "name": "Valea lui Mihai",
        "operator_count": 2,
        "operators": [
          "InterRegional Călători",
          "CFR Călători"
        ]
      },
      "type": "Feature"
    },
    {
      "geometry": {
        "coordinates": [
          22.201103,
          47.558398
        ],
        "type": "Point"
      },
      "properties": {
        "calls": 17,
        "id": "45232",
        "name": "Curtuiuşeni h.",
        "operator_count": 2,
        "operators": [
          "InterRegional Călători",
          "CFR Călători"
        ]
      },
      "type": "Feature"
    },
    {
      "geometry": {
        "coordinates": [
          22.284443,
          47.60093
        ],
        "type": "Point"
      },
      "properties": {
        "calls": 17,
        "id": "45256",
        "name": "Resighea h.",
        "operator_count": 2,
        "operators": [
          "InterRegional Călători",
          "CFR Călători"
        ]
      },
      "type": "Feature"
    },
    {
      "geometry": {
        "coordinates": [
          22.337641,
          47.631997
        ],
        "type": "Point"
      },
      "properties": {
        "calls": 17,
        "id": "45270",
        "name": "Sanislău Hm.",
        "operator_count": 2,
        "operators": [
          "InterRegional Călători",
          "CFR Călători"
        ]
      },
      "type": "Feature"
    },
    {
      "geometry": {
        "coordinates": [
          22.387883,
          47.661866
        ],
        "type": "Point"
      },
      "properties": {
        "calls": 16,
        "id": "45294",
        "name": "Marna h.",
        "operator_count": 2,
        "operators": [
          "InterRegional Călători",
          "CFR Călători"
        ]
      },
      "type": "Feature"
    },
    {
      "geometry": {
        "coordinates": [
          22.460132,
          47.696866
        ],
        "type": "Point"
      },
      "properties": {
        "calls": 35,
        "id": "45323",
        "name": "Carei",
        "operator_count": 2,
        "operators": [
          "InterRegional Călători",
          "CFR Călători"
        ]
      },
      "type": "Feature"
    },
    {
      "geometry": {
        "coordinates": [
          22.593205,
          47.697635
        ],
        "type": "Point"
      },
      "properties": {
        "calls": 18,
        "id": "45359",
        "name": "Domăneşti h.",
        "operator_count": 2,
        "operators": [
          "InterRegional Călători",
          "CFR Călători"
        ]
      },
      "type": "Feature"
    },
    {
      "geometry": {
        "coordinates": [
          22.643637,
          47.697822
        ],
        "type": "Point"
      },
      "properties": {
        "calls": 18,
        "id": "45361",
        "name": "Moftin h.",
        "operator_count": 2,
        "operators": [
          "InterRegional Călători",
          "CFR Călători"
        ]
      },
      "type": "Feature"
    },
    {
      "geometry": {
        "coordinates": [
          22.679229,
          47.700301
        ],
        "type": "Point"
      },
      "properties": {
        "calls": 18,
        "id": "45373",
        "name": "Gen. Gh. Avramescu Hm.",
        "operator_count": 2,
        "operators": [
          "InterRegional Călători",
          "CFR Călători"
        ]
      },
      "type": "Feature"
    },
    {
      "geometry": {
        "coordinates": [
          22.796877,
          47.742632
        ],
        "type": "Point"
      },
      "properties": {
        "calls": 18,
        "id": "45397",
        "name": "Sătmărel h.",
        "operator_count": 2,
        "operators": [
          "InterRegional Călători",
          "CFR Călători"
        ]
      },
      "type": "Feature"
    },
    {
      "geometry": {
        "coordinates": [
          22.87014,
          47.772063
        ],
        "type": "Point"
      },
      "properties": {
        "calls": 18,
        "id": "45438",
        "name": "Satu Mare Sud Hm.",
        "operator_count": 2,
        "operators": [
          "InterRegional Călători",
          "CFR Călători"
        ]
      },
      "type": "Feature"
    },
    {
      "geometry": {
        "coordinates": [
          22.894596,
          47.796293
        ],
        "type": "Point"
      },
      "properties": {
        "calls": 69,
        "id": "45452",
        "name": "Satu Mare",
        "operator_count": 2,
        "operators": [
          "InterRegional Călători",
          "CFR Călători"
        ]
      },
      "type": "Feature"
    },
    {
      "geometry": {
        "coordinates": [
          22.921237,
          47.836514
        ],
        "type": "Point"
      },
      "properties": {
        "calls": 29,
        "id": "45464",
        "name": "Ram. Botiz h.",
        "operator_count": 2,
        "operators": [
          "InterRegional Călători",
          "CFR Călători"
        ]
      },
      "type": "Feature"
    },
    {
      "geometry": {
        "coordinates": [
          22.962139,
          47.900726
        ],
        "type": "Point"
      },
      "properties": {
        "calls": 29,
        "id": "45488",
        "name": "Micula Hm.",
        "operator_count": 2,
        "operators": [
          "InterRegional Călători",
          "CFR Călători"
        ]
      },
      "type": "Feature"
    },
    {
      "geometry": {
        "coordinates": [
          22.991114,
          47.965615
        ],
        "type": "Point"
      },
      "properties": {
        "calls": 29,
        "id": "45505",
        "name": "Porumbeşti Hm.",
        "operator_count": 2,
        "operators": [
          "InterRegional Călători",
          "CFR Călători"
        ]
      },
      "type": "Feature"
    },
    {
      "geometry": {
        "coordinates": [
          22.996934,
          47.983013
        ],
        "type": "Point"
      },
      "properties": {
        "calls": 29,
        "id": "45531",
        "name": "Halmeu",
        "operator_count": 2,
        "operators": [
          "InterRegional Călători",
          "CFR Călători"
        ]
      },
      "type": "Feature"
    },
    {
      "geometry": {
        "coordinates": [
          22.94554,
          47.825863
        ],
        "type": "Point"
      },
      "properties": {
        "calls": 13,
        "id": "47319",
        "name": "Botiz Hm.",
        "operator_count": 2,
        "operators": [
          "InterRegional Călători",
          "CFR Călători"
        ]
      },
      "type": "Feature"
    },
    {
      "geometry": {
        "coordinates": [
          23.625077,
          46.784387
        ],
        "type": "Point"
      },
      "properties": {
        "calls": 74,
        "id": "47668",
        "name": "Clujana h.",
        "operator_count": 3,
        "operators": [
          "Transferoviar Calatori",
          "InterRegional Călători",
          "CFR Călători"
        ]
      },
      "type": "Feature"
    },
    {
      "geometry": {
        "coordinates": [
          24.476623,
          47.127078
        ],
        "type": "Point"
      },
      "properties": {
        "calls": 24,
        "id": "48014",
        "name": "Bistriţa Fabrici h.",
        "operator_count": 2,
        "operators": [
          "Regio Călători",
          "CFR Călători"
        ]
      },
      "type": "Feature"
    },
    {
      "geometry": {
        "coordinates": [
          24.38678,
          47.289881
        ],
        "type": "Point"
      },
      "properties": {
        "calls": 14,
        "id": "48076",
        "name": "Năsăud h.",
        "operator_count": 2,
        "operators": [
          "InterRegional Călători",
          "CFR Călători"
        ]
      },
      "type": "Feature"
    },
    {
      "geometry": {
        "coordinates": [
          26.029636,
          44.925102
        ],
        "type": "Point"
      },
      "properties": {
        "calls": 169,
        "id": "50017",
        "name": "Ploieşti Sud",
        "operator_count": 4,
        "operators": [
          "Regio Călători",
          "Transferoviar Calatori",
          "Astra Trans Carpatic",
          "CFR Călători"
        ]
      },
      "type": "Feature"
    },
    {
      "geometry": {
        "coordinates": [
          26.080374,
          44.936343
        ],
        "type": "Point"
      },
      "properties": {
        "calls": 20,
        "id": "50079",
        "name": "Ploieşti Est",
        "operator_count": 1,
        "operators": [
          "CFR Călători"
        ]
      },
      "type": "Feature"
    },
    {
      "geometry": {
        "coordinates": [
          26.166227,
          44.952015
        ],
        "type": "Point"
      },
      "properties": {
        "calls": 20,
        "id": "50122",
        "name": "Valea Călugărească Hm",
        "operator_count": 2,
        "operators": [
          "Astra Trans Carpatic",
          "CFR Călători"
        ]
      },
      "type": "Feature"
    },
    {
      "geometry": {
        "coordinates": [
          26.206965,
          44.94725
        ],
        "type": "Point"
      },
      "properties": {
        "calls": 19,
        "id": "50158",
        "name": "Muru h.",
        "operator_count": 1,
        "operators": [
          "CFR Călători"
        ]
      },
      "type": "Feature"
    },
    {
      "geometry": {
        "coordinates": [
          26.23656,
          44.944392
        ],
        "type": "Point"
      },
      "properties": {
        "calls": 20,
        "id": "50160",
        "name": "Cricov Hm.",
        "operator_count": 1,
        "operators": [
          "CFR Călători"
        ]
      },
      "type": "Feature"
    },
    {
      "geometry": {
        "coordinates": [
          26.294277,
          44.956248
        ],
        "type": "Point"
      },
      "properties": {
        "calls": 28,
        "id": "50172",
        "name": "Tomşani hc.",
        "operator_count": 3,
        "operators": [
          "Transferoviar Calatori",
          "Astra Trans Carpatic",
          "CFR Călători"
        ]
      },
      "type": "Feature"
    },
    {
      "geometry": {
        "coordinates": [
          26.349162,
          44.971673
        ],
        "type": "Point"
      },
      "properties": {
        "calls": 20,
        "id": "50184",
        "name": "Inoteşti Hm.",
        "operator_count": 1,
        "operators": [
          "CFR Călători"
        ]
      },
      "type": "Feature"
    },
    {
      "geometry": {
        "coordinates": [
          26.438141,
          44.99451
        ],
        "type": "Point"
      },
      "properties": {
        "calls": 86,
        "id": "50213",
        "name": "Mizil",
        "operator_count": 4,
        "operators": [
          "Regio Călători",
          "Transferoviar Calatori",
          "Astra Trans Carpatic",
          "CFR Călători"
        ]
      },
      "type": "Feature"
    },
    {
      "geometry": {
        "coordinates": [
          26.51745,
          45.0299
        ],
        "type": "Point"
      },
      "properties": {
        "calls": 28,
        "id": "50237",
        "name": "Săhăteni Hm.",
        "operator_count": 3,
        "operators": [
          "Transferoviar Calatori",
          "Astra Trans Carpatic",
          "CFR Călători"
        ]
      },
      "type": "Feature"
    },
    {
      "geometry": {
        "coordinates": [
          26.603516,
          45.063115
        ],
        "type": "Point"
      },
      "properties": {
        "calls": 20,
        "id": "50251",
        "name": "Clondiru h.",
        "operator_count": 1,
        "operators": [
          "CFR Călători"
        ]
      },
      "type": "Feature"
    },
    {
      "geometry": {
        "coordinates": [
          26.651013,
          45.081379
        ],
        "type": "Point"
      },
      "properties": {
        "calls": 22,
        "id": "50263",
        "name": "Ulmeni Hm.",
        "operator_count": 2,
        "operators": [
          "Astra Trans Carpatic",
          "CFR Călători"
        ]
      },
      "type": "Feature"
    },
    {
      "geometry": {
        "coordinates": [
          26.706195,
          45.102344
        ],
        "type": "Point"
      },
      "properties": {
        "calls": 20,
        "id": "50287",
        "name": "Băile Sarata Monteoru hcv.",
        "operator_count": 1,
        "operators": [
          "CFR Călători"
        ]
      },
      "type": "Feature"
    },
    {
      "geometry": {
        "coordinates": [
          26.821584,
          45.141997
        ],
        "type": "Point"
      },
      "properties": {
        "calls": 155,
        "id": "50342",
        "name": "Buzău",
        "operator_count": 5,
        "operators": [
          "Regio Călători",
          "Transferoviar Calatori",
          "Astra Trans Carpatic",
          "Ferotrafic - T.F.I. S.R.L.",
          "CFR Călători"
        ]
      },
      "type": "Feature"
    },
    {
      "geometry": {
        "coordinates": [
          26.929052,
          45.208879
        ],
        "type": "Point"
      },
      "properties": {
        "calls": 16,
        "id": "50392",
        "name": "Boboc Hm.",
        "operator_count": 1,
        "operators": [
          "CFR Călători"
        ]
      },
      "type": "Feature"
    },
    {
      "geometry": {
        "coordinates": [
          27.012,
          45.28565
        ],
        "type": "Point"
      },
      "properties": {
        "calls": 16,
        "id": "50419",
        "name": "Zoita Hm.",
        "operator_count": 1,
        "operators": [
          "CFR Călători"
        ]
      },
      "type": "Feature"
    },
    {
      "geometry": {
        "coordinates": [
          27.058151,
          45.379641
        ],
        "type": "Point"
      },
      "properties": {
        "calls": 76,
        "id": "50433",
        "name": "Râmnicu Sărat",
        "operator_count": 5,
        "operators": [
          "Regio Călători",
          "Transferoviar Calatori",
          "Astra Trans Carpatic",
          "Ferotrafic - T.F.I. S.R.L.",
          "CFR Călători"
        ]
      },
      "type": "Feature"
    },
    {
      "geometry": {
        "coordinates": [
          27.095901,
          45.442383
        ],
        "type": "Point"
      },
      "properties": {
        "calls": 14,
        "id": "50471",
        "name": "Voetin h.",
        "operator_count": 1,
        "operators": [
          "CFR Călători"
        ]
      },
      "type": "Feature"
    },
    {
      "geometry": {
        "coordinates": [
          27.112977,
          45.503878
        ],
        "type": "Point"
      },
      "properties": {
        "calls": 26,
        "id": "50495",
        "name": "Sihlea Hm.",
        "operator_count": 3,
        "operators": [
          "Regio Călători",
          "Astra Trans Carpatic",
          "CFR Călători"
        ]
      },
      "type": "Feature"
    },
    {
      "geometry": {
        "coordinates": [
          27.131114,
          45.566962
        ],
        "type": "Point"
      },
      "properties": {
        "calls": 26,
        "id": "50512",
        "name": "Gugeşti",
        "operator_count": 3,
        "operators": [
          "Regio Călători",
          "Astra Trans Carpatic",
          "CFR Călători"
        ]
      },
      "type": "Feature"
    },
    {
      "geometry": {
        "coordinates": [
          27.149855,
          45.631994
        ],
        "type": "Point"
      },
      "properties": {
        "calls": 18,
        "id": "50548",
        "name": "Coteşti Hm.",
        "operator_count": 2,
        "operators": [
          "Astra Trans Carpatic",
          "CFR Călători"
        ]
      },
      "type": "Feature"
    },
    {
      "geometry": {
        "coordinates": [
          27.16944,
          45.701732
        ],
        "type": "Point"
      },
      "properties": {
        "calls": 83,
        "id": "50603",
        "name": "Focşani",
        "operator_count": 5,
        "operators": [
          "Regio Călători",
          "Transferoviar Calatori",
          "Astra Trans Carpatic",
          "Ferotrafic - T.F.I. S.R.L.",
          "CFR Călători"
        ]
      },
      "type": "Feature"
    },
    {
      "geometry": {
        "coordinates": [
          27.197333,
          45.805773
        ],
        "type": "Point"
      },
      "properties": {
        "calls": 18,
        "id": "50653",
        "name": "Putna Seacă Hm.",
        "operator_count": 2,
        "operators": [
          "Astra Trans Carpatic",
          "CFR Călători"
        ]
      },
      "type": "Feature"
    },
    {
      "geometry": {
        "coordinates": [
          27.215047,
          45.876862
        ],
        "type": "Point"
      },
      "properties": {
        "calls": 96,
        "id": "50691",
        "name": "Mărăşeşti",
        "operator_count": 4,
        "operators": [
          "Regio Călători",
          "Transferoviar Calatori",
          "Astra Trans Carpatic",
          "CFR Călători"
        ]
      },
      "type": "Feature"
    },
    {
      "geometry": {
        "coordinates": [
          27.216028,
          45.931605
        ],
        "type": "Point"
      },
      "properties": {
        "calls": 23,
        "id": "50732",
        "name": "Pădureni Putna Hm.",
        "operator_count": 2,
        "operators": [
          "Astra Trans Carpatic",
          "CFR Călători"
        ]
      },
      "type": "Feature"
    },
    {
      "geometry": {
        "coordinates": [
          27.210562,
          45.96054
        ],
        "type": "Point"
      },
      "properties": {
        "calls": 21,
        "id": "50744",
        "name": "Călimăneşti Vrancea h.",
        "operator_count": 1,
        "operators": [
          "CFR Călători"
        ]
      },
      "type": "Feature"
    },
    {
      "geometry": {
        "coordinates": [
          27.200759,
          46.005626
        ],
        "type": "Point"
      },
      "properties": {
        "calls": 37,
        "id": "50768",
        "name": "Pufeşti Hm.",
        "operator_count": 4,
        "operators": [
          "Regio Călători",
          "Transferoviar Calatori",
          "Astra Trans Carpatic",
          "CFR Călători"
        ]
      },
      "type": "Feature"
    },
    {
      "geometry": {
        "coordinates": [
          27.191666,
          46.027879
        ],
        "type": "Point"
      },
      "properties": {
        "calls": 21,
        "id": "50770",
        "name": "Domneşti Târg h.",
        "operator_count": 1,
        "operators": [
          "CFR Călători"
        ]
      },
      "type": "Feature"
    },
    {
      "geometry": {
        "coordinates": [
          27.190995,
          46.100473
        ],
        "type": "Point"
      },
      "properties": {
        "calls": 73,
        "id": "50811",
        "name": "Adjud",
        "operator_count": 5,
        "operators": [
          "Regio Călători",
          "Transferoviar Calatori",
          "Astra Trans Carpatic",
          "Ferotrafic - T.F.I. S.R.L.",
          "CFR Călători"
        ]
      },
      "type": "Feature"
    },
    {
      "geometry": {
        "coordinates": [
          27.168948,
          46.132162
        ],
        "type": "Point"
      },
      "properties": {
        "calls": 10,
        "id": "50885",
        "name": "Adjudu Vechi h.",
        "operator_count": 1,
        "operators": [
          "CFR Călători"
        ]
      },
      "type": "Feature"
    },
    {
      "geometry": {
        "coordinates": [
          27.153111,
          46.155331
        ],
        "type": "Point"
      },
      "properties": {
        "calls": 10,
        "id": "50902",
        "name": "Şişcani h.",
        "operator_count": 1,
        "operators": [
          "CFR Călători"
        ]
      },
      "type": "Feature"
    },
    {
      "geometry": {
        "coordinates": [
          27.108951,
          46.208013
        ],
        "type": "Point"
      },
      "properties": {
        "calls": 10,
        "id": "50926",
        "name": "Sascut Hm.",
        "operator_count": 1,
        "operators": [
          "CFR Călători"
        ]
      },
      "type": "Feature"
    },
    {
      "geometry": {
        "coordinates": [
          27.057146,
          46.278527
        ],
        "type": "Point"
      },
      "properties": {
        "calls": 10,
        "id": "50940",
        "name": "Orbeni Hm.",
        "operator_count": 1,
        "operators": [
          "CFR Călători"
        ]
      },
      "type": "Feature"
    },
    {
      "geometry": {
        "coordinates": [
          27.011915,
          46.331575
        ],
        "type": "Point"
      },
      "properties": {
        "calls": 10,
        "id": "50964",
        "name": "Răcăciuni h.",
        "operator_count": 1,
        "operators": [
          "CFR Călători"
        ]
      },
      "type": "Feature"
    },
    {
      "geometry": {
        "coordinates": [
          26.965635,
          46.39516
        ],
        "type": "Point"
      },
      "properties": {
        "calls": 10,
        "id": "50988",
        "name": "Faraoani Hm.",
        "operator_count": 1,
        "operators": [
          "CFR Călători"
        ]
      },
      "type": "Feature"
    },
    {
      "geometry": {
        "coordinates": [
          26.93435,
          46.443453
        ],
        "type": "Point"
      },
      "properties": {
        "calls": 10,
        "id": "51009",
        "name": "Siretu Bacău h.",
        "operator_count": 1,
        "operators": [
          "CFR Călători"
        ]
      },
      "type": "Feature"
    },
    {
      "geometry": {
        "coordinates": [
          26.935277,
          46.476357
        ],
        "type": "Point"
      },
      "properties": {
        "calls": 10,
        "id": "51011",
        "name": "Valea Seacă Hm.",
        "operator_count": 1,
        "operators": [
          "CFR Călători"
        ]
      },
      "type": "Feature"
    },
    {
      "geometry": {
        "coordinates": [
          26.934704,
          46.521364
        ],
        "type": "Point"
      },
      "properties": {
        "calls": 10,
        "id": "51035",
        "name": "Letea h.",
        "operator_count": 1,
        "operators": [
          "CFR Călători"
        ]
      },
      "type": "Feature"
    },
    {
      "geometry": {
        "coordinates": [
          26.894786,
          46.566216
        ],
        "type": "Point"
      },
      "properties": {
        "calls": 62,
        "id": "51059",
        "name": "Bacău",
        "operator_count": 3,
        "operators": [
          "Regio Călători",
          "Ferotrafic - T.F.I. S.R.L.",
          "CFR Călători"
        ]
      },
      "type": "Feature"
    },
    {
      "geometry": {
        "coordinates": [
          26.897022,
          46.668589
        ],
        "type": "Point"
      },
      "properties": {
        "calls": 18,
        "id": "51097",
        "name": "Iteşti Hm.",
        "operator_count": 1,
        "operators": [
          "CFR Călători"
        ]
      },
      "type": "Feature"
    },
    {
      "geometry": {
        "coordinates": [
          26.88768,
          46.696648
        ],
        "type": "Point"
      },
      "properties": {
        "calls": 18,
        "id": "51102",
        "name": "Şerbeşti Bacău h.",
        "operator_count": 1,
        "operators": [
          "CFR Călători"
        ]
      },
      "type": "Feature"
    },
    {
      "geometry": {
        "coordinates": [
          26.882259,
          46.747922
        ],
        "type": "Point"
      },
      "properties": {
        "calls": 18,
        "id": "51126",
        "name": "Galbeni Hm.",
        "operator_count": 1,
        "operators": [
          "CFR Călători"
        ]
      },
      "type": "Feature"
    },
    {
      "geometry": {
        "coordinates": [
          26.880051,
          46.846872
        ],
        "type": "Point"
      },
      "properties": {
        "calls": 18,
        "id": "51140",
        "name": "Săcuieni Roman Hm.",
        "operator_count": 1,
        "operators": [
          "CFR Călători"
        ]
      },
      "type": "Feature"
    },
    {
      "geometry": {
        "coordinates": [
          26.898474,
          46.879369
        ],
        "type": "Point"
      },
      "properties": {
        "calls": 18,
        "id": "51152",
        "name": "Trifeşti",
        "operator_count": 1,
        "operators": [
          "CFR Călători"
        ]
      },
      "type": "Feature"
    },
    {
      "geometry": {
        "coordinates": [
          26.91978,
          46.935112
        ],
        "type": "Point"
      },
      "properties": {
        "calls": 58,
        "id": "51190",
        "name": "Roman",
        "operator_count": 3,
        "operators": [
          "Regio Călători",
          "Ferotrafic - T.F.I. S.R.L.",
          "CFR Călători"
        ]
      },
      "type": "Feature"
    },
    {
      "geometry": {
        "coordinates": [
          26.886866,
          47.003861
        ],
        "type": "Point"
      },
      "properties": {
        "calls": 19,
        "id": "51231",
        "name": "Săbăoani Hm.",
        "operator_count": 1,
        "operators": [
          "CFR Călători"
        ]
      },
      "type": "Feature"
    },
    {
      "geometry": {
        "coordinates": [
          26.843859,
          47.059867
        ],
        "type": "Point"
      },
      "properties": {
        "calls": 19,
        "id": "51255",
        "name": "Mirceşti Hm.",
        "operator_count": 1,
        "operators": [
          "CFR Călători"
        ]
      },
      "type": "Feature"
    },
    {
      "geometry": {
        "coordinates": [
          26.818659,
          47.094278
        ],
        "type": "Point"
      },
      "properties": {
        "calls": 19,
        "id": "51267",
        "name": "Hălăuceşti h.",
        "operator_count": 1,
        "operators": [
          "CFR Călători"
        ]
      },
      "type": "Feature"
    },
    {
      "geometry": {
        "coordinates": [
          26.773282,
          47.131054
        ],
        "type": "Point"
      },
      "properties": {
        "calls": 19,
        "id": "51281",
        "name": "Mogoşeşti h.",
        "operator_count": 1,
        "operators": [
          "CFR Călători"
        ]
      },
      "type": "Feature"
    },
    {
      "geometry": {
        "coordinates": [
          26.747795,
          47.165921
        ],
        "type": "Point"
      },
      "properties": {
        "calls": 19,
        "id": "51293",
        "name": "Muncel Hm.",
        "operator_count": 1,
        "operators": [
          "CFR Călători"
        ]
      },
      "type": "Feature"
    },
    {
      "geometry": {
        "coordinates": [
          26.749924,
          47.200528
        ],
        "type": "Point"
      },
      "properties": {
        "calls": 19,
        "id": "51308",
        "name": "Stolniceni h.",
        "operator_count": 1,
        "operators": [
          "CFR Călători"
        ]
      },
      "type": "Feature"
    },
    {
      "geometry": {
        "coordinates": [
          26.733674,
          47.241467
        ],
        "type": "Point"
      },
      "properties": {
        "calls": 8,
        "id": "51346",
        "name": "Paşcani  Gr. Triaj",
        "operator_count": 1,
        "operators": [
          "CFR Călători"
        ]
      },
      "type": "Feature"
    },
    {
      "geometry": {
        "coordinates": [
          26.724014,
          47.257429
        ],
        "type": "Point"
      },
      "properties": {
        "calls": 94,
        "id": "51358",
        "name": "Paşcani",
        "operator_count": 3,
        "operators": [
          "Regio Călători",
          "Ferotrafic - T.F.I. S.R.L.",
          "CFR Călători"
        ]
      },
      "type": "Feature"
    },
    {
      "geometry": {
        "coordinates": [
          26.694656,
          47.306554
        ],
        "type": "Point"
      },
      "properties": {
        "calls": 20,
        "id": "51401",
        "name": "Lunca Siretului h.",
        "operator_count": 1,
        "operators": [
          "CFR Călători"
        ]
      },
      "type": "Feature"
    },
    {
      "geometry": {
        "coordinates": [
          26.671773,
          47.347255
        ],
        "type": "Point"
      },
      "properties": {
        "calls": 30,
        "id": "51413",
        "name": "Lespezi Hm.",
        "operator_count": 2,
        "operators": [
          "Regio Călători",
          "CFR Călători"
        ]
      },
      "type": "Feature"
    },
    {
      "geometry": {
        "coordinates": [
          26.641775,
          47.38771
        ],
        "type": "Point"
      },
      "properties": {
        "calls": 20,
        "id": "51437",
        "name": "Probota h.",
        "operator_count": 1,
        "operators": [
          "CFR Călători"
        ]
      },
      "type": "Feature"
    },
    {
      "geometry": {
        "coordinates": [
          26.608886,
          47.426567
        ],
        "type": "Point"
      },
      "properties": {
        "calls": 46,
        "id": "51451",
        "name": "Dolhasca",
        "operator_count": 2,
        "operators": [
          "Regio Călători",
          "CFR Călători"
        ]
      },
      "type": "Feature"
    },
    {
      "geometry": {
        "coordinates": [
          26.565307,
          47.474817
        ],
        "type": "Point"
      },
      "properties": {
        "calls": 30,
        "id": "51475",
        "name": "Corni h.",
        "operator_count": 2,
        "operators": [
          "Regio Călători",
          "CFR Călători"
        ]
      },
      "type": "Feature"
    },
    {
      "geometry": {
        "coordinates": [
          26.536295,
          47.515093
        ],
        "type": "Point"
      },
      "properties": {
        "calls": 30,
        "id": "51499",
        "name": "Liteni Hm.",
        "operator_count": 2,
        "operators": [
          "Regio Călători",
          "CFR Călători"
        ]
      },
      "type": "Feature"
    },
    {
      "geometry": {
        "coordinates": [
          26.503595,
          47.568443
        ],
        "type": "Point"
      },
      "properties": {
        "calls": 20,
        "id": "51516",
        "name": "Băneşti Suceava h.",
        "operator_count": 1,
        "operators": [
          "CFR Călători"
        ]
      },
      "type": "Feature"
    },
    {
      "geometry": {
        "coordinates": [
          26.441033,
          47.607783
        ],
        "type": "Point"
      },
      "properties": {
        "calls": 62,
        "id": "51530",
        "name": "Vereşti Hm.",
        "operator_count": 2,
        "operators": [
          "Regio Călători",
          "CFR Călători"
        ]
      },
      "type": "Feature"
    },
    {
      "geometry": {
        "coordinates": [
          26.359021,
          47.631412
        ],
        "type": "Point"
      },
      "properties": {
        "calls": 32,
        "id": "51554",
        "name": "Văratec Hm.",
        "operator_count": 1,
        "operators": [
          "CFR Călători"
        ]
      },
      "type": "Feature"
    },
    {
      "geometry": {
        "coordinates": [
          26.27465,
          47.667908
        ],
        "type": "Point"
      },
      "properties": {
        "calls": 92,
        "id": "51607",
        "name": "Suceava",
        "operator_count": 3,
        "operators": [
          "Regio Călători",
          "Ferotrafic - T.F.I. S.R.L.",
          "CFR Călători"
        ]
      },
      "type": "Feature"
    },
    {
      "geometry": {
        "coordinates": [
          26.239333,
          47.676376
        ],
        "type": "Point"
      },
      "properties": {
        "calls": 57,
        "id": "51645",
        "name": "Suceava Nord Hm.",
        "operator_count": 2,
        "operators": [
          "Regio Călători",
          "CFR Călători"
        ]
      },
      "type": "Feature"
    },
    {
      "geometry": {
        "coordinates": [
          26.14246,
          47.71189
        ],
        "type": "Point"
      },
      "properties": {
        "calls": 16,
        "id": "51671",
        "name": "Dărmăneşti",
        "operator_count": 1,
        "operators": [
          "CFR Călători"
        ]
      },
      "type": "Feature"
    },
    {
      "geometry": {
        "coordinates": [
          26.052885,
          47.772127
        ],
        "type": "Point"
      },
      "properties": {
        "calls": 10,
        "id": "51700",
        "name": "Milişăuţi Hm.",
        "operator_count": 1,
        "operators": [
          "CFR Călători"
        ]
      },
      "type": "Feature"
    },
    {
      "geometry": {
        "coordinates": [
          26.02589,
          47.82145
        ],
        "type": "Point"
      },
      "properties": {
        "calls": 10,
        "id": "51724",
        "name": "Ţibeni h.",
        "operator_count": 1,
        "operators": [
          "CFR Călători"
        ]
      },
      "type": "Feature"
    },
    {
      "geometry": {
        "coordinates": [
          25.9991,
          47.871564
        ],
        "type": "Point"
      },
      "properties": {
        "calls": 10,
        "id": "51750",
        "name": "Dorneşti",
        "operator_count": 1,
        "operators": [
          "CFR Călători"
        ]
      },
      "type": "Feature"
    },
    {
      "geometry": {
        "coordinates": [
          26.03261,
          44.925818
        ],
        "type": "Point"
      },
      "properties": {
        "calls": 19,
        "id": "51920",
        "name": "Ploiesti Est Post 1",
        "operator_count": 1,
        "operators": [
          "Transferoviar Calatori"
        ]
      },
      "type": "Feature"
    },
    {
      "geometry": {
        "coordinates": [
          26.022343,
          44.95562
        ],
        "type": "Point"
      },
      "properties": {
        "calls": 19,
        "id": "51932",
        "name": "Ploieşti Nord Hm.",
        "operator_count": 1,
        "operators": [
          "Transferoviar Calatori"
        ]
      },
      "type": "Feature"
    },
    {
      "geometry": {
        "coordinates": [
          26.015263,
          44.985142
        ],
        "type": "Point"
      },
      "properties": {
        "calls": 19,
        "id": "51968",
        "name": "Blejoi",
        "operator_count": 1,
        "operators": [
          "Transferoviar Calatori"
        ]
      },
      "type": "Feature"
    },
    {
      "geometry": {
        "coordinates": [
          26.025854,
          45.016268
        ],
        "type": "Point"
      },
      "properties": {
        "calls": 19,
        "id": "51982",
        "name": "Scăieni h.",
        "operator_count": 1,
        "operators": [
          "Transferoviar Calatori"
        ]
      },
      "type": "Feature"
    },
    {
      "geometry": {
        "coordinates": [
          26.024034,
          45.029362
        ],
        "type": "Point"
      },
      "properties": {
        "calls": 19,
        "id": "52003",
        "name": "Boldeşti h.",
        "operator_count": 1,
        "operators": [
          "Transferoviar Calatori"
        ]
      },
      "type": "Feature"
    },
    {
      "geometry": {
        "coordinates": [
          26.023627,
          45.05399
        ],
        "type": "Point"
      },
      "properties": {
        "calls": 19,
        "id": "52015",
        "name": "Lipăneşti h.",
        "operator_count": 1,
        "operators": [
          "Transferoviar Calatori"
        ]
      },
      "type": "Feature"
    },
    {
      "geometry": {
        "coordinates": [
          26.033957,
          45.082975
        ],
        "type": "Point"
      },
      "properties": {
        "calls": 19,
        "id": "52027",
        "name": "Măgurele Sud h.",
        "operator_count": 1,
        "operators": [
          "Transferoviar Calatori"
        ]
      },
      "type": "Feature"
    },
    {
      "geometry": {
        "coordinates": [
          26.044525,
          45.098003
        ],
        "type": "Point"
      },
      "properties": {
        "calls": 19,
        "id": "52039",
        "name": "Măgurele Prahova h.",
        "operator_count": 1,
        "operators": [
          "Transferoviar Calatori"
        ]
      },
      "type": "Feature"
    },
    {
      "geometry": {
        "coordinates": [
          26.027674,
          45.138928
        ],
        "type": "Point"
      },
      "properties": {
        "calls": 19,
        "id": "52041",
        "name": "Făget Teleajen",
        "operator_count": 1,
        "operators": [
          "Transferoviar Calatori"
        ]
      },
      "type": "Feature"
    },
    {
      "geometry": {
        "coordinates": [
          26.026884,
          45.151423
        ],
        "type": "Point"
      },
      "properties": {
        "calls": 19,
        "id": "52053",
        "name": "P.O Gura Vitioarei h.",
        "operator_count": 1,
        "operators": [
          "Transferoviar Calatori"
        ]
      },
      "type": "Feature"
    },
    {
      "geometry": {
        "coordinates": [
          26.034324,
          45.17961
        ],
        "type": "Point"
      },
      "properties": {
        "calls": 19,
        "id": "52077",
        "name": "Vălenii de Munte",
        "operator_count": 1,
        "operators": [
          "Transferoviar Calatori"
        ]
      },
      "type": "Feature"
    },
    {
      "geometry": {
        "coordinates": [
          26.039334,
          45.208948
        ],
        "type": "Point"
      },
      "properties": {
        "calls": 19,
        "id": "52106",
        "name": "P.mac. Văleni Nord",
        "operator_count": 1,
        "operators": [
          "Transferoviar Calatori"
        ]
      },
      "type": "Feature"
    },
    {
      "geometry": {
        "coordinates": [
          26.024679,
          45.236432
        ],
        "type": "Point"
      },
      "properties": {
        "calls": 19,
        "id": "52118",
        "name": "Teişani Hm.",
        "operator_count": 1,
        "operators": [
          "Transferoviar Calatori"
        ]
      },
      "type": "Feature"
    },
    {
      "geometry": {
        "coordinates": [
          26.016252,
          45.267982
        ],
        "type": "Point"
      },
      "properties": {
        "calls": 19,
        "id": "52120",
        "name": "Homorâciu P.M.",
        "operator_count": 1,
        "operators": [
          "Transferoviar Calatori"
        ]
      },
      "type": "Feature"
    },
    {
      "geometry": {
        "coordinates": [
          26.002185,
          45.281121
        ],
        "type": "Point"
      },
      "properties": {
        "calls": 19,
        "id": "52132",
        "name": "Izvoarele h.",
        "operator_count": 1,
        "operators": [
          "Transferoviar Calatori"
        ]
      },
      "type": "Feature"
    },
    {
      "geometry": {
        "coordinates": [
          25.996479,
          45.298838
        ],
        "type": "Point"
      },
      "properties": {
        "calls": 19,
        "id": "52144",
        "name": "Măneciu Pamânteni h.",
        "operator_count": 1,
        "operators": [
          "Transferoviar Calatori"
        ]
      },
      "type": "Feature"
    },
    {
      "geometry": {
        "coordinates": [
          25.997504,
          45.315356
        ],
        "type": "Point"
      },
      "properties": {
        "calls": 19,
        "id": "52156",
        "name": "Măneciu",
        "operator_count": 1,
        "operators": [
          "Transferoviar Calatori"
        ]
      },
      "type": "Feature"
    },
    {
      "geometry": {
        "coordinates": [
          25.996696,
          45.310392
        ],
        "type": "Point"
      },
      "properties": {
        "calls": 19,
        "id": "52168",
        "name": "Gheaba 2 P.O",
        "operator_count": 1,
        "operators": [
          "Transferoviar Calatori"
        ]
      },
      "type": "Feature"
    },
    {
      "geometry": {
        "coordinates": [
          26.035356,
          45.125578
        ],
        "type": "Point"
      },
      "properties": {
        "calls": 19,
        "id": "52170",
        "name": "Măgurele Nord h.",
        "operator_count": 1,
        "operators": [
          "Transferoviar Calatori"
        ]
      },
      "type": "Feature"
    },
    {
      "geometry": {
        "coordinates": [
          26.772558,
          45.167365
        ],
        "type": "Point"
      },
      "properties": {
        "calls": 20,
        "id": "52259",
        "name": "Buzău Nord Hm.",
        "operator_count": 1,
        "operators": [
          "Transferoviar Calatori"
        ]
      },
      "type": "Feature"
    },
    {
      "geometry": {
        "coordinates": [
          26.73204,
          45.204679
        ],
        "type": "Point"
      },
      "properties": {
        "calls": 20,
        "id": "52261",
        "name": "Verneşti h.",
        "operator_count": 1,
        "operators": [
          "Transferoviar Calatori"
        ]
      },
      "type": "Feature"
    },
    {
      "geometry": {
        "coordinates": [
          26.715491,
          45.244732
        ],
        "type": "Point"
      },
      "properties": {
        "calls": 20,
        "id": "52273",
        "name": "Cândeşti h.",
        "operator_count": 1,
        "operators": [
          "Transferoviar Calatori"
        ]
      },
      "type": "Feature"
    },
    {
      "geometry": {
        "coordinates": [
          26.675211,
          45.278141
        ],
        "type": "Point"
      },
      "properties": {
        "calls": 20,
        "id": "52297",
        "name": "Berca",
        "operator_count": 1,
        "operators": [
          "Transferoviar Calatori"
        ]
      },
      "type": "Feature"
    },
    {
      "geometry": {
        "coordinates": [
          26.6502,
          45.280389
        ],
        "type": "Point"
      },
      "properties": {
        "calls": 20,
        "id": "52314",
        "name": "Ojasca h.",
        "operator_count": 1,
        "operators": [
          "Transferoviar Calatori"
        ]
      },
      "type": "Feature"
    },
    {
      "geometry": {
        "coordinates": [
          26.619108,
          45.283186
        ],
        "type": "Point"
      },
      "properties": {
        "calls": 20,
        "id": "52338",
        "name": "Unguriu h.",
        "operator_count": 1,
        "operators": [
          "Transferoviar Calatori"
        ]
      },
      "type": "Feature"
    },
    {
      "geometry": {
        "coordinates": [
          26.580774,
          45.281071
        ],
        "type": "Point"
      },
      "properties": {
        "calls": 20,
        "id": "52340",
        "name": "Măgura hcv.",
        "operator_count": 1,
        "operators": [
          "Transferoviar Calatori"
        ]
      },
      "type": "Feature"
    },
    {
      "geometry": {
        "coordinates": [
          26.55164,
          45.279115
        ],
        "type": "Point"
      },
      "properties": {
        "calls": 20,
        "id": "52364",
        "name": "Pârscov Hm.",
        "operator_count": 1,
        "operators": [
          "Transferoviar Calatori"
        ]
      },
      "type": "Feature"
    },
    {
      "geometry": {
        "coordinates": [
          26.509449,
          45.257417
        ],
        "type": "Point"
      },
      "properties": {
        "calls": 20,
        "id": "52376",
        "name": "Bădila h.",
        "operator_count": 1,
        "operators": [
          "Transferoviar Calatori"
        ]
      },
      "type": "Feature"
    },
    {
      "geometry": {
        "coordinates": [
          26.490795,
          45.241543
        ],
        "type": "Point"
      },
      "properties": {
        "calls": 20,
        "id": "52390",
        "name": "Ruşavăţu h.",
        "operator_count": 1,
        "operators": [
          "Transferoviar Calatori"
        ]
      },
      "type": "Feature"
    },
    {
      "geometry": {
        "coordinates": [
          26.454067,
          45.23121
        ],
        "type": "Point"
      },
      "properties": {
        "calls": 20,
        "id": "52405",
        "name": "Vipereşti h.",
        "operator_count": 1,
        "operators": [
          "Transferoviar Calatori"
        ]
      },
      "type": "Feature"
    },
    {
      "geometry": {
        "coordinates": [
          26.377693,
          45.246677
        ],
        "type": "Point"
      },
      "properties": {
        "calls": 20,
        "id": "52431",
        "name": "Cislău hcv.",
        "operator_count": 1,
        "operators": [
          "Transferoviar Calatori"
        ]
      },
      "type": "Feature"
    },
    {
      "geometry": {
        "coordinates": [
          26.362016,
          45.262911
        ],
        "type": "Point"
      },
      "properties": {
        "calls": 20,
        "id": "52443",
        "name": "Gura Bascii h.",
        "operator_count": 1,
        "operators": [
          "Transferoviar Calatori"
        ]
      },
      "type": "Feature"
    },
    {
      "geometry": {
        "coordinates": [
          26.362265,
          45.291809
        ],
        "type": "Point"
      },
      "properties": {
        "calls": 20,
        "id": "52455",
        "name": "Mărunţişu hcv.",
        "operator_count": 1,
        "operators": [
          "Transferoviar Calatori"
        ]
      },
      "type": "Feature"
    },
    {
      "geometry": {
        "coordinates": [
          26.358479,
          45.27433
        ],
        "type": "Point"
      },
      "properties": {
        "calls": 20,
        "id": "52467",
        "name": "Valea Seacă h.",
        "operator_count": 1,
        "operators": [
          "Transferoviar Calatori"
        ]
      },
      "type": "Feature"
    },
    {
      "geometry": {
        "coordinates": [
          26.358282,
          45.324742
        ],
        "type": "Point"
      },
      "properties": {
        "calls": 20,
        "id": "52479",
        "name": "Pătârlagele Hm.",
        "operator_count": 1,
        "operators": [
          "Transferoviar Calatori"
        ]
      },
      "type": "Feature"
    },
    {
      "geometry": {
        "coordinates": [
          26.348111,
          45.350334
        ],
        "type": "Point"
      },
      "properties": {
        "calls": 20,
        "id": "52481",
        "name": "Valea Sibiciului h.",
        "operator_count": 1,
        "operators": [
          "Transferoviar Calatori"
        ]
      },
      "type": "Feature"
    },
    {
      "geometry": {
        "coordinates": [
          26.323053,
          45.38132
        ],
        "type": "Point"
      },
      "properties": {
        "calls": 20,
        "id": "52508",
        "name": "Şeţu h.",
        "operator_count": 1,
        "operators": [
          "Transferoviar Calatori"
        ]
      },
      "type": "Feature"
    },
    {
      "geometry": {
        "coordinates": [
          26.3199,
          45.399375
        ],
        "type": "Point"
      },
      "properties": {
        "calls": 20,
        "id": "52510",
        "name": "Păltineni h.",
        "operator_count": 1,
        "operators": [
          "Transferoviar Calatori"
        ]
      },
      "type": "Feature"
    },
    {
      "geometry": {
        "coordinates": [
          26.307029,
          45.418433
        ],
        "type": "Point"
      },
      "properties": {
        "calls": 20,
        "id": "52522",
        "name": "Nehoiu h.",
        "operator_count": 1,
        "operators": [
          "Transferoviar Calatori"
        ]
      },
      "type": "Feature"
    },
    {
      "geometry": {
        "coordinates": [
          26.30615,
          45.431224
        ],
        "type": "Point"
      },
      "properties": {
        "calls": 20,
        "id": "52546",
        "name": "Nehoiaşu Hm.",
        "operator_count": 1,
        "operators": [
          "Transferoviar Calatori"
        ]
      },
      "type": "Feature"
    },
    {
      "geometry": {
        "coordinates": [
          27.090755,
          46.131817
        ],
        "type": "Point"
      },
      "properties": {
        "calls": 13,
        "id": "52857",
        "name": "Urecheşti Hm.",
        "operator_count": 1,
        "operators": [
          "CFR Călători"
        ]
      },
      "type": "Feature"
    },
    {
      "geometry": {
        "coordinates": [
          27.04487,
          46.132368
        ],
        "type": "Point"
      },
      "properties": {
        "calls": 13,
        "id": "52869",
        "name": "Cornăţel Moldova h.",
        "operator_count": 1,
        "operators": [
          "CFR Călători"
        ]
      },
      "type": "Feature"
    },
    {
      "geometry": {
        "coordinates": [
          26.989144,
          46.156606
        ],
        "type": "Point"
      },
      "properties": {
        "calls": 13,
        "id": "52883",
        "name": "Bâlca h.",
        "operator_count": 1,
        "operators": [
          "CFR Călători"
        ]
      },
      "type": "Feature"
    },
    {
      "geometry": {
        "coordinates": [
          26.929748,
          46.186577
        ],
        "type": "Point"
      },
      "properties": {
        "calls": 13,
        "id": "52900",
        "name": "Căiuţi Hm.",
        "operator_count": 1,
        "operators": [
          "CFR Călători"
        ]
      },
      "type": "Feature"
    },
    {
      "geometry": {
        "coordinates": [
          26.856259,
          46.221533
        ],
        "type": "Point"
      },
      "properties": {
        "calls": 13,
        "id": "52948",
        "name": "Borzeşti Bacău Hm.",
        "operator_count": 1,
        "operators": [
          "CFR Călători"
        ]
      },
      "type": "Feature"
    },
    {
      "geometry": {
        "coordinates": [
          26.816687,
          46.243992
        ],
        "type": "Point"
      },
      "properties": {
        "calls": 13,
        "id": "52986",
        "name": "Borzeşti Bacău h.",
        "operator_count": 1,
        "operators": [
          "CFR Călători"
        ]
      },
      "type": "Feature"
    },
    {
      "geometry": {
        "coordinates": [
          26.778034,
          46.259349
        ],
        "type": "Point"
      },
      "properties": {
        "calls": 16,
        "id": "53007",
        "name": "Oneşti",
        "operator_count": 1,
        "operators": [
          "CFR Călători"
        ]
      },
      "type": "Feature"
    },
    {
      "geometry": {
        "coordinates": [
          26.706091,
          46.26991
        ],
        "type": "Point"
      },
      "properties": {
        "calls": 7,
        "id": "53033",
        "name": "Trotuş h.",
        "operator_count": 1,
        "operators": [
          "CFR Călători"
        ]
      },
      "type": "Feature"
    },
    {
      "geometry": {
        "coordinates": [
          26.670272,
          46.274965
        ],
        "type": "Point"
      },
      "properties": {
        "calls": 12,
        "id": "53045",
        "name": "Viişoara h",
        "operator_count": 1,
        "operators": [
          "CFR Călători"
        ]
      },
      "type": "Feature"
    },
    {
      "geometry": {
        "coordinates": [
          26.626349,
          46.279224
        ],
        "type": "Point"
      },
      "properties": {
        "calls": 12,
        "id": "53069",
        "name": "Târgu Ocna Hm.",
        "operator_count": 1,
        "operators": [
          "CFR Călători"
        ]
      },
      "type": "Feature"
    },
    {
      "geometry": {
        "coordinates": [
          26.606551,
          46.282644
        ],
        "type": "Point"
      },
      "properties": {
        "calls": 14,
        "id": "53071",
        "name": "Saline hc.",
        "operator_count": 1,
        "operators": [
          "CFR Călători"
        ]
      },
      "type": "Feature"
    },
    {
      "geometry": {
        "coordinates": [
          26.56238,
          46.295449
        ],
        "type": "Point"
      },
      "properties": {
        "calls": 12,
        "id": "53083",
        "name": "Cireşoaia h.",
        "operator_count": 1,
        "operators": [
          "CFR Călători"
        ]
      },
      "type": "Feature"
    },
    {
      "geometry": {
        "coordinates": [
          26.534187,
          46.33108
        ],
        "type": "Point"
      },
      "properties": {
        "calls": 12,
        "id": "53095",
        "name": "Dofteana Bacău Hm.",
        "operator_count": 1,
        "operators": [
          "CFR Călători"
        ]
      },
      "type": "Feature"
    },
    {
      "geometry": {
        "coordinates": [
          26.500691,
          46.370912
        ],
        "type": "Point"
      },
      "properties": {
        "calls": 12,
        "id": "53124",
        "name": "Valea Uzului Haltă h.",
        "operator_count": 1,
        "operators": [
          "CFR Călători"
        ]
      },
      "type": "Feature"
    },
    {
      "geometry": {
        "coordinates": [
          26.49277,
          46.380348
        ],
        "type": "Point"
      },
      "properties": {
        "calls": 12,
        "id": "53150",
        "name": "Valea Uzului Hm.",
        "operator_count": 1,
        "operators": [
          "CFR Călători"
        ]
      },
      "type": "Feature"
    },
    {
      "geometry": {
        "coordinates": [
          26.449787,
          46.420945
        ],
        "type": "Point"
      },
      "properties": {
        "calls": 17,
        "id": "53174",
        "name": "Comăneşti",
        "operator_count": 1,
        "operators": [
          "CFR Călători"
        ]
      },
      "type": "Feature"
    },
    {
      "geometry": {
        "coordinates": [
          26.393187,
          46.432894
        ],
        "type": "Point"
      },
      "properties": {
        "calls": 12,
        "id": "53203",
        "name": "Asău Hm.",
        "operator_count": 1,
        "operators": [
          "CFR Călători"
        ]
      },
      "type": "Feature"
    },
    {
      "geometry": {
        "coordinates": [
          26.339539,
          46.443594
        ],
        "type": "Point"
      },
      "properties": {
        "calls": 12,
        "id": "53227",
        "name": "Caraliţa h.",
        "operator_count": 1,
        "operators": [
          "CFR Călători"
        ]
      },
      "type": "Feature"
    },
    {
      "geometry": {
        "coordinates": [
          26.290441,
          46.450986
        ],
        "type": "Point"
      },
      "properties": {
        "calls": 12,
        "id": "53239",
        "name": "Goioasa Hm.",
        "operator_count": 1,
        "operators": [
          "CFR Călători"
        ]
      },
      "type": "Feature"
    },
    {
      "geometry": {
        "coordinates": [
          26.216926,
          46.48934
        ],
        "type": "Point"
      },
      "properties": {
        "calls": 12,
        "id": "53241",
        "name": "Simbrea Hm.",
        "operator_count": 1,
        "operators": [
          "CFR Călători"
        ]
      },
      "type": "Feature"
    },
    {
      "geometry": {
        "coordinates": [
          26.172587,
          46.522673
        ],
        "type": "Point"
      },
      "properties": {
        "calls": 12,
        "id": "53253",
        "name": "Brusturoasa h.",
        "operator_count": 1,
        "operators": [
          "CFR Călători"
        ]
      },
      "type": "Feature"
    },
    {
      "geometry": {
        "coordinates": [
          26.128404,
          46.534517
        ],
        "type": "Point"
      },
      "properties": {
        "calls": 12,
        "id": "53265",
        "name": "Palanca Hm.",
        "operator_count": 1,
        "operators": [
          "CFR Călători"
        ]
      },
      "type": "Feature"
    },
    {
      "geometry": {
        "coordinates": [
          26.108405,
          46.557819
        ],
        "type": "Point"
      },
      "properties": {
        "calls": 14,
        "id": "53291",
        "name": "Ghimeş",
        "operator_count": 1,
        "operators": [
          "CFR Călători"
        ]
      },
      "type": "Feature"
    },
    {
      "geometry": {
        "coordinates": [
          26.04923,
          46.584101
        ],
        "type": "Point"
      },
      "properties": {
        "calls": 10,
        "id": "53318",
        "name": "Bolovăniş h.",
        "operator_count": 1,
        "operators": [
          "CFR Călători"
        ]
      },
      "type": "Feature"
    },
    {
      "geometry": {
        "coordinates": [
          25.995279,
          46.579119
        ],
        "type": "Point"
      },
      "properties": {
        "calls": 10,
        "id": "53332",
        "name": "Lunca de Mijloc Hm.",
        "operator_count": 1,
        "operators": [
          "CFR Călători"
        ]
      },
      "type": "Feature"
    },
    {
      "geometry": {
        "coordinates": [
          25.974335,
          46.567143
        ],
        "type": "Point"
      },
      "properties": {
        "calls": 10,
        "id": "53356",
        "name": "Tarcău h.",
        "operator_count": 1,
        "operators": [
          "CFR Călători"
        ]
      },
      "type": "Feature"
    },
    {
      "geometry": {
        "coordinates": [
          25.9637,
          46.537749
        ],
        "type": "Point"
      },
      "properties": {
        "calls": 10,
        "id": "53370",
        "name": "Lunca de Sus Hm.",
        "operator_count": 1,
        "operators": [
          "CFR Călători"
        ]
      },
      "type": "Feature"
    },
    {
      "geometry": {
        "coordinates": [
          25.923648,
          46.539202
        ],
        "type": "Point"
      },
      "properties": {
        "calls": 10,
        "id": "53382",
        "name": "Utuşoiu h.",
        "operator_count": 1,
        "operators": [
          "CFR Călători"
        ]
      },
      "type": "Feature"
    },
    {
      "geometry": {
        "coordinates": [
          25.889544,
          46.526134
        ],
        "type": "Point"
      },
      "properties": {
        "calls": 12,
        "id": "53394",
        "name": "Livezi Ciuc Hm.",
        "operator_count": 1,
        "operators": [
          "CFR Călători"
        ]
      },
      "type": "Feature"
    },
    {
      "geometry": {
        "coordinates": [
          25.827974,
          46.489409
        ],
        "type": "Point"
      },
      "properties": {
        "calls": 10,
        "id": "53409",
        "name": "Nădejdea Sat h.",
        "operator_count": 1,
        "operators": [
          "CFR Călători"
        ]
      },
      "type": "Feature"
    },
    {
      "geometry": {
        "coordinates": [
          25.832206,
          46.513116
        ],
        "type": "Point"
      },
      "properties": {
        "calls": 10,
        "id": "53411",
        "name": "Nădejdea Hm.",
        "operator_count": 1,
        "operators": [
          "CFR Călători"
        ]
      },
      "type": "Feature"
    },
    {
      "geometry": {
        "coordinates": [
          25.820026,
          46.469555
        ],
        "type": "Point"
      },
      "properties": {
        "calls": 10,
        "id": "53423",
        "name": "Mihăileni Hm.",
        "operator_count": 1,
        "operators": [
          "CFR Călători"
        ]
      },
      "type": "Feature"
    },
    {
      "geometry": {
        "coordinates": [
          25.858763,
          46.529973
        ],
        "type": "Point"
      },
      "properties": {
        "calls": 10,
        "id": "53435",
        "name": "Caracău h.",
        "operator_count": 1,
        "operators": [
          "CFR Călători"
        ]
      },
      "type": "Feature"
    },
    {
      "geometry": {
        "coordinates": [
          26.857951,
          46.627993
        ],
        "type": "Point"
      },
      "properties": {
        "calls": 8,
        "id": "53631",
        "name": "Hămeiuş h.",
        "operator_count": 1,
        "operators": [
          "CFR Călători"
        ]
      },
      "type": "Feature"
    },
    {
      "geometry": {
        "coordinates": [
          26.813943,
          46.657439
        ],
        "type": "Point"
      },
      "properties": {
        "calls": 9,
        "id": "53643",
        "name": "Gârleni Hm.",
        "operator_count": 1,
        "operators": [
          "CFR Călători"
        ]
      },
      "type": "Feature"
    },
    {
      "geometry": {
        "coordinates": [
          26.76867,
          46.665892
        ],
        "type": "Point"
      },
      "properties": {
        "calls": 8,
        "id": "53655",
        "name": "Lespezi Bacău h.",
        "operator_count": 1,
        "operators": [
          "CFR Călători"
        ]
      },
      "type": "Feature"
    },
    {
      "geometry": {
        "coordinates": [
          26.722269,
          46.70197
        ],
        "type": "Point"
      },
      "properties": {
        "calls": 8,
        "id": "53667",
        "name": "Racova h.",
        "operator_count": 1,
        "operators": [
          "CFR Călători"
        ]
      },
      "type": "Feature"
    },
    {
      "geometry": {
        "coordinates": [
          26.704325,
          46.709976
        ],
        "type": "Point"
      },
      "properties": {
        "calls": 10,
        "id": "53679",
        "name": "Buhuşi Hm.",
        "operator_count": 1,
        "operators": [
          "CFR Călători"
        ]
      },
      "type": "Feature"
    },
    {
      "geometry": {
        "coordinates": [
          26.654746,
          46.753496
        ],
        "type": "Point"
      },
      "properties": {
        "calls": 8,
        "id": "53693",
        "name": "Costişa h.",
        "operator_count": 1,
        "operators": [
          "CFR Călători"
        ]
      },
      "type": "Feature"
    },
    {
      "geometry": {
        "coordinates": [
          26.615649,
          46.797009
        ],
        "type": "Point"
      },
      "properties": {
        "calls": 10,
        "id": "53710",
        "name": "Podoleni Hm.",
        "operator_count": 1,
        "operators": [
          "CFR Călători"
        ]
      },
      "type": "Feature"
    },
    {
      "geometry": {
        "coordinates": [
          26.548627,
          46.822216
        ],
        "type": "Point"
      },
      "properties": {
        "calls": 8,
        "id": "53734",
        "name": "Zăneşti Neamţ h.",
        "operator_count": 1,
        "operators": [
          "CFR Călători"
        ]
      },
      "type": "Feature"
    },
    {
      "geometry": {
        "coordinates": [
          26.508924,
          46.838858
        ],
        "type": "Point"
      },
      "properties": {
        "calls": 10,
        "id": "53758",
        "name": "Roznov",
        "operator_count": 1,
        "operators": [
          "CFR Călători"
        ]
      },
      "type": "Feature"
    },
    {
      "geometry": {
        "coordinates": [
          26.469699,
          46.865756
        ],
        "type": "Point"
      },
      "properties": {
        "calls": 8,
        "id": "53760",
        "name": "Săvineşti h.",
        "operator_count": 1,
        "operators": [
          "CFR Călători"
        ]
      },
      "type": "Feature"
    },
    {
      "geometry": {
        "coordinates": [
          26.418881,
          46.900539
        ],
        "type": "Point"
      },
      "properties": {
        "calls": 8,
        "id": "53784",
        "name": "Dumbrava h.",
        "operator_count": 1,
        "operators": [
          "CFR Călători"
        ]
      },
      "type": "Feature"
    },
    {
      "geometry": {
        "coordinates": [
          26.361226,
          46.926698
        ],
        "type": "Point"
      },
      "properties": {
        "calls": 12,
        "id": "53813",
        "name": "Piatra Neamţ",
        "operator_count": 1,
        "operators": [
          "CFR Călători"
        ]
      },
      "type": "Feature"
    },
    {
      "geometry": {
        "coordinates": [
          26.257719,
          46.93507
        ],
        "type": "Point"
      },
      "properties": {
        "calls": 4,
        "id": "53851",
        "name": "Vaduri h.",
        "operator_count": 1,
        "operators": [
          "CFR Călători"
        ]
      },
      "type": "Feature"
    },
    {
      "geometry": {
        "coordinates": [
          26.204488,
          46.93015
        ],
        "type": "Point"
      },
      "properties": {
        "calls": 4,
        "id": "53863",
        "name": "Pângăraţi P.O.",
        "operator_count": 1,
        "operators": [
          "CFR Călători"
        ]
      },
      "type": "Feature"
    },
    {
      "geometry": {
        "coordinates": [
          26.176296,
          46.91538
        ],
        "type": "Point"
      },
      "properties": {
        "calls": 4,
        "id": "53875",
        "name": "Stejaru h.",
        "operator_count": 1,
        "operators": [
          "CFR Călători"
        ]
      },
      "type": "Feature"
    },
    {
      "geometry": {
        "coordinates": [
          26.147146,
          46.893683
        ],
        "type": "Point"
      },
      "properties": {
        "calls": 4,
        "id": "53887",
        "name": "Tarcău Neamţ Hm.",
        "operator_count": 1,
        "operators": [
          "CFR Călători"
        ]
      },
      "type": "Feature"
    },
    {
      "geometry": {
        "coordinates": [
          26.09894,
          46.908072
        ],
        "type": "Point"
      },
      "properties": {
        "calls": 4,
        "id": "53916",
        "name": "Bicaz Hm.",
        "operator_count": 1,
        "operators": [
          "CFR Călători"
        ]
      },
      "type": "Feature"
    },
    {
      "geometry": {
        "coordinates": [
          26.447573,
          47.668186
        ],
        "type": "Point"
      },
      "properties": {
        "calls": 10,
        "id": "54130",
        "name": "Bursuceni h.",
        "operator_count": 1,
        "operators": [
          "CFR Călători"
        ]
      },
      "type": "Feature"
    },
    {
      "geometry": {
        "coordinates": [
          26.442147,
          47.761946
        ],
        "type": "Point"
      },
      "properties": {
        "calls": 14,
        "id": "54154",
        "name": "Bucecea Hm",
        "operator_count": 1,
        "operators": [
          "CFR Călători"
        ]
      },
      "type": "Feature"
    },
    {
      "geometry": {
        "coordinates": [
          26.481398,
          47.816853
        ],
        "type": "Point"
      },
      "properties": {
        "calls": 14,
        "id": "54180",
        "name": "Leorda Hm.",
        "operator_count": 1,
        "operators": [
          "CFR Călători"
        ]
      },
      "type": "Feature"
    },
    {
      "geometry": {
        "coordinates": [
          26.644306,
          47.753653
        ],
        "type": "Point"
      },
      "properties": {
        "calls": 14,
        "id": "54233",
        "name": "Botoşani",
        "operator_count": 1,
        "operators": [
          "CFR Călători"
        ]
      },
      "type": "Feature"
    },
    {
      "geometry": {
        "coordinates": [
          26.392433,
          47.962142
        ],
        "type": "Point"
      },
      "properties": {
        "calls": 11,
        "id": "54374",
        "name": "Dorohoi Hm.",
        "operator_count": 1,
        "operators": [
          "Regio Călători"
        ]
      },
      "type": "Feature"
    },
    {
      "geometry": {
        "coordinates": [
          26.223396,
          47.647752
        ],
        "type": "Point"
      },
      "properties": {
        "calls": 4,
        "id": "54439",
        "name": "Suceava Vest Hm.",
        "operator_count": 1,
        "operators": [
          "CFR Călători"
        ]
      },
      "type": "Feature"
    },
    {
      "geometry": {
        "coordinates": [
          26.112992,
          47.615957
        ],
        "type": "Point"
      },
      "properties": {
        "calls": 5,
        "id": "54465",
        "name": "Stroieşti Hm.",
        "operator_count": 1,
        "operators": [
          "CFR Călători"
        ]
      },
      "type": "Feature"
    },
    {
      "geometry": {
        "coordinates": [
          26.107889,
          47.558176
        ],
        "type": "Point"
      },
      "properties": {
        "calls": 4,
        "id": "54489",
        "name": "Ciprian Porumbescu Hm.",
        "operator_count": 1,
        "operators": [
          "CFR Călători"
        ]
      },
      "type": "Feature"
    },
    {
      "geometry": {
        "coordinates": [
          26.102085,
          47.505689
        ],
        "type": "Point"
      },
      "properties": {
        "calls": 4,
        "id": "54506",
        "name": "Lucăceşti h.",
        "operator_count": 1,
        "operators": [
          "CFR Călători"
        ]
      },
      "type": "Feature"
    },
    {
      "geometry": {
        "coordinates": [
          26.019547,
          47.515897
        ],
        "type": "Point"
      },
      "properties": {
        "calls": 4,
        "id": "54520",
        "name": "Berchişeşti Hm.",
        "operator_count": 1,
        "operators": [
          "CFR Călători"
        ]
      },
      "type": "Feature"
    },
    {
      "geometry": {
        "coordinates": [
          25.941876,
          47.552594
        ],
        "type": "Point"
      },
      "properties": {
        "calls": 4,
        "id": "54544",
        "name": "Gura Humorului Hm.",
        "operator_count": 1,
        "operators": [
          "CFR Călători"
        ]
      },
      "type": "Feature"
    },
    {
      "geometry": {
        "coordinates": [
          25.883856,
          47.55094
        ],
        "type": "Point"
      },
      "properties": {
        "calls": 14,
        "id": "54556",
        "name": "Gura Humorului Oraş",
        "operator_count": 1,
        "operators": [
          "CFR Călători"
        ]
      },
      "type": "Feature"
    },
    {
      "geometry": {
        "coordinates": [
          25.792189,
          47.541869
        ],
        "type": "Point"
      },
      "properties": {
        "calls": 14,
        "id": "54570",
        "name": "Frasin Hm.",
        "operator_count": 1,
        "operators": [
          "CFR Călători"
        ]
      },
      "type": "Feature"
    },
    {
      "geometry": {
        "coordinates": [
          25.734383,
          47.566436
        ],
        "type": "Point"
      },
      "properties": {
        "calls": 4,
        "id": "54594",
        "name": "Molid Hm.",
        "operator_count": 1,
        "operators": [
          "CFR Călători"
        ]
      },
      "type": "Feature"
    },
    {
      "geometry": {
        "coordinates": [
          25.677482,
          47.552543
        ],
        "type": "Point"
      },
      "properties": {
        "calls": 14,
        "id": "54609",
        "name": "Vama Hm.",
        "operator_count": 1,
        "operators": [
          "CFR Călători"
        ]
      },
      "type": "Feature"
    },
    {
      "geometry": {
        "coordinates": [
          25.66048,
          47.540066
        ],
        "type": "Point"
      },
      "properties": {
        "calls": 4,
        "id": "54611",
        "name": "Prisaca Dornei Hm.",
        "operator_count": 1,
        "operators": [
          "CFR Călători"
        ]
      },
      "type": "Feature"
    },
    {
      "geometry": {
        "coordinates": [
          25.596903,
          47.517482
        ],
        "type": "Point"
      },
      "properties": {
        "calls": 14,
        "id": "54635",
        "name": "Câmpulung Est Hm.",
        "operator_count": 1,
        "operators": [
          "CFR Călători"
        ]
      },
      "type": "Feature"
    },
    {
      "geometry": {
        "coordinates": [
          25.552923,
          47.533846
        ],
        "type": "Point"
      },
      "properties": {
        "calls": 14,
        "id": "54661",
        "name": "Câmpulung Moldov.",
        "operator_count": 1,
        "operators": [
          "CFR Călători"
        ]
      },
      "type": "Feature"
    },
    {
      "geometry": {
        "coordinates": [
          25.510557,
          47.537008
        ],
        "type": "Point"
      },
      "properties": {
        "calls": 4,
        "id": "54697",
        "name": "Sadova Hm.",
        "operator_count": 1,
        "operators": [
          "CFR Călători"
        ]
      },
      "type": "Feature"
    },
    {
      "geometry": {
        "coordinates": [
          25.476105,
          47.525497
        ],
        "type": "Point"
      },
      "properties": {
        "calls": 14,
        "id": "54702",
        "name": "Pojorâta Hm.",
        "operator_count": 1,
        "operators": [
          "CFR Călători"
        ]
      },
      "type": "Feature"
    },
    {
      "geometry": {
        "coordinates": [
          25.384956,
          47.489387
        ],
        "type": "Point"
      },
      "properties": {
        "calls": 4,
        "id": "54726",
        "name": "Valea Putnei P.M.",
        "operator_count": 1,
        "operators": [
          "CFR Călători"
        ]
      },
      "type": "Feature"
    },
    {
      "geometry": {
        "coordinates": [
          25.340306,
          47.450973
        ],
        "type": "Point"
      },
      "properties": {
        "calls": 14,
        "id": "54740",
        "name": "Mestecăniş Hm.",
        "operator_count": 1,
        "operators": [
          "CFR Călători"
        ]
      },
      "type": "Feature"
    },
    {
      "geometry": {
        "coordinates": [
          25.308292,
          47.43004
        ],
        "type": "Point"
      },
      "properties": {
        "calls": 14,
        "id": "54764",
        "name": "Iacobeni",
        "operator_count": 1,
        "operators": [
          "CFR Călători"
        ]
      },
      "type": "Feature"
    },
    {
      "geometry": {
        "coordinates": [
          25.320692,
          47.382412
        ],
        "type": "Point"
      },
      "properties": {
        "calls": 4,
        "id": "54788",
        "name": "Argestru Hm.",
        "operator_count": 1,
        "operators": [
          "CFR Călători"
        ]
      },
      "type": "Feature"
    },
    {
      "geometry": {
        "coordinates": [
          25.357746,
          47.35224
        ],
        "type": "Point"
      },
      "properties": {
        "calls": 16,
        "id": "54817",
        "name": "Vatra Dornei",
        "operator_count": 1,
        "operators": [
          "CFR Călători"
        ]
      },
      "type": "Feature"
    },
    {
      "geometry": {
        "coordinates": [
          25.358185,
          47.346644
        ],
        "type": "Point"
      },
      "properties": {
        "calls": 16,
        "id": "54843",
        "name": "Vatra Dornei Băi hc.",
        "operator_count": 1,
        "operators": [
          "CFR Călători"
        ]
      },
      "type": "Feature"
    },
    {
      "geometry": {
        "coordinates": [
          25.304515,
          47.353499
        ],
        "type": "Point"
      },
      "properties": {
        "calls": 6,
        "id": "54867",
        "name": "Roşu Hm.",
        "operator_count": 1,
        "operators": [
          "CFR Călători"
        ]
      },
      "type": "Feature"
    },
    {
      "geometry": {
        "coordinates": [
          25.25604,
          47.358132
        ],
        "type": "Point"
      },
      "properties": {
        "calls": 6,
        "id": "54879",
        "name": "Dorna Candrenilor h.",
        "operator_count": 1,
        "operators": [
          "CFR Călători"
        ]
      },
      "type": "Feature"
    },
    {
      "geometry": {
        "coordinates": [
          25.222668,
          47.359307
        ],
        "type": "Point"
      },
      "properties": {
        "calls": 8,
        "id": "54881",
        "name": "Floreni Hm.",
        "operator_count": 1,
        "operators": [
          "CFR Călători"
        ]
      },
      "type": "Feature"
    },
    {
      "geometry": {
        "coordinates": [
          25.151213,
          47.371629
        ],
        "type": "Point"
      },
      "properties": {
        "calls": 6,
        "id": "54908",
        "name": "Coşna Hm.",
        "operator_count": 1,
        "operators": [
          "CFR Călători"
        ]
      },
      "type": "Feature"
    },
    {
      "geometry": {
        "coordinates": [
          25.064498,
          47.342142
        ],
        "type": "Point"
      },
      "properties": {
        "calls": 6,
        "id": "54922",
        "name": "Grădiniţa Hm.",
        "operator_count": 1,
        "operators": [
          "CFR Călători"
        ]
      },
      "type": "Feature"
    },
    {
      "geometry": {
        "coordinates": [
          25.024526,
          47.332145
        ],
        "type": "Point"
      },
      "properties": {
        "calls": 6,
        "id": "54946",
        "name": "Larion Hm.",
        "operator_count": 1,
        "operators": [
          "CFR Călători"
        ]
      },
      "type": "Feature"
    },
    {
      "geometry": {
        "coordinates": [
          25.011138,
          47.348312
        ],
        "type": "Point"
      },
      "properties": {
        "calls": 6,
        "id": "54958",
        "name": "Silhoasa Hm.",
        "operator_count": 1,
        "operators": [
          "CFR Călători"
        ]
      },
      "type": "Feature"
    },
    {
      "geometry": {
        "coordinates": [
          24.963715,
          47.367162
        ],
        "type": "Point"
      },
      "properties": {
        "calls": 18,
        "id": "54972",
        "name": "Lunca Ilvei",
        "operator_count": 2,
        "operators": [
          "InterRegional Călători",
          "CFR Călători"
        ]
      },
      "type": "Feature"
    },
    {
      "geometry": {
        "coordinates": [
          24.872468,
          47.364147
        ],
        "type": "Point"
      },
      "properties": {
        "calls": 10,
        "id": "54996",
        "name": "Ilva Mare Hm.",
        "operator_count": 2,
        "operators": [
          "InterRegional Călători",
          "CFR Călători"
        ]
      },
      "type": "Feature"
    },
    {
      "geometry": {
        "coordinates": [
          24.792518,
          47.379773
        ],
        "type": "Point"
      },
      "properties": {
        "calls": 18,
        "id": "55005",
        "name": "Măgura Ilvei Hm.",
        "operator_count": 2,
        "operators": [
          "InterRegional Călători",
          "CFR Călători"
        ]
      },
      "type": "Feature"
    },
    {
      "geometry": {
        "coordinates": [
          24.74125,
          47.369316
        ],
        "type": "Point"
      },
      "properties": {
        "calls": 11,
        "id": "55017",
        "name": "Poiana Ilvei",
        "operator_count": 2,
        "operators": [
          "InterRegional Călători",
          "CFR Călători"
        ]
      },
      "type": "Feature"
    },
    {
      "geometry": {
        "coordinates": [
          24.691773,
          47.315572
        ],
        "type": "Point"
      },
      "properties": {
        "calls": 10,
        "id": "55031",
        "name": "Leşu Ilvei Hm.",
        "operator_count": 2,
        "operators": [
          "InterRegional Călători",
          "CFR Călători"
        ]
      },
      "type": "Feature"
    },
    {
      "geometry": {
        "coordinates": [
          24.667754,
          47.304459
        ],
        "type": "Point"
      },
      "properties": {
        "calls": 10,
        "id": "55043",
        "name": "Strâmba h.",
        "operator_count": 2,
        "operators": [
          "InterRegional Călători",
          "CFR Călători"
        ]
      },
      "type": "Feature"
    },
    {
      "geometry": {
        "coordinates": [
          24.63804,
          47.30589
        ],
        "type": "Point"
      },
      "properties": {
        "calls": 27,
        "id": "55110",
        "name": "Ilva Mică Hm.",
        "operator_count": 2,
        "operators": [
          "InterRegional Călători",
          "CFR Călători"
        ]
      },
      "type": "Feature"
    },
    {
      "geometry": {
        "coordinates": [
          24.6168,
          47.285555
        ],
        "type": "Point"
      },
      "properties": {
        "calls": 14,
        "id": "55134",
        "name": "Podereia Feldrului h.",
        "operator_count": 2,
        "operators": [
          "InterRegional Călători",
          "CFR Călători"
        ]
      },
      "type": "Feature"
    },
    {
      "geometry": {
        "coordinates": [
          24.593439,
          47.275247
        ],
        "type": "Point"
      },
      "properties": {
        "calls": 15,
        "id": "55146",
        "name": "Feldru Hm.",
        "operator_count": 2,
        "operators": [
          "InterRegional Călători",
          "CFR Călători"
        ]
      },
      "type": "Feature"
    },
    {
      "geometry": {
        "coordinates": [
          24.536831,
          47.279271
        ],
        "type": "Point"
      },
      "properties": {
        "calls": 15,
        "id": "55158",
        "name": "Nepos h.",
        "operator_count": 2,
        "operators": [
          "InterRegional Călători",
          "CFR Călători"
        ]
      },
      "type": "Feature"
    },
    {
      "geometry": {
        "coordinates": [
          24.47191,
          47.287557
        ],
        "type": "Point"
      },
      "properties": {
        "calls": 13,
        "id": "55172",
        "name": "Rebrişoara Hm.",
        "operator_count": 2,
        "operators": [
          "InterRegional Călători",
          "CFR Călători"
        ]
      },
      "type": "Feature"
    },
    {
      "geometry": {
        "coordinates": [
          24.410938,
          47.281218
        ],
        "type": "Point"
      },
      "properties": {
        "calls": 23,
        "id": "55184",
        "name": "Năsăud",
        "operator_count": 2,
        "operators": [
          "InterRegional Călători",
          "CFR Călători"
        ]
      },
      "type": "Feature"
    },
    {
      "geometry": {
        "coordinates": [
          26.090374,
          47.713029
        ],
        "type": "Point"
      },
      "properties": {
        "calls": 6,
        "id": "55237",
        "name": "Părhăuţi h.",
        "operator_count": 1,
        "operators": [
          "CFR Călători"
        ]
      },
      "type": "Feature"
    },
    {
      "geometry": {
        "coordinates": [
          26.04275,
          47.692472
        ],
        "type": "Point"
      },
      "properties": {
        "calls": 6,
        "id": "55251",
        "name": "Todireşti h.",
        "operator_count": 1,
        "operators": [
          "CFR Călători"
        ]
      },
      "type": "Feature"
    },
    {
      "geometry": {
        "coordinates": [
          26.00836,
          47.667005
        ],
        "type": "Point"
      },
      "properties": {
        "calls": 6,
        "id": "55263",
        "name": "Soloneţ h.",
        "operator_count": 1,
        "operators": [
          "CFR Călători"
        ]
      },
      "type": "Feature"
    },
    {
      "geometry": {
        "coordinates": [
          25.976218,
          47.644666
        ],
        "type": "Point"
      },
      "properties": {
        "calls": 6,
        "id": "55275",
        "name": "Pârteşti h.",
        "operator_count": 1,
        "operators": [
          "CFR Călători"
        ]
      },
      "type": "Feature"
    },
    {
      "geometry": {
        "coordinates": [
          25.930147,
          47.638684
        ],
        "type": "Point"
      },
      "properties": {
        "calls": 6,
        "id": "55287",
        "name": "Cacica Hm.",
        "operator_count": 1,
        "operators": [
          "CFR Călători"
        ]
      },
      "type": "Feature"
    },
    {
      "geometry": {
        "coordinates": [
          25.929961,
          47.846029
        ],
        "type": "Point"
      },
      "properties": {
        "calls": 10,
        "id": "55770",
        "name": "Radauti Gara Mica h.",
        "operator_count": 1,
        "operators": [
          "CFR Călători"
        ]
      },
      "type": "Feature"
    },
    {
      "geometry": {
        "coordinates": [
          25.909989,
          47.839574
        ],
        "type": "Point"
      },
      "properties": {
        "calls": 10,
        "id": "55782",
        "name": "Rădăuţi Hm.",
        "operator_count": 1,
        "operators": [
          "CFR Călători"
        ]
      },
      "type": "Feature"
    },
    {
      "geometry": {
        "coordinates": [
          25.86063,
          47.867641
        ],
        "type": "Point"
      },
      "properties": {
        "calls": 10,
        "id": "55809",
        "name": "Horodnicu h.",
        "operator_count": 1,
        "operators": [
          "CFR Călători"
        ]
      },
      "type": "Feature"
    },
    {
      "geometry": {
        "coordinates": [
          25.802432,
          47.906199
        ],
        "type": "Point"
      },
      "properties": {
        "calls": 10,
        "id": "55823",
        "name": "Gălăneşti PO",
        "operator_count": 1,
        "operators": [
          "CFR Călători"
        ]
      },
      "type": "Feature"
    },
    {
      "geometry": {
        "coordinates": [
          25.740443,
          47.904926
        ],
        "type": "Point"
      },
      "properties": {
        "calls": 10,
        "id": "55835",
        "name": "Vicov h.",
        "operator_count": 1,
        "operators": [
          "CFR Călători"
        ]
      },
      "type": "Feature"
    },
    {
      "geometry": {
        "coordinates": [
          25.726344,
          47.903874
        ],
        "type": "Point"
      },
      "properties": {
        "calls": 10,
        "id": "55847",
        "name": "Vicovu de Jos h.",
        "operator_count": 1,
        "operators": [
          "CFR Călători"
        ]
      },
      "type": "Feature"
    },
    {
      "geometry": {
        "coordinates": [
          25.693705,
          47.909748
        ],
        "type": "Point"
      },
      "properties": {
        "calls": 10,
        "id": "55859",
        "name": "Vicovu de Sus h.",
        "operator_count": 1,
        "operators": [
          "CFR Călători"
        ]
      },
      "type": "Feature"
    },
    {
      "geometry": {
        "coordinates": [
          25.644323,
          47.914278
        ],
        "type": "Point"
      },
      "properties": {
        "calls": 10,
        "id": "55861",
        "name": "Bivolăria h.",
        "operator_count": 1,
        "operators": [
          "CFR Călători"
        ]
      },
      "type": "Feature"
    },
    {
      "geometry": {
        "coordinates": [
          25.622988,
          47.914922
        ],
        "type": "Point"
      },
      "properties": {
        "calls": 10,
        "id": "55873",
        "name": "Gura Putnei h.",
        "operator_count": 1,
        "operators": [
          "CFR Călători"
        ]
      },
      "type": "Feature"
    },
    {
      "geometry": {
        "coordinates": [
          25.614843,
          47.870277
        ],
        "type": "Point"
      },
      "properties": {
        "calls": 10,
        "id": "56035",
        "name": "Putna Hm.",
        "operator_count": 1,
        "operators": [
          "CFR Călători"
        ]
      },
      "type": "Feature"
    },
    {
      "geometry": {
        "coordinates": [
          25.615352,
          47.880333
        ],
        "type": "Point"
      },
      "properties": {
        "calls": 10,
        "id": "56047",
        "name": "Putna Centru h.",
        "operator_count": 1,
        "operators": [
          "CFR Călători"
        ]
      },
      "type": "Feature"
    },
    {
      "geometry": {
        "coordinates": [
          25.610535,
          47.893603
        ],
        "type": "Point"
      },
      "properties": {
        "calls": 10,
        "id": "56061",
        "name": "Putna Troita h.",
        "operator_count": 1,
        "operators": [
          "CFR Călători"
        ]
      },
      "type": "Feature"
    },
    {
      "geometry": {
        "coordinates": [
          26.670826,
          47.275744
        ],
        "type": "Point"
      },
      "properties": {
        "calls": 6,
        "id": "56114",
        "name": "Topile h.",
        "operator_count": 1,
        "operators": [
          "CFR Călători"
        ]
      },
      "type": "Feature"
    },
    {
      "geometry": {
        "coordinates": [
          26.577197,
          47.266486
        ],
        "type": "Point"
      },
      "properties": {
        "calls": 6,
        "id": "56126",
        "name": "Cristeşti Paşcani h.",
        "operator_count": 1,
        "operators": [
          "CFR Călători"
        ]
      },
      "type": "Feature"
    },
    {
      "geometry": {
        "coordinates": [
          26.540117,
          47.244169
        ],
        "type": "Point"
      },
      "properties": {
        "calls": 6,
        "id": "56138",
        "name": "Timişeşti PO.",
        "operator_count": 1,
        "operators": [
          "CFR Călători"
        ]
      },
      "type": "Feature"
    },
    {
      "geometry": {
        "coordinates": [
          26.455231,
          47.220697
        ],
        "type": "Point"
      },
      "properties": {
        "calls": 6,
        "id": "56140",
        "name": "Plăieşu h.",
        "operator_count": 1,
        "operators": [
          "CFR Călători"
        ]
      },
      "type": "Feature"
    },
    {
      "geometry": {
        "coordinates": [
          26.360465,
          47.199745
        ],
        "type": "Point"
      },
      "properties": {
        "calls": 6,
        "id": "56152",
        "name": "Târgu Neamţ Hm.",
        "operator_count": 1,
        "operators": [
          "CFR Călători"
        ]
      },
      "type": "Feature"
    },
    {
      "geometry": {
        "coordinates": [
          26.42593,
          47.209366
        ],
        "type": "Point"
      },
      "properties": {
        "calls": 6,
        "id": "56164",
        "name": "Sfântu Mina h.",
        "operator_count": 1,
        "operators": [
          "CFR Călători"
        ]
      },
      "type": "Feature"
    },
    {
      "geometry": {
        "coordinates": [
          24.169385,
          46.108973
        ],
        "type": "Point"
      },
      "properties": {
        "calls": 8,
        "id": "57118",
        "name": "Şeica Mică h.",
        "operator_count": 1,
        "operators": [
          "CFR Călători"
        ]
      },
      "type": "Feature"
    },
    {
      "geometry": {
        "coordinates": [
          24.961905,
          46.23979
        ],
        "type": "Point"
      },
      "properties": {
        "calls": 10,
        "id": "57132",
        "name": "Saschiz h.",
        "operator_count": 1,
        "operators": [
          "CFR Călători"
        ]
      },
      "type": "Feature"
    },
    {
      "geometry": {
        "coordinates": [
          24.213202,
          46.796218
        ],
        "type": "Point"
      },
      "properties": {
        "calls": 8,
        "id": "57156",
        "name": "Ţăgşor h.",
        "operator_count": 1,
        "operators": [
          "Regio Călători"
        ]
      },
      "type": "Feature"
    },
    {
      "geometry": {
        "coordinates": [
          24.334918,
          46.335815
        ],
        "type": "Point"
      },
      "properties": {
        "calls": 8,
        "id": "57182",
        "name": "Şeuca h.",
        "operator_count": 1,
        "operators": [
          "Regio Călători"
        ]
      },
      "type": "Feature"
    },
    {
      "geometry": {
        "coordinates": [
          25.63521,
          45.66727
        ],
        "type": "Point"
      },
      "properties": {
        "calls": 28,
        "id": "57223",
        "name": "Pav. CFR Braşov Triaj h.",
        "operator_count": 2,
        "operators": [
          "Regio Călători",
          "CFR Călători"
        ]
      },
      "type": "Feature"
    },
    {
      "geometry": {
        "coordinates": [
          27.423228,
          45.835275
        ],
        "type": "Point"
      },
      "properties": {
        "calls": 28,
        "id": "60309",
        "name": "Tecuci",
        "operator_count": 2,
        "operators": [
          "Regio Călători",
          "CFR Călători"
        ]
      },
      "type": "Feature"
    },
    {
      "geometry": {
        "coordinates": [
          27.411614,
          45.84572
        ],
        "type": "Point"
      },
      "properties": {
        "calls": 14,
        "id": "60335",
        "name": "Tecuci Nord h.(605)",
        "operator_count": 3,
        "operators": [
          "Regio Călători",
          "Ferotrafic - T.F.I. S.R.L.",
          "CFR Călători"
        ]
      },
      "type": "Feature"
    },
    {
      "geometry": {
        "coordinates": [
          27.420023,
          45.901116
        ],
        "type": "Point"
      },
      "properties": {
        "calls": 6,
        "id": "60373",
        "name": "Frunzeasca Hm.",
        "operator_count": 1,
        "operators": [
          "CFR Călători"
        ]
      },
      "type": "Feature"
    },
    {
      "geometry": {
        "coordinates": [
          27.431794,
          45.928851
        ],
        "type": "Point"
      },
      "properties": {
        "calls": 4,
        "id": "60385",
        "name": "Rateş Munteni h.",
        "operator_count": 1,
        "operators": [
          "CFR Călători"
        ]
      },
      "type": "Feature"
    },
    {
      "geometry": {
        "coordinates": [
          27.438986,
          45.975162
        ],
        "type": "Point"
      },
      "properties": {
        "calls": 4,
        "id": "60402",
        "name": "Berheci Hm.",
        "operator_count": 1,
        "operators": [
          "CFR Călători"
        ]
      },
      "type": "Feature"
    },
    {
      "geometry": {
        "coordinates": [
          27.457753,
          46.045041
        ],
        "type": "Point"
      },
      "properties": {
        "calls": 5,
        "id": "60426",
        "name": "Nichişeni Hm.",
        "operator_count": 1,
        "operators": [
          "CFR Călători"
        ]
      },
      "type": "Feature"
    },
    {
      "geometry": {
        "coordinates": [
          27.478255,
          46.075707
        ],
        "type": "Point"
      },
      "properties": {
        "calls": 4,
        "id": "60438",
        "name": "Ghidigeni Hm.",
        "operator_count": 1,
        "operators": [
          "CFR Călători"
        ]
      },
      "type": "Feature"
    },
    {
      "geometry": {
        "coordinates": [
          27.554345,
          46.110208
        ],
        "type": "Point"
      },
      "properties": {
        "calls": 6,
        "id": "60452",
        "name": "Tutova Hm.",
        "operator_count": 2,
        "operators": [
          "Regio Călători",
          "CFR Călători"
        ]
      },
      "type": "Feature"
    },
    {
      "geometry": {
        "coordinates": [
          27.59986,
          46.16139
        ],
        "type": "Point"
      },
      "properties": {
        "calls": 4,
        "id": "60476",
        "name": "Dragalina h.",
        "operator_count": 1,
        "operators": [
          "CFR Călători"
        ]
      },
      "type": "Feature"
    },
    {
      "geometry": {
        "coordinates": [
          27.673748,
          46.215162
        ],
        "type": "Point"
      },
      "properties": {
        "calls": 66,
        "id": "60490",
        "name": "Bârlad",
        "operator_count": 4,
        "operators": [
          "Regio Călători",
          "Transferoviar Calatori",
          "Ferotrafic - T.F.I. S.R.L.",
          "CFR Călători"
        ]
      },
      "type": "Feature"
    },
    {
      "geometry": {
        "coordinates": [
          27.726413,
          46.266974
        ],
        "type": "Point"
      },
      "properties": {
        "calls": 12,
        "id": "60517",
        "name": "Zorleni Hm.",
        "operator_count": 2,
        "operators": [
          "Regio Călători",
          "CFR Călători"
        ]
      },
      "type": "Feature"
    },
    {
      "geometry": {
        "coordinates": [
          27.792151,
          46.336052
        ],
        "type": "Point"
      },
      "properties": {
        "calls": 12,
        "id": "60531",
        "name": "Banca h.",
        "operator_count": 2,
        "operators": [
          "Regio Călători",
          "CFR Călători"
        ]
      },
      "type": "Feature"
    },
    {
      "geometry": {
        "coordinates": [
          27.821662,
          46.375772
        ],
        "type": "Point"
      },
      "properties": {
        "calls": 8,
        "id": "60555",
        "name": "Dodeşti h.",
        "operator_count": 1,
        "operators": [
          "CFR Călători"
        ]
      },
      "type": "Feature"
    },
    {
      "geometry": {
        "coordinates": [
          27.833914,
          46.430477
        ],
        "type": "Point"
      },
      "properties": {
        "calls": 8,
        "id": "60579",
        "name": "Roşieşti h.",
        "operator_count": 1,
        "operators": [
          "CFR Călători"
        ]
      },
      "type": "Feature"
    },
    {
      "geometry": {
        "coordinates": [
          27.824385,
          46.50705
        ],
        "type": "Point"
      },
      "properties": {
        "calls": 24,
        "id": "60593",
        "name": "Crasna Hm.",
        "operator_count": 2,
        "operators": [
          "Regio Călători",
          "CFR Călători"
        ]
      },
      "type": "Feature"
    },
    {
      "geometry": {
        "coordinates": [
          27.783067,
          46.559481
        ],
        "type": "Point"
      },
      "properties": {
        "calls": 8,
        "id": "60610",
        "name": "Bulboaca h.",
        "operator_count": 1,
        "operators": [
          "CFR Călători"
        ]
      },
      "type": "Feature"
    },
    {
      "geometry": {
        "coordinates": [
          27.757906,
          46.591726
        ],
        "type": "Point"
      },
      "properties": {
        "calls": 8,
        "id": "60622",
        "name": "Munteni Hm.",
        "operator_count": 1,
        "operators": [
          "CFR Călători"
        ]
      },
      "type": "Feature"
    },
    {
      "geometry": {
        "coordinates": [
          27.726761,
          46.626906
        ],
        "type": "Point"
      },
      "properties": {
        "calls": 40,
        "id": "60658",
        "name": "Vaslui",
        "operator_count": 3,
        "operators": [
          "Regio Călători",
          "Ferotrafic - T.F.I. S.R.L.",
          "CFR Călători"
        ]
      },
      "type": "Feature"
    },
    {
      "geometry": {
        "coordinates": [
          27.642684,
          46.690674
        ],
        "type": "Point"
      },
      "properties": {
        "calls": 21,
        "id": "60684",
        "name": "Bălteni Hm.",
        "operator_count": 2,
        "operators": [
          "Regio Călători",
          "CFR Călători"
        ]
      },
      "type": "Feature"
    },
    {
      "geometry": {
        "coordinates": [
          27.607503,
          46.719423
        ],
        "type": "Point"
      },
      "properties": {
        "calls": 16,
        "id": "60696",
        "name": "Brăhăşoaia h.",
        "operator_count": 2,
        "operators": [
          "Regio Călători",
          "CFR Călători"
        ]
      },
      "type": "Feature"
    },
    {
      "geometry": {
        "coordinates": [
          27.586904,
          46.744989
        ],
        "type": "Point"
      },
      "properties": {
        "calls": 16,
        "id": "60701",
        "name": "Bârzeşti h.",
        "operator_count": 2,
        "operators": [
          "Regio Călători",
          "CFR Călători"
        ]
      },
      "type": "Feature"
    },
    {
      "geometry": {
        "coordinates": [
          27.560066,
          46.797302
        ],
        "type": "Point"
      },
      "properties": {
        "calls": 40,
        "id": "60725",
        "name": "Buhăieşti",
        "operator_count": 2,
        "operators": [
          "Regio Călători",
          "CFR Călători"
        ]
      },
      "type": "Feature"
    },
    {
      "geometry": {
        "coordinates": [
          27.565045,
          46.831967
        ],
        "type": "Point"
      },
      "properties": {
        "calls": 18,
        "id": "60749",
        "name": "Rateşu Cuzei h.",
        "operator_count": 2,
        "operators": [
          "Regio Călători",
          "CFR Călători"
        ]
      },
      "type": "Feature"
    },
    {
      "geometry": {
        "coordinates": [
          27.56692,
          46.874637
        ],
        "type": "Point"
      },
      "properties": {
        "calls": 22,
        "id": "60751",
        "name": "Rebricea Hm.",
        "operator_count": 2,
        "operators": [
          "Regio Călători",
          "CFR Călători"
        ]
      },
      "type": "Feature"
    },
    {
      "geometry": {
        "coordinates": [
          27.567189,
          46.923544
        ],
        "type": "Point"
      },
      "properties": {
        "calls": 24,
        "id": "60775",
        "name": "Scânteia Hm.",
        "operator_count": 2,
        "operators": [
          "Regio Călători",
          "CFR Călători"
        ]
      },
      "type": "Feature"
    },
    {
      "geometry": {
        "coordinates": [
          27.550903,
          46.979306
        ],
        "type": "Point"
      },
      "properties": {
        "calls": 22,
        "id": "60799",
        "name": "Grajduri",
        "operator_count": 2,
        "operators": [
          "Regio Călători",
          "CFR Călători"
        ]
      },
      "type": "Feature"
    },
    {
      "geometry": {
        "coordinates": [
          27.568645,
          47.013145
        ],
        "type": "Point"
      },
      "properties": {
        "calls": 31,
        "id": "60804",
        "name": "Bârnova Hm.",
        "operator_count": 2,
        "operators": [
          "Regio Călători",
          "CFR Călători"
        ]
      },
      "type": "Feature"
    },
    {
      "geometry": {
        "coordinates": [
          27.57344,
          47.053832
        ],
        "type": "Point"
      },
      "properties": {
        "calls": 18,
        "id": "60828",
        "name": "Picioru Lupului h.",
        "operator_count": 2,
        "operators": [
          "Regio Călători",
          "CFR Călători"
        ]
      },
      "type": "Feature"
    },
    {
      "geometry": {
        "coordinates": [
          27.566718,
          47.096295
        ],
        "type": "Point"
      },
      "properties": {
        "calls": 22,
        "id": "60842",
        "name": "Ciurea Hm.",
        "operator_count": 2,
        "operators": [
          "Regio Călători",
          "CFR Călători"
        ]
      },
      "type": "Feature"
    },
    {
      "geometry": {
        "coordinates": [
          27.579245,
          47.147922
        ],
        "type": "Point"
      },
      "properties": {
        "calls": 48,
        "id": "60878",
        "name": "Nicolina Hm.",
        "operator_count": 3,
        "operators": [
          "Regio Călători",
          "Ferotrafic - T.F.I. S.R.L.",
          "CFR Călători"
        ]
      },
      "type": "Feature"
    },
    {
      "geometry": {
        "coordinates": [
          27.56572,
          47.167463
        ],
        "type": "Point"
      },
      "properties": {
        "calls": 125,
        "id": "60921",
        "name": "Iaşi",
        "operator_count": 3,
        "operators": [
          "Regio Călători",
          "Ferotrafic - T.F.I. S.R.L.",
          "CFR Călători"
        ]
      },
      "type": "Feature"
    },
    {
      "geometry": {
        "coordinates": [
          27.612556,
          47.139615
        ],
        "type": "Point"
      },
      "properties": {
        "calls": 6,
        "id": "61016",
        "name": "Socola",
        "operator_count": 1,
        "operators": [
          "CFR Călători"
        ]
      },
      "type": "Feature"
    },
    {
      "geometry": {
        "coordinates": [
          27.639681,
          47.14033
        ],
        "type": "Point"
      },
      "properties": {
        "calls": 3,
        "id": "61028",
        "name": "Remiza T Socola P.O",
        "operator_count": 1,
        "operators": [
          "CFR Călători"
        ]
      },
      "type": "Feature"
    },
    {
      "geometry": {
        "coordinates": [
          27.689656,
          47.147763
        ],
        "type": "Point"
      },
      "properties": {
        "calls": 6,
        "id": "61066",
        "name": "Holboca Hm.",
        "operator_count": 1,
        "operators": [
          "CFR Călători"
        ]
      },
      "type": "Feature"
    },
    {
      "geometry": {
        "coordinates": [
          27.726347,
          47.171084
        ],
        "type": "Point"
      },
      "properties": {
        "calls": 6,
        "id": "61080",
        "name": "Cristeşti Jijia",
        "operator_count": 1,
        "operators": [
          "CFR Călători"
        ]
      },
      "type": "Feature"
    },
    {
      "geometry": {
        "coordinates": [
          27.784789,
          47.200385
        ],
        "type": "Point"
      },
      "properties": {
        "calls": 8,
        "id": "61092",
        "name": "Ungheni Prut Hm.",
        "operator_count": 1,
        "operators": [
          "CFR Călători"
        ]
      },
      "type": "Feature"
    },
    {
      "geometry": {
        "coordinates": [
          27.278703,
          45.850631
        ],
        "type": "Point"
      },
      "properties": {
        "calls": 9,
        "id": "61224",
        "name": "G-ral. E. Grigorescu Hm.",
        "operator_count": 1,
        "operators": [
          "CFR Călători"
        ]
      },
      "type": "Feature"
    },
    {
      "geometry": {
        "coordinates": [
          27.335539,
          45.859689
        ],
        "type": "Point"
      },
      "properties": {
        "calls": 9,
        "id": "61250",
        "name": "Cosmeşti Hm.",
        "operator_count": 1,
        "operators": [
          "CFR Călători"
        ]
      },
      "type": "Feature"
    },
    {
      "geometry": {
        "coordinates": [
          27.964221,
          45.402404
        ],
        "type": "Point"
      },
      "properties": {
        "calls": 6,
        "id": "61327",
        "name": "Barboşi Triaj h.",
        "operator_count": 1,
        "operators": [
          "CFR Călători"
        ]
      },
      "type": "Feature"
    },
    {
      "geometry": {
        "coordinates": [
          27.922843,
          45.410345
        ],
        "type": "Point"
      },
      "properties": {
        "calls": 9,
        "id": "61339",
        "name": "Şendreni Hm.",
        "operator_count": 1,
        "operators": [
          "CFR Călători"
        ]
      },
      "type": "Feature"
    },
    {
      "geometry": {
        "coordinates": [
          27.87723,
          45.422205
        ],
        "type": "Point"
      },
      "properties": {
        "calls": 6,
        "id": "61341",
        "name": "Şerbeştii Vechi h.",
        "operator_count": 1,
        "operators": [
          "CFR Călători"
        ]
      },
      "type": "Feature"
    },
    {
      "geometry": {
        "coordinates": [
          27.8344,
          45.438136
        ],
        "type": "Point"
      },
      "properties": {
        "calls": 9,
        "id": "61377",
        "name": "Braniştea h.",
        "operator_count": 1,
        "operators": [
          "CFR Călători"
        ]
      },
      "type": "Feature"
    },
    {
      "geometry": {
        "coordinates": [
          27.796999,
          45.451063
        ],
        "type": "Point"
      },
      "properties": {
        "calls": 9,
        "id": "61418",
        "name": "Vasile Alecsandri h.",
        "operator_count": 1,
        "operators": [
          "CFR Călători"
        ]
      },
      "type": "Feature"
    },
    {
      "geometry": {
        "coordinates": [
          27.762443,
          45.478232
        ],
        "type": "Point"
      },
      "properties": {
        "calls": 10,
        "id": "61420",
        "name": "Independenţa Hm.",
        "operator_count": 1,
        "operators": [
          "CFR Călători"
        ]
      },
      "type": "Feature"
    },
    {
      "geometry": {
        "coordinates": [
          27.719952,
          45.506948
        ],
        "type": "Point"
      },
      "properties": {
        "calls": 10,
        "id": "61444",
        "name": "Piscu h.",
        "operator_count": 1,
        "operators": [
          "CFR Călători"
        ]
      },
      "type": "Feature"
    },
    {
      "geometry": {
        "coordinates": [
          27.701573,
          45.534239
        ],
        "type": "Point"
      },
      "properties": {
        "calls": 10,
        "id": "61456",
        "name": "Vameş h.",
        "operator_count": 1,
        "operators": [
          "CFR Călători"
        ]
      },
      "type": "Feature"
    },
    {
      "geometry": {
        "coordinates": [
          27.64116,
          45.567067
        ],
        "type": "Point"
      },
      "properties": {
        "calls": 10,
        "id": "61470",
        "name": "Tudor Vladimirescu h.",
        "operator_count": 1,
        "operators": [
          "CFR Călători"
        ]
      },
      "type": "Feature"
    },
    {
      "geometry": {
        "coordinates": [
          27.594647,
          45.58227
        ],
        "type": "Point"
      },
      "properties": {
        "calls": 10,
        "id": "61494",
        "name": "Hanu Conachi Hm.",
        "operator_count": 1,
        "operators": [
          "CFR Călători"
        ]
      },
      "type": "Feature"
    },
    {
      "geometry": {
        "coordinates": [
          27.551873,
          45.614231
        ],
        "type": "Point"
      },
      "properties": {
        "calls": 10,
        "id": "61509",
        "name": "Şerbăneşti h.",
        "operator_count": 1,
        "operators": [
          "CFR Călători"
        ]
      },
      "type": "Feature"
    },
    {
      "geometry": {
        "coordinates": [
          27.538243,
          45.632765
        ],
        "type": "Point"
      },
      "properties": {
        "calls": 16,
        "id": "61511",
        "name": "Lieşti Hm.",
        "operator_count": 1,
        "operators": [
          "CFR Călători"
        ]
      },
      "type": "Feature"
    },
    {
      "geometry": {
        "coordinates": [
          27.528571,
          45.659832
        ],
        "type": "Point"
      },
      "properties": {
        "calls": 10,
        "id": "61523",
        "name": "Buceşti h.",
        "operator_count": 1,
        "operators": [
          "CFR Călători"
        ]
      },
      "type": "Feature"
    },
    {
      "geometry": {
        "coordinates": [
          27.517447,
          45.688506
        ],
        "type": "Point"
      },
      "properties": {
        "calls": 10,
        "id": "61535",
        "name": "Iveşti Hm.",
        "operator_count": 1,
        "operators": [
          "CFR Călători"
        ]
      },
      "type": "Feature"
    },
    {
      "geometry": {
        "coordinates": [
          27.492384,
          45.723867
        ],
        "type": "Point"
      },
      "properties": {
        "calls": 10,
        "id": "61559",
        "name": "Umbrăreşti h.",
        "operator_count": 1,
        "operators": [
          "CFR Călători"
        ]
      },
      "type": "Feature"
    },
    {
      "geometry": {
        "coordinates": [
          27.474897,
          45.768644
        ],
        "type": "Point"
      },
      "properties": {
        "calls": 10,
        "id": "61573",
        "name": "Barcea Hm.",
        "operator_count": 1,
        "operators": [
          "CFR Călători"
        ]
      },
      "type": "Feature"
    },
    {
      "geometry": {
        "coordinates": [
          27.461243,
          45.792992
        ],
        "type": "Point"
      },
      "properties": {
        "calls": 10,
        "id": "61585",
        "name": "Malul Alb h.",
        "operator_count": 1,
        "operators": [
          "CFR Călători"
        ]
      },
      "type": "Feature"
    },
    {
      "geometry": {
        "coordinates": [
          28.049607,
          45.562486
        ],
        "type": "Point"
      },
      "properties": {
        "calls": 38,
        "id": "61755",
        "name": "Tuluceşti Hm.",
        "operator_count": 1,
        "operators": [
          "Transferoviar Calatori"
        ]
      },
      "type": "Feature"
    },
    {
      "geometry": {
        "coordinates": [
          28.061967,
          45.609545
        ],
        "type": "Point"
      },
      "properties": {
        "calls": 38,
        "id": "61779",
        "name": "Şiviţa h.",
        "operator_count": 1,
        "operators": [
          "Transferoviar Calatori"
        ]
      },
      "type": "Feature"
    },
    {
      "geometry": {
        "coordinates": [
          28.071334,
          45.657116
        ],
        "type": "Point"
      },
      "properties": {
        "calls": 38,
        "id": "61793",
        "name": "Frumuşiţa h.",
        "operator_count": 1,
        "operators": [
          "Transferoviar Calatori"
        ]
      },
      "type": "Feature"
    },
    {
      "geometry": {
        "coordinates": [
          28.083251,
          45.704717
        ],
        "type": "Point"
      },
      "properties": {
        "calls": 38,
        "id": "61810",
        "name": "Stoicani h.",
        "operator_count": 1,
        "operators": [
          "Transferoviar Calatori"
        ]
      },
      "type": "Feature"
    },
    {
      "geometry": {
        "coordinates": [
          28.069634,
          45.739403
        ],
        "type": "Point"
      },
      "properties": {
        "calls": 38,
        "id": "61822",
        "name": "Folteşti Hm.",
        "operator_count": 1,
        "operators": [
          "Transferoviar Calatori"
        ]
      },
      "type": "Feature"
    },
    {
      "geometry": {
        "coordinates": [
          28.013652,
          45.77058
        ],
        "type": "Point"
      },
      "properties": {
        "calls": 59,
        "id": "61846",
        "name": "Chiraftei h.",
        "operator_count": 1,
        "operators": [
          "Transferoviar Calatori"
        ]
      },
      "type": "Feature"
    },
    {
      "geometry": {
        "coordinates": [
          27.981849,
          45.789304
        ],
        "type": "Point"
      },
      "properties": {
        "calls": 40,
        "id": "61858",
        "name": "Fârţăneşti h.",
        "operator_count": 1,
        "operators": [
          "Transferoviar Calatori"
        ]
      },
      "type": "Feature"
    },
    {
      "geometry": {
        "coordinates": [
          27.947869,
          45.813523
        ],
        "type": "Point"
      },
      "properties": {
        "calls": 40,
        "id": "61860",
        "name": "Băleni h.",
        "operator_count": 1,
        "operators": [
          "Transferoviar Calatori"
        ]
      },
      "type": "Feature"
    },
    {
      "geometry": {
        "coordinates": [
          27.920895,
          45.848981
        ],
        "type": "Point"
      },
      "properties": {
        "calls": 40,
        "id": "61872",
        "name": "Umbrăreşti Sat h.",
        "operator_count": 1,
        "operators": [
          "Transferoviar Calatori"
        ]
      },
      "type": "Feature"
    },
    {
      "geometry": {
        "coordinates": [
          27.923253,
          45.867018
        ],
        "type": "Point"
      },
      "properties": {
        "calls": 64,
        "id": "61884",
        "name": "Târgu Bujor",
        "operator_count": 1,
        "operators": [
          "Transferoviar Calatori"
        ]
      },
      "type": "Feature"
    },
    {
      "geometry": {
        "coordinates": [
          27.932802,
          45.905906
        ],
        "type": "Point"
      },
      "properties": {
        "calls": 40,
        "id": "61896",
        "name": "Moscu h.",
        "operator_count": 1,
        "operators": [
          "Transferoviar Calatori"
        ]
      },
      "type": "Feature"
    },
    {
      "geometry": {
        "coordinates": [
          27.937576,
          45.953802
        ],
        "type": "Point"
      },
      "properties": {
        "calls": 40,
        "id": "61913",
        "name": "Roşcani h.",
        "operator_count": 1,
        "operators": [
          "Transferoviar Calatori"
        ]
      },
      "type": "Feature"
    },
    {
      "geometry": {
        "coordinates": [
          27.924085,
          46.02432
        ],
        "type": "Point"
      },
      "properties": {
        "calls": 40,
        "id": "61937",
        "name": "Balinteşti h.",
        "operator_count": 1,
        "operators": [
          "Transferoviar Calatori"
        ]
      },
      "type": "Feature"
    },
    {
      "geometry": {
        "coordinates": [
          27.881886,
          46.107449
        ],
        "type": "Point"
      },
      "properties": {
        "calls": 33,
        "id": "61949",
        "name": "Bereşti Tunel h.",
        "operator_count": 1,
        "operators": [
          "Transferoviar Calatori"
        ]
      },
      "type": "Feature"
    },
    {
      "geometry": {
        "coordinates": [
          27.891539,
          46.085138
        ],
        "type": "Point"
      },
      "properties": {
        "calls": 41,
        "id": "61951",
        "name": "Bereşti Hm.",
        "operator_count": 1,
        "operators": [
          "Transferoviar Calatori"
        ]
      },
      "type": "Feature"
    },
    {
      "geometry": {
        "coordinates": [
          27.841052,
          46.132124
        ],
        "type": "Point"
      },
      "properties": {
        "calls": 33,
        "id": "61963",
        "name": "Tălăşmani h.",
        "operator_count": 1,
        "operators": [
          "Transferoviar Calatori"
        ]
      },
      "type": "Feature"
    },
    {
      "geometry": {
        "coordinates": [
          27.783253,
          46.114363
        ],
        "type": "Point"
      },
      "properties": {
        "calls": 33,
        "id": "61987",
        "name": "Docăneasa h.",
        "operator_count": 1,
        "operators": [
          "Transferoviar Calatori"
        ]
      },
      "type": "Feature"
    },
    {
      "geometry": {
        "coordinates": [
          27.751894,
          46.115372
        ],
        "type": "Point"
      },
      "properties": {
        "calls": 33,
        "id": "61999",
        "name": "Lungeşti h.",
        "operator_count": 1,
        "operators": [
          "Transferoviar Calatori"
        ]
      },
      "type": "Feature"
    },
    {
      "geometry": {
        "coordinates": [
          27.690354,
          46.136065
        ],
        "type": "Point"
      },
      "properties": {
        "calls": 33,
        "id": "62008",
        "name": "Bălăbăneşti h.",
        "operator_count": 1,
        "operators": [
          "Transferoviar Calatori"
        ]
      },
      "type": "Feature"
    },
    {
      "geometry": {
        "coordinates": [
          27.655495,
          46.161075
        ],
        "type": "Point"
      },
      "properties": {
        "calls": 33,
        "id": "62010",
        "name": "Griviţa h.",
        "operator_count": 1,
        "operators": [
          "Transferoviar Calatori"
        ]
      },
      "type": "Feature"
    },
    {
      "geometry": {
        "coordinates": [
          27.000885,
          46.959586
        ],
        "type": "Point"
      },
      "properties": {
        "calls": 10,
        "id": "62498",
        "name": "Sagna h.",
        "operator_count": 1,
        "operators": [
          "Regio Călători"
        ]
      },
      "type": "Feature"
    },
    {
      "geometry": {
        "coordinates": [
          27.058794,
          46.986525
        ],
        "type": "Point"
      },
      "properties": {
        "calls": 10,
        "id": "62515",
        "name": "Vulpăşeşti h.",
        "operator_count": 1,
        "operators": [
          "Regio Călători"
        ]
      },
      "type": "Feature"
    },
    {
      "geometry": {
        "coordinates": [
          27.096392,
          46.990339
        ],
        "type": "Point"
      },
      "properties": {
        "calls": 10,
        "id": "62527",
        "name": "Stăniţa h.",
        "operator_count": 1,
        "operators": [
          "Regio Călători"
        ]
      },
      "type": "Feature"
    },
    {
      "geometry": {
        "coordinates": [
          27.133037,
          46.958874
        ],
        "type": "Point"
      },
      "properties": {
        "calls": 10,
        "id": "62541",
        "name": "Piscu Rusului h.",
        "operator_count": 1,
        "operators": [
          "Regio Călători"
        ]
      },
      "type": "Feature"
    },
    {
      "geometry": {
        "coordinates": [
          27.203613,
          46.917845
        ],
        "type": "Point"
      },
      "properties": {
        "calls": 12,
        "id": "62565",
        "name": "Dagâţa Hm.",
        "operator_count": 1,
        "operators": [
          "Regio Călători"
        ]
      },
      "type": "Feature"
    },
    {
      "geometry": {
        "coordinates": [
          27.223176,
          46.862369
        ],
        "type": "Point"
      },
      "properties": {
        "calls": 8,
        "id": "62589",
        "name": "Suhuleţ h.",
        "operator_count": 1,
        "operators": [
          "Regio Călători"
        ]
      },
      "type": "Feature"
    },
    {
      "geometry": {
        "coordinates": [
          27.214808,
          46.889234
        ],
        "type": "Point"
      },
      "properties": {
        "calls": 8,
        "id": "62591",
        "name": "Băluşeşti h.",
        "operator_count": 1,
        "operators": [
          "Regio Călători"
        ]
      },
      "type": "Feature"
    },
    {
      "geometry": {
        "coordinates": [
          27.259971,
          46.829149
        ],
        "type": "Point"
      },
      "properties": {
        "calls": 8,
        "id": "62606",
        "name": "Mareşal C-tin Prezan Hm.",
        "operator_count": 1,
        "operators": [
          "Regio Călători"
        ]
      },
      "type": "Feature"
    },
    {
      "geometry": {
        "coordinates": [
          27.174125,
          46.942784
        ],
        "type": "Point"
      },
      "properties": {
        "calls": 10,
        "id": "62618",
        "name": "Zece Prăjini h.",
        "operator_count": 1,
        "operators": [
          "Regio Călători"
        ]
      },
      "type": "Feature"
    },
    {
      "geometry": {
        "coordinates": [
          27.329865,
          46.837566
        ],
        "type": "Point"
      },
      "properties": {
        "calls": 8,
        "id": "62620",
        "name": "Dumeşti h.",
        "operator_count": 1,
        "operators": [
          "Regio Călători"
        ]
      },
      "type": "Feature"
    },
    {
      "geometry": {
        "coordinates": [
          27.398399,
          46.832488
        ],
        "type": "Point"
      },
      "properties": {
        "calls": 8,
        "id": "62644",
        "name": "Rafaila h.",
        "operator_count": 1,
        "operators": [
          "Regio Călători"
        ]
      },
      "type": "Feature"
    },
    {
      "geometry": {
        "coordinates": [
          27.451957,
          46.823873
        ],
        "type": "Point"
      },
      "properties": {
        "calls": 8,
        "id": "62656",
        "name": "Negreşti Vaslui Hm.",
        "operator_count": 1,
        "operators": [
          "Regio Călători"
        ]
      },
      "type": "Feature"
    },
    {
      "geometry": {
        "coordinates": [
          27.392109,
          47.194608
        ],
        "type": "Point"
      },
      "properties": {
        "calls": 51,
        "id": "62759",
        "name": "Leţcani Hm.",
        "operator_count": 2,
        "operators": [
          "Regio Călători",
          "CFR Călători"
        ]
      },
      "type": "Feature"
    },
    {
      "geometry": {
        "coordinates": [
          27.284543,
          47.209155
        ],
        "type": "Point"
      },
      "properties": {
        "calls": 46,
        "id": "62773",
        "name": "Podu Iloaiei",
        "operator_count": 2,
        "operators": [
          "Regio Călători",
          "CFR Călători"
        ]
      },
      "type": "Feature"
    },
    {
      "geometry": {
        "coordinates": [
          27.222065,
          47.217598
        ],
        "type": "Point"
      },
      "properties": {
        "calls": 22,
        "id": "62797",
        "name": "Budăi h.",
        "operator_count": 1,
        "operators": [
          "CFR Călători"
        ]
      },
      "type": "Feature"
    },
    {
      "geometry": {
        "coordinates": [
          27.151885,
          47.214939
        ],
        "type": "Point"
      },
      "properties": {
        "calls": 22,
        "id": "62814",
        "name": "Sârca Hm.",
        "operator_count": 1,
        "operators": [
          "CFR Călători"
        ]
      },
      "type": "Feature"
    },
    {
      "geometry": {
        "coordinates": [
          27.012684,
          47.205027
        ],
        "type": "Point"
      },
      "properties": {
        "calls": 45,
        "id": "62840",
        "name": "Târgu Frumos Hm.",
        "operator_count": 2,
        "operators": [
          "Regio Călători",
          "CFR Călători"
        ]
      },
      "type": "Feature"
    },
    {
      "geometry": {
        "coordinates": [
          26.953158,
          47.209188
        ],
        "type": "Point"
      },
      "properties": {
        "calls": 22,
        "id": "62864",
        "name": "Pietrişu h.",
        "operator_count": 1,
        "operators": [
          "CFR Călători"
        ]
      },
      "type": "Feature"
    },
    {
      "geometry": {
        "coordinates": [
          26.920972,
          47.229252
        ],
        "type": "Point"
      },
      "properties": {
        "calls": 22,
        "id": "62876",
        "name": "Costeşti Iaşi h.",
        "operator_count": 1,
        "operators": [
          "CFR Călători"
        ]
      },
      "type": "Feature"
    },
    {
      "geometry": {
        "coordinates": [
          26.843783,
          47.240854
        ],
        "type": "Point"
      },
      "properties": {
        "calls": 32,
        "id": "62890",
        "name": "Ruginoasa Hm.",
        "operator_count": 2,
        "operators": [
          "Regio Călători",
          "CFR Călători"
        ]
      },
      "type": "Feature"
    },
    {
      "geometry": {
        "coordinates": [
          27.249967,
          47.248084
        ],
        "type": "Point"
      },
      "properties": {
        "calls": 14,
        "id": "62981",
        "name": "Erbiceni hc.",
        "operator_count": 1,
        "operators": [
          "Regio Călători"
        ]
      },
      "type": "Feature"
    },
    {
      "geometry": {
        "coordinates": [
          27.184375,
          47.254964
        ],
        "type": "Point"
      },
      "properties": {
        "calls": 14,
        "id": "63002",
        "name": "Spinoasa h.",
        "operator_count": 1,
        "operators": [
          "Regio Călători"
        ]
      },
      "type": "Feature"
    },
    {
      "geometry": {
        "coordinates": [
          27.081272,
          47.297632
        ],
        "type": "Point"
      },
      "properties": {
        "calls": 14,
        "id": "63026",
        "name": "Belceşti Hm.",
        "operator_count": 1,
        "operators": [
          "Regio Călători"
        ]
      },
      "type": "Feature"
    },
    {
      "geometry": {
        "coordinates": [
          27.057514,
          47.305785
        ],
        "type": "Point"
      },
      "properties": {
        "calls": 14,
        "id": "63038",
        "name": "Podu Ulmi h.",
        "operator_count": 1,
        "operators": [
          "Regio Călători"
        ]
      },
      "type": "Feature"
    },
    {
      "geometry": {
        "coordinates": [
          27.01367,
          47.329895
        ],
        "type": "Point"
      },
      "properties": {
        "calls": 14,
        "id": "63040",
        "name": "Hodora h.",
        "operator_count": 1,
        "operators": [
          "Regio Călători"
        ]
      },
      "type": "Feature"
    },
    {
      "geometry": {
        "coordinates": [
          26.971974,
          47.34903
        ],
        "type": "Point"
      },
      "properties": {
        "calls": 14,
        "id": "63064",
        "name": "Cotnari h.",
        "operator_count": 1,
        "operators": [
          "Regio Călători"
        ]
      },
      "type": "Feature"
    },
    {
      "geometry": {
        "coordinates": [
          26.963343,
          47.379685
        ],
        "type": "Point"
      },
      "properties": {
        "calls": 14,
        "id": "63088",
        "name": "Cepleniţa h.",
        "operator_count": 1,
        "operators": [
          "Regio Călători"
        ]
      },
      "type": "Feature"
    },
    {
      "geometry": {
        "coordinates": [
          26.949972,
          47.406047
        ],
        "type": "Point"
      },
      "properties": {
        "calls": 14,
        "id": "63090",
        "name": "Bădeni h.",
        "operator_count": 1,
        "operators": [
          "Regio Călători"
        ]
      },
      "type": "Feature"
    },
    {
      "geometry": {
        "coordinates": [
          26.921674,
          47.418828
        ],
        "type": "Point"
      },
      "properties": {
        "calls": 14,
        "id": "63105",
        "name": "Hârlău",
        "operator_count": 1,
        "operators": [
          "Regio Călători"
        ]
      },
      "type": "Feature"
    },
    {
      "geometry": {
        "coordinates": [
          27.374582,
          47.267882
        ],
        "type": "Point"
      },
      "properties": {
        "calls": 15,
        "id": "63181",
        "name": "Movileni h.",
        "operator_count": 1,
        "operators": [
          "Regio Călători"
        ]
      },
      "type": "Feature"
    },
    {
      "geometry": {
        "coordinates": [
          27.353818,
          47.324561
        ],
        "type": "Point"
      },
      "properties": {
        "calls": 15,
        "id": "63193",
        "name": "Potângeni h.",
        "operator_count": 1,
        "operators": [
          "Regio Călători"
        ]
      },
      "type": "Feature"
    },
    {
      "geometry": {
        "coordinates": [
          27.383489,
          47.331432
        ],
        "type": "Point"
      },
      "properties": {
        "calls": 15,
        "id": "63208",
        "name": "Larga Jijia Hm.",
        "operator_count": 1,
        "operators": [
          "Regio Călători"
        ]
      },
      "type": "Feature"
    },
    {
      "geometry": {
        "coordinates": [
          27.385603,
          47.316788
        ],
        "type": "Point"
      },
      "properties": {
        "calls": 15,
        "id": "63210",
        "name": "Biserica Larga Jijia h.",
        "operator_count": 1,
        "operators": [
          "Regio Călători"
        ]
      },
      "type": "Feature"
    },
    {
      "geometry": {
        "coordinates": [
          27.324262,
          47.406398
        ],
        "type": "Point"
      },
      "properties": {
        "calls": 15,
        "id": "63222",
        "name": "Vlădeni",
        "operator_count": 1,
        "operators": [
          "Regio Călători"
        ]
      },
      "type": "Feature"
    },
    {
      "geometry": {
        "coordinates": [
          27.305838,
          47.445959
        ],
        "type": "Point"
      },
      "properties": {
        "calls": 15,
        "id": "63246",
        "name": "Iacobenii Vechi h.",
        "operator_count": 1,
        "operators": [
          "Regio Călători"
        ]
      },
      "type": "Feature"
    },
    {
      "geometry": {
        "coordinates": [
          27.299985,
          47.483099
        ],
        "type": "Point"
      },
      "properties": {
        "calls": 15,
        "id": "63258",
        "name": "Şoldana h.",
        "operator_count": 1,
        "operators": [
          "Regio Călători"
        ]
      },
      "type": "Feature"
    },
    {
      "geometry": {
        "coordinates": [
          27.273968,
          47.514131
        ],
        "type": "Point"
      },
      "properties": {
        "calls": 15,
        "id": "63260",
        "name": "Andrieşeni h.",
        "operator_count": 1,
        "operators": [
          "Regio Călători"
        ]
      },
      "type": "Feature"
    },
    {
      "geometry": {
        "coordinates": [
          26.548676,
          47.922231
        ],
        "type": "Point"
      },
      "properties": {
        "calls": 11,
        "id": "63272",
        "name": "Corlăteni h.",
        "operator_count": 1,
        "operators": [
          "Regio Călători"
        ]
      },
      "type": "Feature"
    },
    {
      "geometry": {
        "coordinates": [
          27.24614,
          47.54169
        ],
        "type": "Point"
      },
      "properties": {
        "calls": 15,
        "id": "63284",
        "name": "Rediu h.",
        "operator_count": 1,
        "operators": [
          "Regio Călători"
        ]
      },
      "type": "Feature"
    },
    {
      "geometry": {
        "coordinates": [
          27.205105,
          47.564654
        ],
        "type": "Point"
      },
      "properties": {
        "calls": 15,
        "id": "63296",
        "name": "Răuseni h.",
        "operator_count": 1,
        "operators": [
          "Regio Călători"
        ]
      },
      "type": "Feature"
    },
    {
      "geometry": {
        "coordinates": [
          27.152937,
          47.597958
        ],
        "type": "Point"
      },
      "properties": {
        "calls": 15,
        "id": "63325",
        "name": "Todireni Hm.",
        "operator_count": 1,
        "operators": [
          "Regio Călători"
        ]
      },
      "type": "Feature"
    },
    {
      "geometry": {
        "coordinates": [
          27.088662,
          47.656663
        ],
        "type": "Point"
      },
      "properties": {
        "calls": 15,
        "id": "63349",
        "name": "Jijia h.",
        "operator_count": 1,
        "operators": [
          "Regio Călători"
        ]
      },
      "type": "Feature"
    },
    {
      "geometry": {
        "coordinates": [
          27.056692,
          47.694099
        ],
        "type": "Point"
      },
      "properties": {
        "calls": 15,
        "id": "63363",
        "name": "Zlătunoaia h.",
        "operator_count": 1,
        "operators": [
          "Regio Călători"
        ]
      },
      "type": "Feature"
    },
    {
      "geometry": {
        "coordinates": [
          27.00425,
          47.765335
        ],
        "type": "Point"
      },
      "properties": {
        "calls": 15,
        "id": "63387",
        "name": "Truşeşti Hm.",
        "operator_count": 1,
        "operators": [
          "Regio Călători"
        ]
      },
      "type": "Feature"
    },
    {
      "geometry": {
        "coordinates": [
          26.995706,
          47.806583
        ],
        "type": "Point"
      },
      "properties": {
        "calls": 11,
        "id": "63399",
        "name": "Buhăceni h.",
        "operator_count": 1,
        "operators": [
          "Regio Călători"
        ]
      },
      "type": "Feature"
    },
    {
      "geometry": {
        "coordinates": [
          26.959782,
          47.852881
        ],
        "type": "Point"
      },
      "properties": {
        "calls": 11,
        "id": "63416",
        "name": "Dângeni Hm.",
        "operator_count": 1,
        "operators": [
          "Regio Călători"
        ]
      },
      "type": "Feature"
    },
    {
      "geometry": {
        "coordinates": [
          26.896288,
          47.867397
        ],
        "type": "Point"
      },
      "properties": {
        "calls": 11,
        "id": "63428",
        "name": "Dângeni Nord h.",
        "operator_count": 1,
        "operators": [
          "Regio Călători"
        ]
      },
      "type": "Feature"
    },
    {
      "geometry": {
        "coordinates": [
          26.796657,
          47.885041
        ],
        "type": "Point"
      },
      "properties": {
        "calls": 11,
        "id": "63430",
        "name": "Ungureni Hm.",
        "operator_count": 1,
        "operators": [
          "Regio Călători"
        ]
      },
      "type": "Feature"
    },
    {
      "geometry": {
        "coordinates": [
          26.747277,
          47.906129
        ],
        "type": "Point"
      },
      "properties": {
        "calls": 11,
        "id": "63442",
        "name": "Mândreşti h.",
        "operator_count": 1,
        "operators": [
          "Regio Călători"
        ]
      },
      "type": "Feature"
    },
    {
      "geometry": {
        "coordinates": [
          26.656175,
          47.922669
        ],
        "type": "Point"
      },
      "properties": {
        "calls": 11,
        "id": "63466",
        "name": "Vorniceni h.",
        "operator_count": 1,
        "operators": [
          "Regio Călători"
        ]
      },
      "type": "Feature"
    },
    {
      "geometry": {
        "coordinates": [
          26.600495,
          47.920037
        ],
        "type": "Point"
      },
      "properties": {
        "calls": 11,
        "id": "63478",
        "name": "Mateieni h.",
        "operator_count": 1,
        "operators": [
          "Regio Călători"
        ]
      },
      "type": "Feature"
    },
    {
      "geometry": {
        "coordinates": [
          26.456691,
          47.956931
        ],
        "type": "Point"
      },
      "properties": {
        "calls": 11,
        "id": "63480",
        "name": "Broscăuţi h.",
        "operator_count": 1,
        "operators": [
          "Regio Călători"
        ]
      },
      "type": "Feature"
    },
    {
      "geometry": {
        "coordinates": [
          26.518188,
          47.92783
        ],
        "type": "Point"
      },
      "properties": {
        "calls": 11,
        "id": "63492",
        "name": "Carasa h.",
        "operator_count": 1,
        "operators": [
          "Regio Călători"
        ]
      },
      "type": "Feature"
    },
    {
      "geometry": {
        "coordinates": [
          26.075307,
          44.569007
        ],
        "type": "Point"
      },
      "properties": {
        "calls": 81,
        "id": "69989",
        "name": "Aeroport H. Coanda T1",
        "operator_count": 2,
        "operators": [
          "Transferoviar Calatori",
          "CFR Călători"
        ]
      },
      "type": "Feature"
    },
    {
      "geometry": {
        "coordinates": [
          26.065651,
          44.566874
        ],
        "type": "Point"
      },
      "properties": {
        "calls": 53,
        "id": "69991",
        "name": "Patinoar PO",
        "operator_count": 2,
        "operators": [
          "Transferoviar Calatori",
          "CFR Călători"
        ]
      },
      "type": "Feature"
    },
    {
      "geometry": {
        "coordinates": [
          26.042048,
          44.557577
        ],
        "type": "Point"
      },
      "properties": {
        "calls": 4,
        "id": "70005",
        "name": "R. Aeroport T1",
        "operator_count": 1,
        "operators": [
          "CFR Călători"
        ]
      },
      "type": "Feature"
    },
    {
      "geometry": {
        "coordinates": [
          26.023439,
          44.479227
        ],
        "type": "Point"
      },
      "properties": {
        "calls": 28,
        "id": "70017",
        "name": "Pajura Hm. (IIIK)",
        "operator_count": 1,
        "operators": [
          "CFR Călători"
        ]
      },
      "type": "Feature"
    },
    {
      "geometry": {
        "coordinates": [
          26.009604,
          44.520658
        ],
        "type": "Point"
      },
      "properties": {
        "calls": 84,
        "id": "70029",
        "name": "Parc Mogoşoaia h.",
        "operator_count": 2,
        "operators": [
          "Transferoviar Calatori",
          "CFR Călători"
        ]
      },
      "type": "Feature"
    },
    {
      "geometry": {
        "coordinates": [
          26.023517,
          44.53563
        ],
        "type": "Point"
      },
      "properties": {
        "calls": 52,
        "id": "70031",
        "name": "Mogoşoaia",
        "operator_count": 2,
        "operators": [
          "Transferoviar Calatori",
          "CFR Călători"
        ]
      },
      "type": "Feature"
    },
    {
      "geometry": {
        "coordinates": [
          26.098994,
          44.591273
        ],
        "type": "Point"
      },
      "properties": {
        "calls": 11,
        "id": "70055",
        "name": "Baloteşti Hm.",
        "operator_count": 1,
        "operators": [
          "CFR Călători"
        ]
      },
      "type": "Feature"
    },
    {
      "geometry": {
        "coordinates": [
          26.158241,
          44.610589
        ],
        "type": "Point"
      },
      "properties": {
        "calls": 12,
        "id": "70079",
        "name": "Căciulaţi Hm.",
        "operator_count": 1,
        "operators": [
          "CFR Călători"
        ]
      },
      "type": "Feature"
    },
    {
      "geometry": {
        "coordinates": [
          26.215089,
          44.637325
        ],
        "type": "Point"
      },
      "properties": {
        "calls": 12,
        "id": "70110",
        "name": "Moara Vlăsiei Hm.",
        "operator_count": 1,
        "operators": [
          "CFR Călători"
        ]
      },
      "type": "Feature"
    },
    {
      "geometry": {
        "coordinates": [
          26.293723,
          44.651922
        ],
        "type": "Point"
      },
      "properties": {
        "calls": 12,
        "id": "70134",
        "name": "Greci h.",
        "operator_count": 1,
        "operators": [
          "CFR Călători"
        ]
      },
      "type": "Feature"
    },
    {
      "geometry": {
        "coordinates": [
          26.368649,
          44.665862
        ],
        "type": "Point"
      },
      "properties": {
        "calls": 12,
        "id": "70158",
        "name": "Fierbinţi",
        "operator_count": 1,
        "operators": [
          "CFR Călători"
        ]
      },
      "type": "Feature"
    },
    {
      "geometry": {
        "coordinates": [
          26.449318,
          44.681443
        ],
        "type": "Point"
      },
      "properties": {
        "calls": 12,
        "id": "70172",
        "name": "Dridu Hm.",
        "operator_count": 1,
        "operators": [
          "CFR Călători"
        ]
      },
      "type": "Feature"
    },
    {
      "geometry": {
        "coordinates": [
          26.508205,
          44.718313
        ],
        "type": "Point"
      },
      "properties": {
        "calls": 12,
        "id": "70184",
        "name": "Moldoveni h.",
        "operator_count": 1,
        "operators": [
          "CFR Călători"
        ]
      },
      "type": "Feature"
    },
    {
      "geometry": {
        "coordinates": [
          26.561775,
          44.729708
        ],
        "type": "Point"
      },
      "properties": {
        "calls": 31,
        "id": "70201",
        "name": "Armăşeşti Hm.",
        "operator_count": 2,
        "operators": [
          "Regio Călători",
          "CFR Călători"
        ]
      },
      "type": "Feature"
    },
    {
      "geometry": {
        "coordinates": [
          26.601959,
          44.72226
        ],
        "type": "Point"
      },
      "properties": {
        "calls": 31,
        "id": "70213",
        "name": "Bărbuleşti h.",
        "operator_count": 2,
        "operators": [
          "Regio Călători",
          "CFR Călători"
        ]
      },
      "type": "Feature"
    },
    {
      "geometry": {
        "coordinates": [
          26.644665,
          44.719504
        ],
        "type": "Point"
      },
      "properties": {
        "calls": 35,
        "id": "70237",
        "name": "Urziceni",
        "operator_count": 2,
        "operators": [
          "Regio Călători",
          "CFR Călători"
        ]
      },
      "type": "Feature"
    },
    {
      "geometry": {
        "coordinates": [
          27.274862,
          45.082765
        ],
        "type": "Point"
      },
      "properties": {
        "calls": 34,
        "id": "70512",
        "name": "Făurei",
        "operator_count": 2,
        "operators": [
          "Transferoviar Calatori",
          "CFR Călători"
        ]
      },
      "type": "Feature"
    },
    {
      "geometry": {
        "coordinates": [
          27.322297,
          45.091866
        ],
        "type": "Point"
      },
      "properties": {
        "calls": 8,
        "id": "70536",
        "name": "Găiseanca h.",
        "operator_count": 1,
        "operators": [
          "CFR Călători"
        ]
      },
      "type": "Feature"
    },
    {
      "geometry": {
        "coordinates": [
          27.399664,
          45.108987
        ],
        "type": "Point"
      },
      "properties": {
        "calls": 8,
        "id": "70550",
        "name": "Deduleşti Hm.",
        "operator_count": 1,
        "operators": [
          "CFR Călători"
        ]
      },
      "type": "Feature"
    },
    {
      "geometry": {
        "coordinates": [
          27.483758,
          45.127636
        ],
        "type": "Point"
      },
      "properties": {
        "calls": 26,
        "id": "70574",
        "name": "Ianca hc.",
        "operator_count": 2,
        "operators": [
          "Transferoviar Calatori",
          "CFR Călători"
        ]
      },
      "type": "Feature"
    },
    {
      "geometry": {
        "coordinates": [
          27.5218,
          45.140092
        ],
        "type": "Point"
      },
      "properties": {
        "calls": 8,
        "id": "70586",
        "name": "Plopu",
        "operator_count": 1,
        "operators": [
          "CFR Călători"
        ]
      },
      "type": "Feature"
    },
    {
      "geometry": {
        "coordinates": [
          27.621106,
          45.167987
        ],
        "type": "Point"
      },
      "properties": {
        "calls": 8,
        "id": "70603",
        "name": "Urleasca Hm.",
        "operator_count": 1,
        "operators": [
          "CFR Călători"
        ]
      },
      "type": "Feature"
    },
    {
      "geometry": {
        "coordinates": [
          27.731899,
          45.186994
        ],
        "type": "Point"
      },
      "properties": {
        "calls": 8,
        "id": "70627",
        "name": "Traian Sat Hm.",
        "operator_count": 1,
        "operators": [
          "CFR Călători"
        ]
      },
      "type": "Feature"
    },
    {
      "geometry": {
        "coordinates": [
          27.86796,
          45.227135
        ],
        "type": "Point"
      },
      "properties": {
        "calls": 8,
        "id": "70677",
        "name": "Lacu Sărat Hm.",
        "operator_count": 1,
        "operators": [
          "CFR Călători"
        ]
      },
      "type": "Feature"
    },
    {
      "geometry": {
        "coordinates": [
          27.955967,
          45.281764
        ],
        "type": "Point"
      },
      "properties": {
        "calls": 28,
        "id": "70706",
        "name": "Brăila",
        "operator_count": 2,
        "operators": [
          "Transferoviar Calatori",
          "CFR Călători"
        ]
      },
      "type": "Feature"
    },
    {
      "geometry": {
        "coordinates": [
          27.906249,
          45.325488
        ],
        "type": "Point"
      },
      "properties": {
        "calls": 8,
        "id": "70768",
        "name": "Baldovineşti Hm.",
        "operator_count": 1,
        "operators": [
          "CFR Călători"
        ]
      },
      "type": "Feature"
    },
    {
      "geometry": {
        "coordinates": [
          27.919998,
          45.364063
        ],
        "type": "Point"
      },
      "properties": {
        "calls": 11,
        "id": "70782",
        "name": "Vădeni Hm.",
        "operator_count": 2,
        "operators": [
          "Transferoviar Calatori",
          "CFR Călători"
        ]
      },
      "type": "Feature"
    },
    {
      "geometry": {
        "coordinates": [
          27.962263,
          45.379741
        ],
        "type": "Point"
      },
      "properties": {
        "calls": 8,
        "id": "70794",
        "name": "Zagna Vădeni h.",
        "operator_count": 1,
        "operators": [
          "CFR Călători"
        ]
      },
      "type": "Feature"
    },
    {
      "geometry": {
        "coordinates": [
          27.988383,
          45.40232
        ],
        "type": "Point"
      },
      "properties": {
        "calls": 42,
        "id": "70835",
        "name": "Barboşi",
        "operator_count": 3,
        "operators": [
          "Regio Călători",
          "Transferoviar Calatori",
          "CFR Călători"
        ]
      },
      "type": "Feature"
    },
    {
      "geometry": {
        "coordinates": [
          28.006789,
          45.443563
        ],
        "type": "Point"
      },
      "properties": {
        "calls": 18,
        "id": "71011",
        "name": "Fileşti Hm.",
        "operator_count": 1,
        "operators": [
          "CFR Călători"
        ]
      },
      "type": "Feature"
    },
    {
      "geometry": {
        "coordinates": [
          28.061643,
          45.444502
        ],
        "type": "Point"
      },
      "properties": {
        "calls": 80,
        "id": "71059",
        "name": "Galaţi",
        "operator_count": 3,
        "operators": [
          "Regio Călători",
          "Transferoviar Calatori",
          "CFR Călători"
        ]
      },
      "type": "Feature"
    },
    {
      "geometry": {
        "coordinates": [
          26.071882,
          44.922734
        ],
        "type": "Point"
      },
      "properties": {
        "calls": 18,
        "id": "71516",
        "name": "Dâmbu Hm.",
        "operator_count": 1,
        "operators": [
          "Regio Călători"
        ]
      },
      "type": "Feature"
    },
    {
      "geometry": {
        "coordinates": [
          26.119488,
          44.899997
        ],
        "type": "Point"
      },
      "properties": {
        "calls": 18,
        "id": "71530",
        "name": "Corlăteşti Hm.",
        "operator_count": 1,
        "operators": [
          "Regio Călători"
        ]
      },
      "type": "Feature"
    },
    {
      "geometry": {
        "coordinates": [
          26.139751,
          44.891209
        ],
        "type": "Point"
      },
      "properties": {
        "calls": 18,
        "id": "71542",
        "name": "Râfov h.",
        "operator_count": 1,
        "operators": [
          "Regio Călători"
        ]
      },
      "type": "Feature"
    },
    {
      "geometry": {
        "coordinates": [
          26.178016,
          44.872258
        ],
        "type": "Point"
      },
      "properties": {
        "calls": 18,
        "id": "71554",
        "name": "Trestieni h.",
        "operator_count": 1,
        "operators": [
          "Regio Călători"
        ]
      },
      "type": "Feature"
    },
    {
      "geometry": {
        "coordinates": [
          26.203914,
          44.86267
        ],
        "type": "Point"
      },
      "properties": {
        "calls": 18,
        "id": "71566",
        "name": "Zănoaga Hm.",
        "operator_count": 1,
        "operators": [
          "Regio Călători"
        ]
      },
      "type": "Feature"
    },
    {
      "geometry": {
        "coordinates": [
          26.237211,
          44.850457
        ],
        "type": "Point"
      },
      "properties": {
        "calls": 18,
        "id": "71578",
        "name": "Cornurile h.",
        "operator_count": 1,
        "operators": [
          "Regio Călători"
        ]
      },
      "type": "Feature"
    },
    {
      "geometry": {
        "coordinates": [
          26.30146,
          44.828179
        ],
        "type": "Point"
      },
      "properties": {
        "calls": 20,
        "id": "71580",
        "name": "Drăgăneşti Prahova Hm.",
        "operator_count": 1,
        "operators": [
          "Regio Călători"
        ]
      },
      "type": "Feature"
    },
    {
      "geometry": {
        "coordinates": [
          26.326922,
          44.813518
        ],
        "type": "Point"
      },
      "properties": {
        "calls": 19,
        "id": "71592",
        "name": "Hătcărău h.",
        "operator_count": 1,
        "operators": [
          "Regio Călători"
        ]
      },
      "type": "Feature"
    },
    {
      "geometry": {
        "coordinates": [
          26.384614,
          44.789803
        ],
        "type": "Point"
      },
      "properties": {
        "calls": 19,
        "id": "71619",
        "name": "Ciorani Hm.",
        "operator_count": 1,
        "operators": [
          "Regio Călători"
        ]
      },
      "type": "Feature"
    },
    {
      "geometry": {
        "coordinates": [
          26.432373,
          44.773897
        ],
        "type": "Point"
      },
      "properties": {
        "calls": 19,
        "id": "71621",
        "name": "Fulga h.",
        "operator_count": 1,
        "operators": [
          "Regio Călători"
        ]
      },
      "type": "Feature"
    },
    {
      "geometry": {
        "coordinates": [
          26.507759,
          44.748444
        ],
        "type": "Point"
      },
      "properties": {
        "calls": 19,
        "id": "71645",
        "name": "Ialomiţa Hm.",
        "operator_count": 1,
        "operators": [
          "Regio Călători"
        ]
      },
      "type": "Feature"
    },
    {
      "geometry": {
        "coordinates": [
          26.701469,
          44.686952
        ],
        "type": "Point"
      },
      "properties": {
        "calls": 8,
        "id": "71669",
        "name": "Alexeni h.",
        "operator_count": 1,
        "operators": [
          "CFR Călători"
        ]
      },
      "type": "Feature"
    },
    {
      "geometry": {
        "coordinates": [
          26.769227,
          44.669042
        ],
        "type": "Point"
      },
      "properties": {
        "calls": 8,
        "id": "71683",
        "name": "Broşteni Hm.",
        "operator_count": 1,
        "operators": [
          "CFR Călători"
        ]
      },
      "type": "Feature"
    },
    {
      "geometry": {
        "coordinates": [
          26.824974,
          44.653807
        ],
        "type": "Point"
      },
      "properties": {
        "calls": 8,
        "id": "71695",
        "name": "Malu h.",
        "operator_count": 1,
        "operators": [
          "CFR Călători"
        ]
      },
      "type": "Feature"
    },
    {
      "geometry": {
        "coordinates": [
          26.866474,
          44.649002
        ],
        "type": "Point"
      },
      "properties": {
        "calls": 8,
        "id": "71700",
        "name": "Km. 74+600 h.",
        "operator_count": 1,
        "operators": [
          "CFR Călători"
        ]
      },
      "type": "Feature"
    },
    {
      "geometry": {
        "coordinates": [
          26.902029,
          44.63915
        ],
        "type": "Point"
      },
      "properties": {
        "calls": 8,
        "id": "71712",
        "name": "Sărăţuica Hm.",
        "operator_count": 1,
        "operators": [
          "CFR Călători"
        ]
      },
      "type": "Feature"
    },
    {
      "geometry": {
        "coordinates": [
          26.972167,
          44.647739
        ],
        "type": "Point"
      },
      "properties": {
        "calls": 8,
        "id": "71724",
        "name": "Munteni Buzău h.",
        "operator_count": 1,
        "operators": [
          "CFR Călători"
        ]
      },
      "type": "Feature"
    },
    {
      "geometry": {
        "coordinates": [
          27.003367,
          44.634129
        ],
        "type": "Point"
      },
      "properties": {
        "calls": 8,
        "id": "71736",
        "name": "Căzăneşti Hm.",
        "operator_count": 1,
        "operators": [
          "CFR Călători"
        ]
      },
      "type": "Feature"
    },
    {
      "geometry": {
        "coordinates": [
          26.931182,
          44.64194
        ],
        "type": "Point"
      },
      "properties": {
        "calls": 8,
        "id": "71748",
        "name": "Sărăţeni Ialomiţa h.",
        "operator_count": 1,
        "operators": [
          "CFR Călători"
        ]
      },
      "type": "Feature"
    },
    {
      "geometry": {
        "coordinates": [
          27.058359,
          44.606747
        ],
        "type": "Point"
      },
      "properties": {
        "calls": 8,
        "id": "71750",
        "name": "Ciochina h.",
        "operator_count": 1,
        "operators": [
          "CFR Călători"
        ]
      },
      "type": "Feature"
    },
    {
      "geometry": {
        "coordinates": [
          27.147657,
          44.580373
        ],
        "type": "Point"
      },
      "properties": {
        "calls": 8,
        "id": "71774",
        "name": "Andrăşeşti Hm.",
        "operator_count": 1,
        "operators": [
          "CFR Călători"
        ]
      },
      "type": "Feature"
    },
    {
      "geometry": {
        "coordinates": [
          27.196191,
          44.580554
        ],
        "type": "Point"
      },
      "properties": {
        "calls": 8,
        "id": "71786",
        "name": "Fundata h.",
        "operator_count": 1,
        "operators": [
          "CFR Călători"
        ]
      },
      "type": "Feature"
    },
    {
      "geometry": {
        "coordinates": [
          27.25627,
          44.58124
        ],
        "type": "Point"
      },
      "properties": {
        "calls": 8,
        "id": "71798",
        "name": "Perieţi h,",
        "operator_count": 1,
        "operators": [
          "CFR Călători"
        ]
      },
      "type": "Feature"
    },
    {
      "geometry": {
        "coordinates": [
          27.648678,
          44.647055
        ],
        "type": "Point"
      },
      "properties": {
        "calls": 17,
        "id": "71889",
        "name": "Ţăndărei",
        "operator_count": 2,
        "operators": [
          "Transferoviar Calatori",
          "CFR Călători"
        ]
      },
      "type": "Feature"
    },
    {
      "geometry": {
        "coordinates": [
          26.867641,
          45.122021
        ],
        "type": "Point"
      },
      "properties": {
        "calls": 15,
        "id": "72120",
        "name": "Buzău Sud",
        "operator_count": 2,
        "operators": [
          "Ferotrafic - T.F.I. S.R.L.",
          "CFR Călători"
        ]
      },
      "type": "Feature"
    },
    {
      "geometry": {
        "coordinates": [
          26.90489,
          45.081364
        ],
        "type": "Point"
      },
      "properties": {
        "calls": 12,
        "id": "72144",
        "name": "Tăbărăşti h.",
        "operator_count": 1,
        "operators": [
          "CFR Călători"
        ]
      },
      "type": "Feature"
    },
    {
      "geometry": {
        "coordinates": [
          26.930698,
          45.069117
        ],
        "type": "Point"
      },
      "properties": {
        "calls": 13,
        "id": "72156",
        "name": "Tăbărăşti Sud h.",
        "operator_count": 1,
        "operators": [
          "CFR Călători"
        ]
      },
      "type": "Feature"
    },
    {
      "geometry": {
        "coordinates": [
          26.977245,
          45.055416
        ],
        "type": "Point"
      },
      "properties": {
        "calls": 12,
        "id": "72168",
        "name": "Bentu h.",
        "operator_count": 1,
        "operators": [
          "CFR Călători"
        ]
      },
      "type": "Feature"
    },
    {
      "geometry": {
        "coordinates": [
          27.022166,
          45.043713
        ],
        "type": "Point"
      },
      "properties": {
        "calls": 14,
        "id": "72170",
        "name": "Cilibia Hm.",
        "operator_count": 1,
        "operators": [
          "CFR Călători"
        ]
      },
      "type": "Feature"
    },
    {
      "geometry": {
        "coordinates": [
          27.073438,
          45.043767
        ],
        "type": "Point"
      },
      "properties": {
        "calls": 13,
        "id": "72182",
        "name": "Movila Oii h.",
        "operator_count": 1,
        "operators": [
          "CFR Călători"
        ]
      },
      "type": "Feature"
    },
    {
      "geometry": {
        "coordinates": [
          27.15061,
          45.05889
        ],
        "type": "Point"
      },
      "properties": {
        "calls": 14,
        "id": "72209",
        "name": "C.A.Rosetti Hm.",
        "operator_count": 1,
        "operators": [
          "CFR Călători"
        ]
      },
      "type": "Feature"
    },
    {
      "geometry": {
        "coordinates": [
          27.192106,
          45.066898
        ],
        "type": "Point"
      },
      "properties": {
        "calls": 13,
        "id": "72223",
        "name": "Vizireni h.",
        "operator_count": 1,
        "operators": [
          "CFR Călători"
        ]
      },
      "type": "Feature"
    },
    {
      "geometry": {
        "coordinates": [
          27.246553,
          45.077299
        ],
        "type": "Point"
      },
      "properties": {
        "calls": 8,
        "id": "72235",
        "name": "CTF Făurei h.",
        "operator_count": 1,
        "operators": [
          "CFR Călători"
        ]
      },
      "type": "Feature"
    },
    {
      "geometry": {
        "coordinates": [
          27.369964,
          44.970776
        ],
        "type": "Point"
      },
      "properties": {
        "calls": 5,
        "id": "72261",
        "name": "Cireşu Hm.",
        "operator_count": 1,
        "operators": [
          "CFR Călători"
        ]
      },
      "type": "Feature"
    },
    {
      "geometry": {
        "coordinates": [
          27.394735,
          44.940071
        ],
        "type": "Point"
      },
      "properties": {
        "calls": 5,
        "id": "72273",
        "name": "Scărlăteşti h.",
        "operator_count": 1,
        "operators": [
          "CFR Călători"
        ]
      },
      "type": "Feature"
    },
    {
      "geometry": {
        "coordinates": [
          27.436741,
          44.888187
        ],
        "type": "Point"
      },
      "properties": {
        "calls": 5,
        "id": "72297",
        "name": "Dudeşti Hm.",
        "operator_count": 1,
        "operators": [
          "CFR Călători"
        ]
      },
      "type": "Feature"
    },
    {
      "geometry": {
        "coordinates": [
          27.51205,
          44.815008
        ],
        "type": "Point"
      },
      "properties": {
        "calls": 9,
        "id": "72314",
        "name": "Spicu",
        "operator_count": 1,
        "operators": [
          "CFR Călători"
        ]
      },
      "type": "Feature"
    },
    {
      "geometry": {
        "coordinates": [
          27.574157,
          44.742078
        ],
        "type": "Point"
      },
      "properties": {
        "calls": 5,
        "id": "72338",
        "name": "Murgeanca Hm.",
        "operator_count": 1,
        "operators": [
          "CFR Călători"
        ]
      },
      "type": "Feature"
    },
    {
      "geometry": {
        "coordinates": [
          26.074086,
          44.485369
        ],
        "type": "Point"
      },
      "properties": {
        "calls": 38,
        "id": "80036",
        "name": "Bucureşti Băneasa Hm.",
        "operator_count": 3,
        "operators": [
          "Regio Călători",
          "Transferoviar Calatori",
          "CFR Călători"
        ]
      },
      "type": "Feature"
    },
    {
      "geometry": {
        "coordinates": [
          26.136806,
          44.450836
        ],
        "type": "Point"
      },
      "properties": {
        "calls": 10,
        "id": "80074",
        "name": "Bucureşti Obor Hm.",
        "operator_count": 1,
        "operators": [
          "CFR Călători"
        ]
      },
      "type": "Feature"
    },
    {
      "geometry": {
        "coordinates": [
          26.179175,
          44.477902
        ],
        "type": "Point"
      },
      "properties": {
        "calls": 8,
        "id": "80098",
        "name": "Pantelimon Sud h.",
        "operator_count": 1,
        "operators": [
          "CFR Călători"
        ]
      },
      "type": "Feature"
    },
    {
      "geometry": {
        "coordinates": [
          26.191805,
          44.478291
        ],
        "type": "Point"
      },
      "properties": {
        "calls": 25,
        "id": "80103",
        "name": "Pantelimon",
        "operator_count": 2,
        "operators": [
          "Transferoviar Calatori",
          "CFR Călători"
        ]
      },
      "type": "Feature"
    },
    {
      "geometry": {
        "coordinates": [
          26.177457,
          44.47705
        ],
        "type": "Point"
      },
      "properties": {
        "calls": 2,
        "id": "80115",
        "name": "Pantelimon Vest P.O.",
        "operator_count": 1,
        "operators": [
          "CFR Călători"
        ]
      },
      "type": "Feature"
    },
    {
      "geometry": {
        "coordinates": [
          26.265474,
          44.468761
        ],
        "type": "Point"
      },
      "properties": {
        "calls": 15,
        "id": "80139",
        "name": "Pasărea Hm.",
        "operator_count": 2,
        "operators": [
          "Transferoviar Calatori",
          "CFR Călători"
        ]
      },
      "type": "Feature"
    },
    {
      "geometry": {
        "coordinates": [
          26.35803,
          44.458548
        ],
        "type": "Point"
      },
      "properties": {
        "calls": 15,
        "id": "80153",
        "name": "Brăneşti Hm.",
        "operator_count": 2,
        "operators": [
          "Transferoviar Calatori",
          "CFR Călători"
        ]
      },
      "type": "Feature"
    },
    {
      "geometry": {
        "coordinates": [
          26.314993,
          44.461507
        ],
        "type": "Point"
      },
      "properties": {
        "calls": 25,
        "id": "80165",
        "name": "Brăneşti Sat h.",
        "operator_count": 2,
        "operators": [
          "Transferoviar Calatori",
          "CFR Călători"
        ]
      },
      "type": "Feature"
    },
    {
      "geometry": {
        "coordinates": [
          26.50886,
          44.451931
        ],
        "type": "Point"
      },
      "properties": {
        "calls": 26,
        "id": "80177",
        "name": "Fundulea Hm.",
        "operator_count": 2,
        "operators": [
          "Transferoviar Calatori",
          "CFR Călători"
        ]
      },
      "type": "Feature"
    },
    {
      "geometry": {
        "coordinates": [
          26.38259,
          44.457682
        ],
        "type": "Point"
      },
      "properties": {
        "calls": 15,
        "id": "80189",
        "name": "Islaz h.",
        "operator_count": 2,
        "operators": [
          "Transferoviar Calatori",
          "CFR Călători"
        ]
      },
      "type": "Feature"
    },
    {
      "geometry": {
        "coordinates": [
          26.582602,
          44.447598
        ],
        "type": "Point"
      },
      "properties": {
        "calls": 15,
        "id": "80191",
        "name": "Mostiştea h.",
        "operator_count": 2,
        "operators": [
          "Transferoviar Calatori",
          "CFR Călători"
        ]
      },
      "type": "Feature"
    },
    {
      "geometry": {
        "coordinates": [
          26.656178,
          44.445289
        ],
        "type": "Point"
      },
      "properties": {
        "calls": 17,
        "id": "80218",
        "name": "Săruleşti",
        "operator_count": 3,
        "operators": [
          "Regio Călători",
          "Transferoviar Calatori",
          "CFR Călători"
        ]
      },
      "type": "Feature"
    },
    {
      "geometry": {
        "coordinates": [
          26.748473,
          44.445613
        ],
        "type": "Point"
      },
      "properties": {
        "calls": 15,
        "id": "80232",
        "name": "Preasna h.",
        "operator_count": 2,
        "operators": [
          "Transferoviar Calatori",
          "CFR Călători"
        ]
      },
      "type": "Feature"
    },
    {
      "geometry": {
        "coordinates": [
          26.858573,
          44.438449
        ],
        "type": "Point"
      },
      "properties": {
        "calls": 25,
        "id": "80256",
        "name": "Lehliu",
        "operator_count": 3,
        "operators": [
          "Regio Călători",
          "Transferoviar Calatori",
          "CFR Călători"
        ]
      },
      "type": "Feature"
    },
    {
      "geometry": {
        "coordinates": [
          26.923667,
          44.435916
        ],
        "type": "Point"
      },
      "properties": {
        "calls": 15,
        "id": "80268",
        "name": "Dor Mărunt Sat h.",
        "operator_count": 2,
        "operators": [
          "Transferoviar Calatori",
          "CFR Călători"
        ]
      },
      "type": "Feature"
    },
    {
      "geometry": {
        "coordinates": [
          26.957693,
          44.435357
        ],
        "type": "Point"
      },
      "properties": {
        "calls": 15,
        "id": "80270",
        "name": "Dor Mărunt Hm.",
        "operator_count": 2,
        "operators": [
          "Transferoviar Calatori",
          "CFR Călători"
        ]
      },
      "type": "Feature"
    },
    {
      "geometry": {
        "coordinates": [
          27.045413,
          44.433411
        ],
        "type": "Point"
      },
      "properties": {
        "calls": 15,
        "id": "80294",
        "name": "Dâlga h.",
        "operator_count": 2,
        "operators": [
          "Transferoviar Calatori",
          "CFR Călători"
        ]
      },
      "type": "Feature"
    },
    {
      "geometry": {
        "coordinates": [
          27.125195,
          44.431997
        ],
        "type": "Point"
      },
      "properties": {
        "calls": 15,
        "id": "80309",
        "name": "Bogdana h.",
        "operator_count": 2,
        "operators": [
          "Transferoviar Calatori",
          "CFR Călători"
        ]
      },
      "type": "Feature"
    },
    {
      "geometry": {
        "coordinates": [
          27.186361,
          44.431321
        ],
        "type": "Point"
      },
      "properties": {
        "calls": 15,
        "id": "80323",
        "name": "Dragoş Vodă Hm.",
        "operator_count": 2,
        "operators": [
          "Transferoviar Calatori",
          "CFR Călători"
        ]
      },
      "type": "Feature"
    },
    {
      "geometry": {
        "coordinates": [
          27.260442,
          44.430047
        ],
        "type": "Point"
      },
      "properties": {
        "calls": 6,
        "id": "80347",
        "name": "Ivăneşti h,",
        "operator_count": 1,
        "operators": [
          "CFR Călători"
        ]
      },
      "type": "Feature"
    },
    {
      "geometry": {
        "coordinates": [
          27.350585,
          44.427815
        ],
        "type": "Point"
      },
      "properties": {
        "calls": 86,
        "id": "80361",
        "name": "Ciulniţa",
        "operator_count": 4,
        "operators": [
          "Regio Călători",
          "Transferoviar Calatori",
          "Ferotrafic - T.F.I. S.R.L.",
          "CFR Călători"
        ]
      },
      "type": "Feature"
    },
    {
      "geometry": {
        "coordinates": [
          27.464488,
          44.425514
        ],
        "type": "Point"
      },
      "properties": {
        "calls": 20,
        "id": "80397",
        "name": "Ogoarele h",
        "operator_count": 2,
        "operators": [
          "Transferoviar Calatori",
          "CFR Călători"
        ]
      },
      "type": "Feature"
    },
    {
      "geometry": {
        "coordinates": [
          27.505274,
          44.424614
        ],
        "type": "Point"
      },
      "properties": {
        "calls": 16,
        "id": "80402",
        "name": "Perişoru Hm.",
        "operator_count": 1,
        "operators": [
          "CFR Călători"
        ]
      },
      "type": "Feature"
    },
    {
      "geometry": {
        "coordinates": [
          27.536731,
          44.424099
        ],
        "type": "Point"
      },
      "properties": {
        "calls": 20,
        "id": "80414",
        "name": "Recolta h.",
        "operator_count": 2,
        "operators": [
          "Transferoviar Calatori",
          "CFR Călători"
        ]
      },
      "type": "Feature"
    },
    {
      "geometry": {
        "coordinates": [
          27.583666,
          44.423383
        ],
        "type": "Point"
      },
      "properties": {
        "calls": 17,
        "id": "80426",
        "name": "Jegălia Hm.",
        "operator_count": 2,
        "operators": [
          "Transferoviar Calatori",
          "CFR Călători"
        ]
      },
      "type": "Feature"
    },
    {
      "geometry": {
        "coordinates": [
          27.638484,
          44.421715
        ],
        "type": "Point"
      },
      "properties": {
        "calls": 22,
        "id": "80438",
        "name": "Ştefan cel Mare h.",
        "operator_count": 3,
        "operators": [
          "Regio Călători",
          "Transferoviar Calatori",
          "CFR Călători"
        ]
      },
      "type": "Feature"
    },
    {
      "geometry": {
        "coordinates": [
          27.697846,
          44.420579
        ],
        "type": "Point"
      },
      "properties": {
        "calls": 16,
        "id": "80440",
        "name": "Bărăganu Hm.",
        "operator_count": 1,
        "operators": [
          "CFR Călători"
        ]
      },
      "type": "Feature"
    },
    {
      "geometry": {
        "coordinates": [
          27.821569,
          44.417357
        ],
        "type": "Point"
      },
      "properties": {
        "calls": 108,
        "id": "80505",
        "name": "Feteşti",
        "operator_count": 5,
        "operators": [
          "Regio Călători",
          "Transferoviar Calatori",
          "Softrans",
          "Ferotrafic - T.F.I. S.R.L.",
          "CFR Călători"
        ]
      },
      "type": "Feature"
    },
    {
      "geometry": {
        "coordinates": [
          27.844697,
          44.386796
        ],
        "type": "Point"
      },
      "properties": {
        "calls": 18,
        "id": "80543",
        "name": "Ramificaţia Borcea Hm.",
        "operator_count": 1,
        "operators": [
          "CFR Călători"
        ]
      },
      "type": "Feature"
    },
    {
      "geometry": {
        "coordinates": [
          27.879194,
          44.37463
        ],
        "type": "Point"
      },
      "properties": {
        "calls": 12,
        "id": "80555",
        "name": "Ovidiu Hm.",
        "operator_count": 1,
        "operators": [
          "CFR Călători"
        ]
      },
      "type": "Feature"
    },
    {
      "geometry": {
        "coordinates": [
          27.969174,
          44.352287
        ],
        "type": "Point"
      },
      "properties": {
        "calls": 12,
        "id": "80579",
        "name": "Dunărea Hm.",
        "operator_count": 1,
        "operators": [
          "CFR Călători"
        ]
      },
      "type": "Feature"
    },
    {
      "geometry": {
        "coordinates": [
          28.02429,
          44.338998
        ],
        "type": "Point"
      },
      "properties": {
        "calls": 68,
        "id": "80581",
        "name": "Cernavodă Pod",
        "operator_count": 2,
        "operators": [
          "Regio Călători",
          "CFR Călători"
        ]
      },
      "type": "Feature"
    },
    {
      "geometry": {
        "coordinates": [
          28.066506,
          44.300971
        ],
        "type": "Point"
      },
      "properties": {
        "calls": 18,
        "id": "80610",
        "name": "Saligny Hm.",
        "operator_count": 1,
        "operators": [
          "CFR Călători"
        ]
      },
      "type": "Feature"
    },
    {
      "geometry": {
        "coordinates": [
          28.143967,
          44.266663
        ],
        "type": "Point"
      },
      "properties": {
        "calls": 18,
        "id": "80634",
        "name": "Mircea Vodă Hm.",
        "operator_count": 1,
        "operators": [
          "CFR Călători"
        ]
      },
      "type": "Feature"
    },
    {
      "geometry": {
        "coordinates": [
          28.273859,
          44.251791
        ],
        "type": "Point"
      },
      "properties": {
        "calls": 97,
        "id": "80684",
        "name": "Medgidia",
        "operator_count": 5,
        "operators": [
          "Regio Călători",
          "Transferoviar Calatori",
          "Softrans",
          "Ferotrafic - T.F.I. S.R.L.",
          "CFR Călători"
        ]
      },
      "type": "Feature"
    },
    {
      "geometry": {
        "coordinates": [
          28.335672,
          44.251495
        ],
        "type": "Point"
      },
      "properties": {
        "calls": 18,
        "id": "80737",
        "name": "Castelu h.",
        "operator_count": 1,
        "operators": [
          "CFR Călători"
        ]
      },
      "type": "Feature"
    },
    {
      "geometry": {
        "coordinates": [
          28.367805,
          44.238796
        ],
        "type": "Point"
      },
      "properties": {
        "calls": 23,
        "id": "80749",
        "name": "Dorobanţu Hm.",
        "operator_count": 1,
        "operators": [
          "CFR Călători"
        ]
      },
      "type": "Feature"
    },
    {
      "geometry": {
        "coordinates": [
          28.391017,
          44.205631
        ],
        "type": "Point"
      },
      "properties": {
        "calls": 23,
        "id": "80751",
        "name": "Poarta Albă h.",
        "operator_count": 1,
        "operators": [
          "CFR Călători"
        ]
      },
      "type": "Feature"
    },
    {
      "geometry": {
        "coordinates": [
          28.417838,
          44.171739
        ],
        "type": "Point"
      },
      "properties": {
        "calls": 23,
        "id": "80763",
        "name": "Basarabi",
        "operator_count": 1,
        "operators": [
          "CFR Călători"
        ]
      },
      "type": "Feature"
    },
    {
      "geometry": {
        "coordinates": [
          28.507925,
          44.163316
        ],
        "type": "Point"
      },
      "properties": {
        "calls": 22,
        "id": "80775",
        "name": "Valul lui Traian Hm.",
        "operator_count": 1,
        "operators": [
          "CFR Călători"
        ]
      },
      "type": "Feature"
    },
    {
      "geometry": {
        "coordinates": [
          28.454263,
          44.166006
        ],
        "type": "Point"
      },
      "properties": {
        "calls": 23,
        "id": "80787",
        "name": "Murfatlar h.",
        "operator_count": 1,
        "operators": [
          "CFR Călători"
        ]
      },
      "type": "Feature"
    },
    {
      "geometry": {
        "coordinates": [
          28.58387,
          44.164967
        ],
        "type": "Point"
      },
      "properties": {
        "calls": 25,
        "id": "80830",
        "name": "Palas",
        "operator_count": 1,
        "operators": [
          "CFR Călători"
        ]
      },
      "type": "Feature"
    },
    {
      "geometry": {
        "coordinates": [
          28.631479,
          44.168619
        ],
        "type": "Point"
      },
      "properties": {
        "calls": 168,
        "id": "80892",
        "name": "Constanţa",
        "operator_count": 6,
        "operators": [
          "Regio Călători",
          "Transferoviar Calatori",
          "Softrans",
          "Astra Trans Carpatic",
          "Ferotrafic - T.F.I. S.R.L.",
          "CFR Călători"
        ]
      },
      "type": "Feature"
    },
    {
      "geometry": {
        "coordinates": [
          28.634615,
          44.124973
        ],
        "type": "Point"
      },
      "properties": {
        "calls": 11,
        "id": "81016",
        "name": "Agigea Nord",
        "operator_count": 1,
        "operators": [
          "CFR Călători"
        ]
      },
      "type": "Feature"
    },
    {
      "geometry": {
        "coordinates": [
          28.624593,
          44.087453
        ],
        "type": "Point"
      },
      "properties": {
        "calls": 46,
        "id": "81054",
        "name": "Agigea Ecluză Hm.",
        "operator_count": 2,
        "operators": [
          "Transferoviar Calatori",
          "CFR Călători"
        ]
      },
      "type": "Feature"
    },
    {
      "geometry": {
        "coordinates": [
          28.631573,
          44.057928
        ],
        "type": "Point"
      },
      "properties": {
        "calls": 71,
        "id": "81066",
        "name": "Eforie Nord Hm.",
        "operator_count": 5,
        "operators": [
          "Regio Călători",
          "Transferoviar Calatori",
          "Astra Trans Carpatic",
          "Ferotrafic - T.F.I. S.R.L.",
          "CFR Călători"
        ]
      },
      "type": "Feature"
    },
    {
      "geometry": {
        "coordinates": [
          28.645105,
          44.033692
        ],
        "type": "Point"
      },
      "properties": {
        "calls": 71,
        "id": "81080",
        "name": "Eforie Sud Hm.",
        "operator_count": 5,
        "operators": [
          "Regio Călători",
          "Transferoviar Calatori",
          "Astra Trans Carpatic",
          "Ferotrafic - T.F.I. S.R.L.",
          "CFR Călători"
        ]
      },
      "type": "Feature"
    },
    {
      "geometry": {
        "coordinates": [
          28.631821,
          43.942706
        ],
        "type": "Point"
      },
      "properties": {
        "calls": 71,
        "id": "81092",
        "name": "Costineşti Tabără hc.",
        "operator_count": 5,
        "operators": [
          "Regio Călători",
          "Transferoviar Calatori",
          "Astra Trans Carpatic",
          "Ferotrafic - T.F.I. S.R.L.",
          "CFR Călători"
        ]
      },
      "type": "Feature"
    },
    {
      "geometry": {
        "coordinates": [
          28.642906,
          44.008246
        ],
        "type": "Point"
      },
      "properties": {
        "calls": 55,
        "id": "81107",
        "name": "Tuzla h.",
        "operator_count": 2,
        "operators": [
          "Transferoviar Calatori",
          "CFR Călători"
        ]
      },
      "type": "Feature"
    },
    {
      "geometry": {
        "coordinates": [
          28.636386,
          43.959612
        ],
        "type": "Point"
      },
      "properties": {
        "calls": 70,
        "id": "81119",
        "name": "Costineşti Hm.",
        "operator_count": 5,
        "operators": [
          "Regio Călători",
          "Transferoviar Calatori",
          "Astra Trans Carpatic",
          "Ferotrafic - T.F.I. S.R.L.",
          "CFR Călători"
        ]
      },
      "type": "Feature"
    },
    {
      "geometry": {
        "coordinates": [
          28.618669,
          43.903722
        ],
        "type": "Point"
      },
      "properties": {
        "calls": 6,
        "id": "81121",
        "name": "Pescăruş h.",
        "operator_count": 1,
        "operators": [
          "CFR Călători"
        ]
      },
      "type": "Feature"
    },
    {
      "geometry": {
        "coordinates": [
          28.604829,
          43.886026
        ],
        "type": "Point"
      },
      "properties": {
        "calls": 71,
        "id": "81133",
        "name": "Neptun hc.",
        "operator_count": 5,
        "operators": [
          "Regio Călători",
          "Transferoviar Calatori",
          "Astra Trans Carpatic",
          "Ferotrafic - T.F.I. S.R.L.",
          "CFR Călători"
        ]
      },
      "type": "Feature"
    },
    {
      "geometry": {
        "coordinates": [
          28.578587,
          43.860145
        ],
        "type": "Point"
      },
      "properties": {
        "calls": 34,
        "id": "81171",
        "name": "Neptun Hm.",
        "operator_count": 3,
        "operators": [
          "Transferoviar Calatori",
          "Ferotrafic - T.F.I. S.R.L.",
          "CFR Călători"
        ]
      },
      "type": "Feature"
    },
    {
      "geometry": {
        "coordinates": [
          28.581712,
          43.822473
        ],
        "type": "Point"
      },
      "properties": {
        "calls": 71,
        "id": "81183",
        "name": "Mangalia",
        "operator_count": 5,
        "operators": [
          "Regio Călători",
          "Transferoviar Calatori",
          "Astra Trans Carpatic",
          "Ferotrafic - T.F.I. S.R.L.",
          "CFR Călători"
        ]
      },
      "type": "Feature"
    },
    {
      "geometry": {
        "coordinates": [
          26.563601,
          44.225235
        ],
        "type": "Point"
      },
      "properties": {
        "calls": 23,
        "id": "81640",
        "name": "Luica h.",
        "operator_count": 1,
        "operators": [
          "Transferoviar Calatori"
        ]
      },
      "type": "Feature"
    },
    {
      "geometry": {
        "coordinates": [
          26.225215,
          44.425438
        ],
        "type": "Point"
      },
      "properties": {
        "calls": 23,
        "id": "81664",
        "name": "Titan Sud Hm.",
        "operator_count": 1,
        "operators": [
          "Transferoviar Calatori"
        ]
      },
      "type": "Feature"
    },
    {
      "geometry": {
        "coordinates": [
          26.238143,
          44.422155
        ],
        "type": "Point"
      },
      "properties": {
        "calls": 23,
        "id": "81690",
        "name": "Buc. Sud Gr. Călători",
        "operator_count": 1,
        "operators": [
          "Transferoviar Calatori"
        ]
      },
      "type": "Feature"
    },
    {
      "geometry": {
        "coordinates": [
          26.376909,
          44.346144
        ],
        "type": "Point"
      },
      "properties": {
        "calls": 23,
        "id": "81717",
        "name": "Podu Pitarului h.",
        "operator_count": 1,
        "operators": [
          "Transferoviar Calatori"
        ]
      },
      "type": "Feature"
    },
    {
      "geometry": {
        "coordinates": [
          26.298609,
          44.401071
        ],
        "type": "Point"
      },
      "properties": {
        "calls": 23,
        "id": "81729",
        "name": "Cernica h.",
        "operator_count": 1,
        "operators": [
          "Transferoviar Calatori"
        ]
      },
      "type": "Feature"
    },
    {
      "geometry": {
        "coordinates": [
          26.320834,
          44.393759
        ],
        "type": "Point"
      },
      "properties": {
        "calls": 23,
        "id": "81731",
        "name": "Tânganu h.",
        "operator_count": 1,
        "operators": [
          "Transferoviar Calatori"
        ]
      },
      "type": "Feature"
    },
    {
      "geometry": {
        "coordinates": [
          26.343292,
          44.378896
        ],
        "type": "Point"
      },
      "properties": {
        "calls": 23,
        "id": "81743",
        "name": "Frunzăneşti h.",
        "operator_count": 1,
        "operators": [
          "Transferoviar Calatori"
        ]
      },
      "type": "Feature"
    },
    {
      "geometry": {
        "coordinates": [
          26.371007,
          44.355807
        ],
        "type": "Point"
      },
      "properties": {
        "calls": 23,
        "id": "81755",
        "name": "Plătăreşti h.",
        "operator_count": 1,
        "operators": [
          "Transferoviar Calatori"
        ]
      },
      "type": "Feature"
    },
    {
      "geometry": {
        "coordinates": [
          26.387776,
          44.330803
        ],
        "type": "Point"
      },
      "properties": {
        "calls": 23,
        "id": "81767",
        "name": "Cucuieţi Sudiţi h.",
        "operator_count": 1,
        "operators": [
          "Transferoviar Calatori"
        ]
      },
      "type": "Feature"
    },
    {
      "geometry": {
        "coordinates": [
          26.413943,
          44.312233
        ],
        "type": "Point"
      },
      "properties": {
        "calls": 23,
        "id": "81779",
        "name": "Gălbinaşi h.",
        "operator_count": 1,
        "operators": [
          "Transferoviar Calatori"
        ]
      },
      "type": "Feature"
    },
    {
      "geometry": {
        "coordinates": [
          26.442914,
          44.285603
        ],
        "type": "Point"
      },
      "properties": {
        "calls": 23,
        "id": "81781",
        "name": "Vasilaţi h.",
        "operator_count": 1,
        "operators": [
          "Transferoviar Calatori"
        ]
      },
      "type": "Feature"
    },
    {
      "geometry": {
        "coordinates": [
          26.466616,
          44.238827
        ],
        "type": "Point"
      },
      "properties": {
        "calls": 23,
        "id": "81793",
        "name": "Budeşti Hm.",
        "operator_count": 1,
        "operators": [
          "Transferoviar Calatori"
        ]
      },
      "type": "Feature"
    },
    {
      "geometry": {
        "coordinates": [
          26.516837,
          44.232824
        ],
        "type": "Point"
      },
      "properties": {
        "calls": 23,
        "id": "81808",
        "name": "Şoldanu h.",
        "operator_count": 1,
        "operators": [
          "Transferoviar Calatori"
        ]
      },
      "type": "Feature"
    },
    {
      "geometry": {
        "coordinates": [
          26.592612,
          44.207322
        ],
        "type": "Point"
      },
      "properties": {
        "calls": 23,
        "id": "81810",
        "name": "Curcani h.",
        "operator_count": 1,
        "operators": [
          "Transferoviar Calatori"
        ]
      },
      "type": "Feature"
    },
    {
      "geometry": {
        "coordinates": [
          26.615405,
          44.169752
        ],
        "type": "Point"
      },
      "properties": {
        "calls": 23,
        "id": "81822",
        "name": "Valea Roşie h.",
        "operator_count": 1,
        "operators": [
          "Transferoviar Calatori"
        ]
      },
      "type": "Feature"
    },
    {
      "geometry": {
        "coordinates": [
          26.644972,
          44.085403
        ],
        "type": "Point"
      },
      "properties": {
        "calls": 23,
        "id": "81846",
        "name": "Olteniţa",
        "operator_count": 1,
        "operators": [
          "Transferoviar Calatori"
        ]
      },
      "type": "Feature"
    },
    {
      "geometry": {
        "coordinates": [
          26.276116,
          44.405253
        ],
        "type": "Point"
      },
      "properties": {
        "calls": 23,
        "id": "82060",
        "name": "Căldăraru h.",
        "operator_count": 1,
        "operators": [
          "Transferoviar Calatori"
        ]
      },
      "type": "Feature"
    },
    {
      "geometry": {
        "coordinates": [
          27.34829,
          44.567929
        ],
        "type": "Point"
      },
      "properties": {
        "calls": 17,
        "id": "82072",
        "name": "Slobozia Veche",
        "operator_count": 1,
        "operators": [
          "CFR Călători"
        ]
      },
      "type": "Feature"
    },
    {
      "geometry": {
        "coordinates": [
          26.501523,
          44.233539
        ],
        "type": "Point"
      },
      "properties": {
        "calls": 23,
        "id": "82084",
        "name": "Negoieşti h.",
        "operator_count": 1,
        "operators": [
          "Transferoviar Calatori"
        ]
      },
      "type": "Feature"
    },
    {
      "geometry": {
        "coordinates": [
          27.371306,
          44.524716
        ],
        "type": "Point"
      },
      "properties": {
        "calls": 10,
        "id": "82101",
        "name": "Slobozia Sud Hm.",
        "operator_count": 1,
        "operators": [
          "CFR Călători"
        ]
      },
      "type": "Feature"
    },
    {
      "geometry": {
        "coordinates": [
          27.368486,
          44.480244
        ],
        "type": "Point"
      },
      "properties": {
        "calls": 2,
        "id": "82125",
        "name": "Brâncoveni h.",
        "operator_count": 1,
        "operators": [
          "CFR Călători"
        ]
      },
      "type": "Feature"
    },
    {
      "geometry": {
        "coordinates": [
          27.328265,
          44.32611
        ],
        "type": "Point"
      },
      "properties": {
        "calls": 12,
        "id": "82163",
        "name": "Ştefan Vodă h.",
        "operator_count": 1,
        "operators": [
          "CFR Călători"
        ]
      },
      "type": "Feature"
    },
    {
      "geometry": {
        "coordinates": [
          27.324083,
          44.260575
        ],
        "type": "Point"
      },
      "properties": {
        "calls": 12,
        "id": "82175",
        "name": "Călăraşi Nord Hm.",
        "operator_count": 1,
        "operators": [
          "CFR Călători"
        ]
      },
      "type": "Feature"
    },
    {
      "geometry": {
        "coordinates": [
          27.323716,
          44.205386
        ],
        "type": "Point"
      },
      "properties": {
        "calls": 7,
        "id": "82199",
        "name": "Km. 25+700 h,",
        "operator_count": 1,
        "operators": [
          "CFR Călători"
        ]
      },
      "type": "Feature"
    },
    {
      "geometry": {
        "coordinates": [
          27.33366,
          44.200571
        ],
        "type": "Point"
      },
      "properties": {
        "calls": 12,
        "id": "82204",
        "name": "Călăraşi Sud",
        "operator_count": 1,
        "operators": [
          "CFR Călători"
        ]
      },
      "type": "Feature"
    },
    {
      "geometry": {
        "coordinates": [
          27.676783,
          44.59822
        ],
        "type": "Point"
      },
      "properties": {
        "calls": 9,
        "id": "82321",
        "name": "Platoneşti h.",
        "operator_count": 1,
        "operators": [
          "CFR Călători"
        ]
      },
      "type": "Feature"
    },
    {
      "geometry": {
        "coordinates": [
          27.7179,
          44.539846
        ],
        "type": "Point"
      },
      "properties": {
        "calls": 11,
        "id": "82345",
        "name": "Movila Hm.",
        "operator_count": 1,
        "operators": [
          "CFR Călători"
        ]
      },
      "type": "Feature"
    },
    {
      "geometry": {
        "coordinates": [
          28.380398,
          44.376975
        ],
        "type": "Point"
      },
      "properties": {
        "calls": 8,
        "id": "82852",
        "name": "Nicolae Bălcescu Hm.",
        "operator_count": 1,
        "operators": [
          "CFR Călători"
        ]
      },
      "type": "Feature"
    },
    {
      "geometry": {
        "coordinates": [
          28.439987,
          44.464731
        ],
        "type": "Point"
      },
      "properties": {
        "calls": 8,
        "id": "82890",
        "name": "Târguşor Dobrogea Hm.",
        "operator_count": 1,
        "operators": [
          "CFR Călători"
        ]
      },
      "type": "Feature"
    },
    {
      "geometry": {
        "coordinates": [
          28.56582,
          44.570974
        ],
        "type": "Point"
      },
      "properties": {
        "calls": 8,
        "id": "82955",
        "name": "Cogealac Hm.",
        "operator_count": 1,
        "operators": [
          "CFR Călători"
        ]
      },
      "type": "Feature"
    },
    {
      "geometry": {
        "coordinates": [
          28.67919,
          44.650964
        ],
        "type": "Point"
      },
      "properties": {
        "calls": 8,
        "id": "82993",
        "name": "Mihai Viteazu Hm.",
        "operator_count": 1,
        "operators": [
          "CFR Călători"
        ]
      },
      "type": "Feature"
    },
    {
      "geometry": {
        "coordinates": [
          28.683705,
          44.728446
        ],
        "type": "Point"
      },
      "properties": {
        "calls": 8,
        "id": "83026",
        "name": "Baia Dobrogea Hm.",
        "operator_count": 1,
        "operators": [
          "CFR Călători"
        ]
      },
      "type": "Feature"
    },
    {
      "geometry": {
        "coordinates": [
          28.721907,
          44.76567
        ],
        "type": "Point"
      },
      "properties": {
        "calls": 8,
        "id": "83040",
        "name": "Ceamurlia de Jos h.",
        "operator_count": 1,
        "operators": [
          "CFR Călători"
        ]
      },
      "type": "Feature"
    },
    {
      "geometry": {
        "coordinates": [
          28.706493,
          44.892505
        ],
        "type": "Point"
      },
      "properties": {
        "calls": 8,
        "id": "83090",
        "name": "Babadag",
        "operator_count": 1,
        "operators": [
          "CFR Călători"
        ]
      },
      "type": "Feature"
    },
    {
      "geometry": {
        "coordinates": [
          28.719482,
          44.964891
        ],
        "type": "Point"
      },
      "properties": {
        "calls": 8,
        "id": "83129",
        "name": "Zebil h.",
        "operator_count": 1,
        "operators": [
          "CFR Călători"
        ]
      },
      "type": "Feature"
    },
    {
      "geometry": {
        "coordinates": [
          28.746387,
          45.038213
        ],
        "type": "Point"
      },
      "properties": {
        "calls": 8,
        "id": "83143",
        "name": "Mihail Kogălniceanu h.",
        "operator_count": 1,
        "operators": [
          "CFR Călători"
        ]
      },
      "type": "Feature"
    },
    {
      "geometry": {
        "coordinates": [
          28.749773,
          45.105169
        ],
        "type": "Point"
      },
      "properties": {
        "calls": 8,
        "id": "83167",
        "name": "Cataloi Hm.",
        "operator_count": 1,
        "operators": [
          "CFR Călători"
        ]
      },
      "type": "Feature"
    },
    {
      "geometry": {
        "coordinates": [
          28.766117,
          45.169057
        ],
        "type": "Point"
      },
      "properties": {
        "calls": 8,
        "id": "83193",
        "name": "Tulcea Mărfuri",
        "operator_count": 1,
        "operators": [
          "CFR Călători"
        ]
      },
      "type": "Feature"
    },
    {
      "geometry": {
        "coordinates": [
          28.790789,
          45.182399
        ],
        "type": "Point"
      },
      "properties": {
        "calls": 8,
        "id": "83222",
        "name": "Tulcea Oraş Hm.",
        "operator_count": 1,
        "operators": [
          "CFR Călători"
        ]
      },
      "type": "Feature"
    },
    {
      "geometry": {
        "coordinates": [
          28.44017,
          44.397547
        ],
        "type": "Point"
      },
      "properties": {
        "calls": 8,
        "id": "89733",
        "name": "Ram. M.K.P. Aj. M.",
        "operator_count": 1,
        "operators": [
          "CFR Călători"
        ]
      },
      "type": "Feature"
    }
  ],
  "type": "FeatureCollection"
}
